--
-- PostgreSQL database dump
--

-- Dumped from database version 16.3
-- Dumped by pg_dump version 16.3

SET statement_timeout = 0;
SET lock_timeout = 0;
SET idle_in_transaction_session_timeout = 0;
SET client_encoding = 'UTF8';
SET standard_conforming_strings = on;
SELECT pg_catalog.set_config('search_path', '', false);
SET check_function_bodies = false;
SET xmloption = content;
SET client_min_messages = warning;
SET row_security = off;

SET default_tablespace = '';

SET default_table_access_method = heap;

--
-- Name: auth_group; Type: TABLE; Schema: public; Owner: lesgrandsvoisins
--

CREATE TABLE public.auth_group (
    id integer NOT NULL,
    name character varying(150) NOT NULL
);


ALTER TABLE public.auth_group OWNER TO lesgrandsvoisins;

--
-- Name: auth_group_id_seq; Type: SEQUENCE; Schema: public; Owner: lesgrandsvoisins
--

ALTER TABLE public.auth_group ALTER COLUMN id ADD GENERATED BY DEFAULT AS IDENTITY (
    SEQUENCE NAME public.auth_group_id_seq
    START WITH 1
    INCREMENT BY 1
    NO MINVALUE
    NO MAXVALUE
    CACHE 1
);


--
-- Name: auth_group_permissions; Type: TABLE; Schema: public; Owner: lesgrandsvoisins
--

CREATE TABLE public.auth_group_permissions (
    id integer NOT NULL,
    group_id integer NOT NULL,
    permission_id integer NOT NULL
);


ALTER TABLE public.auth_group_permissions OWNER TO lesgrandsvoisins;

--
-- Name: auth_group_permissions_id_seq; Type: SEQUENCE; Schema: public; Owner: lesgrandsvoisins
--

ALTER TABLE public.auth_group_permissions ALTER COLUMN id ADD GENERATED BY DEFAULT AS IDENTITY (
    SEQUENCE NAME public.auth_group_permissions_id_seq
    START WITH 1
    INCREMENT BY 1
    NO MINVALUE
    NO MAXVALUE
    CACHE 1
);


--
-- Name: auth_permission; Type: TABLE; Schema: public; Owner: lesgrandsvoisins
--

CREATE TABLE public.auth_permission (
    id integer NOT NULL,
    name character varying(255) NOT NULL,
    content_type_id integer NOT NULL,
    codename character varying(100) NOT NULL
);


ALTER TABLE public.auth_permission OWNER TO lesgrandsvoisins;

--
-- Name: auth_permission_id_seq; Type: SEQUENCE; Schema: public; Owner: lesgrandsvoisins
--

ALTER TABLE public.auth_permission ALTER COLUMN id ADD GENERATED BY DEFAULT AS IDENTITY (
    SEQUENCE NAME public.auth_permission_id_seq
    START WITH 1
    INCREMENT BY 1
    NO MINVALUE
    NO MAXVALUE
    CACHE 1
);


--
-- Name: auth_user; Type: TABLE; Schema: public; Owner: lesgrandsvoisins
--

CREATE TABLE public.auth_user (
    id integer NOT NULL,
    password character varying(128) NOT NULL,
    last_login timestamp with time zone,
    is_superuser boolean NOT NULL,
    username character varying(150) NOT NULL,
    first_name character varying(150) NOT NULL,
    last_name character varying(150) NOT NULL,
    email character varying(254) NOT NULL,
    is_staff boolean NOT NULL,
    is_active boolean NOT NULL,
    date_joined timestamp with time zone NOT NULL
);


ALTER TABLE public.auth_user OWNER TO lesgrandsvoisins;

--
-- Name: auth_user_groups; Type: TABLE; Schema: public; Owner: lesgrandsvoisins
--

CREATE TABLE public.auth_user_groups (
    id integer NOT NULL,
    user_id integer NOT NULL,
    group_id integer NOT NULL
);


ALTER TABLE public.auth_user_groups OWNER TO lesgrandsvoisins;

--
-- Name: auth_user_groups_id_seq; Type: SEQUENCE; Schema: public; Owner: lesgrandsvoisins
--

ALTER TABLE public.auth_user_groups ALTER COLUMN id ADD GENERATED BY DEFAULT AS IDENTITY (
    SEQUENCE NAME public.auth_user_groups_id_seq
    START WITH 1
    INCREMENT BY 1
    NO MINVALUE
    NO MAXVALUE
    CACHE 1
);


--
-- Name: auth_user_id_seq; Type: SEQUENCE; Schema: public; Owner: lesgrandsvoisins
--

ALTER TABLE public.auth_user ALTER COLUMN id ADD GENERATED BY DEFAULT AS IDENTITY (
    SEQUENCE NAME public.auth_user_id_seq
    START WITH 1
    INCREMENT BY 1
    NO MINVALUE
    NO MAXVALUE
    CACHE 1
);


--
-- Name: auth_user_user_permissions; Type: TABLE; Schema: public; Owner: lesgrandsvoisins
--

CREATE TABLE public.auth_user_user_permissions (
    id integer NOT NULL,
    user_id integer NOT NULL,
    permission_id integer NOT NULL
);


ALTER TABLE public.auth_user_user_permissions OWNER TO lesgrandsvoisins;

--
-- Name: auth_user_user_permissions_id_seq; Type: SEQUENCE; Schema: public; Owner: lesgrandsvoisins
--

ALTER TABLE public.auth_user_user_permissions ALTER COLUMN id ADD GENERATED BY DEFAULT AS IDENTITY (
    SEQUENCE NAME public.auth_user_user_permissions_id_seq
    START WITH 1
    INCREMENT BY 1
    NO MINVALUE
    NO MAXVALUE
    CACHE 1
);


--
-- Name: django_admin_log; Type: TABLE; Schema: public; Owner: lesgrandsvoisins
--

CREATE TABLE public.django_admin_log (
    id integer NOT NULL,
    action_time timestamp with time zone NOT NULL,
    object_id text,
    object_repr character varying(200) NOT NULL,
    action_flag smallint NOT NULL,
    change_message text NOT NULL,
    content_type_id integer,
    user_id integer NOT NULL,
    CONSTRAINT django_admin_log_action_flag_check CHECK ((action_flag >= 0))
);


ALTER TABLE public.django_admin_log OWNER TO lesgrandsvoisins;

--
-- Name: django_admin_log_id_seq; Type: SEQUENCE; Schema: public; Owner: lesgrandsvoisins
--

ALTER TABLE public.django_admin_log ALTER COLUMN id ADD GENERATED BY DEFAULT AS IDENTITY (
    SEQUENCE NAME public.django_admin_log_id_seq
    START WITH 1
    INCREMENT BY 1
    NO MINVALUE
    NO MAXVALUE
    CACHE 1
);


--
-- Name: django_content_type; Type: TABLE; Schema: public; Owner: lesgrandsvoisins
--

CREATE TABLE public.django_content_type (
    id integer NOT NULL,
    app_label character varying(100) NOT NULL,
    model character varying(100) NOT NULL
);


ALTER TABLE public.django_content_type OWNER TO lesgrandsvoisins;

--
-- Name: django_content_type_id_seq; Type: SEQUENCE; Schema: public; Owner: lesgrandsvoisins
--

ALTER TABLE public.django_content_type ALTER COLUMN id ADD GENERATED BY DEFAULT AS IDENTITY (
    SEQUENCE NAME public.django_content_type_id_seq
    START WITH 1
    INCREMENT BY 1
    NO MINVALUE
    NO MAXVALUE
    CACHE 1
);


--
-- Name: django_migrations; Type: TABLE; Schema: public; Owner: lesgrandsvoisins
--

CREATE TABLE public.django_migrations (
    id integer NOT NULL,
    app character varying(255) NOT NULL,
    name character varying(255) NOT NULL,
    applied timestamp with time zone NOT NULL
);


ALTER TABLE public.django_migrations OWNER TO lesgrandsvoisins;

--
-- Name: django_migrations_id_seq; Type: SEQUENCE; Schema: public; Owner: lesgrandsvoisins
--

ALTER TABLE public.django_migrations ALTER COLUMN id ADD GENERATED BY DEFAULT AS IDENTITY (
    SEQUENCE NAME public.django_migrations_id_seq
    START WITH 1
    INCREMENT BY 1
    NO MINVALUE
    NO MAXVALUE
    CACHE 1
);


--
-- Name: django_session; Type: TABLE; Schema: public; Owner: lesgrandsvoisins
--

CREATE TABLE public.django_session (
    session_key character varying(40) NOT NULL,
    session_data text NOT NULL,
    expire_date timestamp with time zone NOT NULL
);


ALTER TABLE public.django_session OWNER TO lesgrandsvoisins;

--
-- Name: django_village_djangovillageconfig; Type: TABLE; Schema: public; Owner: lesgrandsvoisins
--

CREATE TABLE public.django_village_djangovillageconfig (
    id bigint NOT NULL,
    language character varying(7) NOT NULL,
    site_title character varying(200) NOT NULL,
    site_tagline character varying(200) NOT NULL,
    notice text NOT NULL,
    header_brand character varying(200) NOT NULL,
    header_brand_html character varying(200) NOT NULL,
    beta_tag boolean NOT NULL,
    footer_brand character varying(200) NOT NULL,
    footer_brand_html character varying(200) NOT NULL,
    footer_description text NOT NULL,
    newsletter_description text NOT NULL,
    newsletter_url character varying(200) NOT NULL,
    operator_logo_file character varying(100),
    operator_logo_alt character varying(200) NOT NULL,
    operator_logo_width numeric(3,1),
    mourning boolean NOT NULL,
    accessibility_status character varying(4) NOT NULL
);


ALTER TABLE public.django_village_djangovillageconfig OWNER TO lesgrandsvoisins;

--
-- Name: django_village_djangovillageconfig_id_seq; Type: SEQUENCE; Schema: public; Owner: lesgrandsvoisins
--

ALTER TABLE public.django_village_djangovillageconfig ALTER COLUMN id ADD GENERATED BY DEFAULT AS IDENTITY (
    SEQUENCE NAME public.django_village_djangovillageconfig_id_seq
    START WITH 1
    INCREMENT BY 1
    NO MINVALUE
    NO MAXVALUE
    CACHE 1
);


--
-- Name: django_village_villagesocialmedia; Type: TABLE; Schema: public; Owner: lesgrandsvoisins
--

CREATE TABLE public.django_village_villagesocialmedia (
    id bigint NOT NULL,
    title character varying(200) NOT NULL,
    url character varying(200) NOT NULL,
    icon_class character varying(200) NOT NULL,
    site_config_id bigint
);


ALTER TABLE public.django_village_villagesocialmedia OWNER TO lesgrandsvoisins;

--
-- Name: django_village_villagesocialmedia_id_seq; Type: SEQUENCE; Schema: public; Owner: lesgrandsvoisins
--

ALTER TABLE public.django_village_villagesocialmedia ALTER COLUMN id ADD GENERATED BY DEFAULT AS IDENTITY (
    SEQUENCE NAME public.django_village_villagesocialmedia_id_seq
    START WITH 1
    INCREMENT BY 1
    NO MINVALUE
    NO MAXVALUE
    CACHE 1
);


--
-- Name: taggit_tag; Type: TABLE; Schema: public; Owner: lesgrandsvoisins
--

CREATE TABLE public.taggit_tag (
    id integer NOT NULL,
    name character varying(100) NOT NULL,
    slug character varying(100) NOT NULL
);


ALTER TABLE public.taggit_tag OWNER TO lesgrandsvoisins;

--
-- Name: taggit_tag_id_seq; Type: SEQUENCE; Schema: public; Owner: lesgrandsvoisins
--

ALTER TABLE public.taggit_tag ALTER COLUMN id ADD GENERATED BY DEFAULT AS IDENTITY (
    SEQUENCE NAME public.taggit_tag_id_seq
    START WITH 1
    INCREMENT BY 1
    NO MINVALUE
    NO MAXVALUE
    CACHE 1
);


--
-- Name: taggit_taggeditem; Type: TABLE; Schema: public; Owner: lesgrandsvoisins
--

CREATE TABLE public.taggit_taggeditem (
    id integer NOT NULL,
    object_id integer NOT NULL,
    content_type_id integer NOT NULL,
    tag_id integer NOT NULL
);


ALTER TABLE public.taggit_taggeditem OWNER TO lesgrandsvoisins;

--
-- Name: taggit_taggeditem_id_seq; Type: SEQUENCE; Schema: public; Owner: lesgrandsvoisins
--

ALTER TABLE public.taggit_taggeditem ALTER COLUMN id ADD GENERATED BY DEFAULT AS IDENTITY (
    SEQUENCE NAME public.taggit_taggeditem_id_seq
    START WITH 1
    INCREMENT BY 1
    NO MINVALUE
    NO MAXVALUE
    CACHE 1
);


--
-- Name: wagtail_localize_localesynchronization; Type: TABLE; Schema: public; Owner: lesgrandsvoisins
--

CREATE TABLE public.wagtail_localize_localesynchronization (
    id integer NOT NULL,
    locale_id integer NOT NULL,
    sync_from_id integer NOT NULL
);


ALTER TABLE public.wagtail_localize_localesynchronization OWNER TO lesgrandsvoisins;

--
-- Name: wagtail_localize_localesynchronization_id_seq; Type: SEQUENCE; Schema: public; Owner: lesgrandsvoisins
--

ALTER TABLE public.wagtail_localize_localesynchronization ALTER COLUMN id ADD GENERATED BY DEFAULT AS IDENTITY (
    SEQUENCE NAME public.wagtail_localize_localesynchronization_id_seq
    START WITH 1
    INCREMENT BY 1
    NO MINVALUE
    NO MAXVALUE
    CACHE 1
);


--
-- Name: wagtail_localize_overridablesegment; Type: TABLE; Schema: public; Owner: lesgrandsvoisins
--

CREATE TABLE public.wagtail_localize_overridablesegment (
    id integer NOT NULL,
    "order" integer NOT NULL,
    data_json text NOT NULL,
    context_id integer NOT NULL,
    source_id integer NOT NULL,
    CONSTRAINT wagtail_localize_overridablesegment_order_check CHECK (("order" >= 0))
);


ALTER TABLE public.wagtail_localize_overridablesegment OWNER TO lesgrandsvoisins;

--
-- Name: wagtail_localize_overridablesegment_id_seq; Type: SEQUENCE; Schema: public; Owner: lesgrandsvoisins
--

ALTER TABLE public.wagtail_localize_overridablesegment ALTER COLUMN id ADD GENERATED BY DEFAULT AS IDENTITY (
    SEQUENCE NAME public.wagtail_localize_overridablesegment_id_seq
    START WITH 1
    INCREMENT BY 1
    NO MINVALUE
    NO MAXVALUE
    CACHE 1
);


--
-- Name: wagtail_localize_relatedobjectsegment; Type: TABLE; Schema: public; Owner: lesgrandsvoisins
--

CREATE TABLE public.wagtail_localize_relatedobjectsegment (
    id integer NOT NULL,
    "order" integer NOT NULL,
    context_id integer NOT NULL,
    object_id uuid NOT NULL,
    source_id integer NOT NULL,
    CONSTRAINT wagtail_localize_relatedobjectsegment_order_check CHECK (("order" >= 0))
);


ALTER TABLE public.wagtail_localize_relatedobjectsegment OWNER TO lesgrandsvoisins;

--
-- Name: wagtail_localize_relatedobjectsegment_id_seq; Type: SEQUENCE; Schema: public; Owner: lesgrandsvoisins
--

ALTER TABLE public.wagtail_localize_relatedobjectsegment ALTER COLUMN id ADD GENERATED BY DEFAULT AS IDENTITY (
    SEQUENCE NAME public.wagtail_localize_relatedobjectsegment_id_seq
    START WITH 1
    INCREMENT BY 1
    NO MINVALUE
    NO MAXVALUE
    CACHE 1
);


--
-- Name: wagtail_localize_segmentoverride; Type: TABLE; Schema: public; Owner: lesgrandsvoisins
--

CREATE TABLE public.wagtail_localize_segmentoverride (
    id integer NOT NULL,
    created_at timestamp with time zone NOT NULL,
    updated_at timestamp with time zone NOT NULL,
    data_json text NOT NULL,
    has_error boolean NOT NULL,
    field_error text NOT NULL,
    context_id integer,
    last_translated_by_id integer,
    locale_id integer NOT NULL
);


ALTER TABLE public.wagtail_localize_segmentoverride OWNER TO lesgrandsvoisins;

--
-- Name: wagtail_localize_segmentoverride_id_seq; Type: SEQUENCE; Schema: public; Owner: lesgrandsvoisins
--

ALTER TABLE public.wagtail_localize_segmentoverride ALTER COLUMN id ADD GENERATED BY DEFAULT AS IDENTITY (
    SEQUENCE NAME public.wagtail_localize_segmentoverride_id_seq
    START WITH 1
    INCREMENT BY 1
    NO MINVALUE
    NO MAXVALUE
    CACHE 1
);


--
-- Name: wagtail_localize_string; Type: TABLE; Schema: public; Owner: lesgrandsvoisins
--

CREATE TABLE public.wagtail_localize_string (
    id integer NOT NULL,
    data_hash uuid NOT NULL,
    data text NOT NULL,
    locale_id integer NOT NULL
);


ALTER TABLE public.wagtail_localize_string OWNER TO lesgrandsvoisins;

--
-- Name: wagtail_localize_string_id_seq; Type: SEQUENCE; Schema: public; Owner: lesgrandsvoisins
--

ALTER TABLE public.wagtail_localize_string ALTER COLUMN id ADD GENERATED BY DEFAULT AS IDENTITY (
    SEQUENCE NAME public.wagtail_localize_string_id_seq
    START WITH 1
    INCREMENT BY 1
    NO MINVALUE
    NO MAXVALUE
    CACHE 1
);


--
-- Name: wagtail_localize_stringsegment; Type: TABLE; Schema: public; Owner: lesgrandsvoisins
--

CREATE TABLE public.wagtail_localize_stringsegment (
    id integer NOT NULL,
    "order" integer NOT NULL,
    attrs text NOT NULL,
    context_id integer NOT NULL,
    source_id integer NOT NULL,
    string_id integer NOT NULL,
    CONSTRAINT wagtail_localize_stringsegment_order_check CHECK (("order" >= 0))
);


ALTER TABLE public.wagtail_localize_stringsegment OWNER TO lesgrandsvoisins;

--
-- Name: wagtail_localize_stringsegment_id_seq; Type: SEQUENCE; Schema: public; Owner: lesgrandsvoisins
--

ALTER TABLE public.wagtail_localize_stringsegment ALTER COLUMN id ADD GENERATED BY DEFAULT AS IDENTITY (
    SEQUENCE NAME public.wagtail_localize_stringsegment_id_seq
    START WITH 1
    INCREMENT BY 1
    NO MINVALUE
    NO MAXVALUE
    CACHE 1
);


--
-- Name: wagtail_localize_stringtranslation; Type: TABLE; Schema: public; Owner: lesgrandsvoisins
--

CREATE TABLE public.wagtail_localize_stringtranslation (
    id integer NOT NULL,
    data text NOT NULL,
    created_at timestamp with time zone NOT NULL,
    updated_at timestamp with time zone NOT NULL,
    context_id integer,
    locale_id integer NOT NULL,
    translation_of_id integer NOT NULL,
    tool_name character varying(255) NOT NULL,
    translation_type character varying(20) NOT NULL,
    last_translated_by_id integer,
    field_error text NOT NULL,
    has_error boolean NOT NULL
);


ALTER TABLE public.wagtail_localize_stringtranslation OWNER TO lesgrandsvoisins;

--
-- Name: wagtail_localize_stringtranslation_id_seq; Type: SEQUENCE; Schema: public; Owner: lesgrandsvoisins
--

ALTER TABLE public.wagtail_localize_stringtranslation ALTER COLUMN id ADD GENERATED BY DEFAULT AS IDENTITY (
    SEQUENCE NAME public.wagtail_localize_stringtranslation_id_seq
    START WITH 1
    INCREMENT BY 1
    NO MINVALUE
    NO MAXVALUE
    CACHE 1
);


--
-- Name: wagtail_localize_template; Type: TABLE; Schema: public; Owner: lesgrandsvoisins
--

CREATE TABLE public.wagtail_localize_template (
    id integer NOT NULL,
    uuid uuid NOT NULL,
    template text NOT NULL,
    template_format character varying(100) NOT NULL,
    string_count integer NOT NULL,
    CONSTRAINT wagtail_localize_template_string_count_check CHECK ((string_count >= 0))
);


ALTER TABLE public.wagtail_localize_template OWNER TO lesgrandsvoisins;

--
-- Name: wagtail_localize_template_id_seq; Type: SEQUENCE; Schema: public; Owner: lesgrandsvoisins
--

ALTER TABLE public.wagtail_localize_template ALTER COLUMN id ADD GENERATED BY DEFAULT AS IDENTITY (
    SEQUENCE NAME public.wagtail_localize_template_id_seq
    START WITH 1
    INCREMENT BY 1
    NO MINVALUE
    NO MAXVALUE
    CACHE 1
);


--
-- Name: wagtail_localize_templatesegment; Type: TABLE; Schema: public; Owner: lesgrandsvoisins
--

CREATE TABLE public.wagtail_localize_templatesegment (
    id integer NOT NULL,
    "order" integer NOT NULL,
    context_id integer NOT NULL,
    source_id integer NOT NULL,
    template_id integer NOT NULL,
    CONSTRAINT wagtail_localize_templatesegment_order_check CHECK (("order" >= 0))
);


ALTER TABLE public.wagtail_localize_templatesegment OWNER TO lesgrandsvoisins;

--
-- Name: wagtail_localize_templatesegment_id_seq; Type: SEQUENCE; Schema: public; Owner: lesgrandsvoisins
--

ALTER TABLE public.wagtail_localize_templatesegment ALTER COLUMN id ADD GENERATED BY DEFAULT AS IDENTITY (
    SEQUENCE NAME public.wagtail_localize_templatesegment_id_seq
    START WITH 1
    INCREMENT BY 1
    NO MINVALUE
    NO MAXVALUE
    CACHE 1
);


--
-- Name: wagtail_localize_translatableobject; Type: TABLE; Schema: public; Owner: lesgrandsvoisins
--

CREATE TABLE public.wagtail_localize_translatableobject (
    translation_key uuid NOT NULL,
    content_type_id integer NOT NULL
);


ALTER TABLE public.wagtail_localize_translatableobject OWNER TO lesgrandsvoisins;

--
-- Name: wagtail_localize_translation; Type: TABLE; Schema: public; Owner: lesgrandsvoisins
--

CREATE TABLE public.wagtail_localize_translation (
    id integer NOT NULL,
    uuid uuid NOT NULL,
    created_at timestamp with time zone NOT NULL,
    translations_last_updated_at timestamp with time zone,
    destination_last_updated_at timestamp with time zone,
    enabled boolean NOT NULL,
    source_id integer NOT NULL,
    target_locale_id integer NOT NULL
);


ALTER TABLE public.wagtail_localize_translation OWNER TO lesgrandsvoisins;

--
-- Name: wagtail_localize_translation_id_seq; Type: SEQUENCE; Schema: public; Owner: lesgrandsvoisins
--

ALTER TABLE public.wagtail_localize_translation ALTER COLUMN id ADD GENERATED BY DEFAULT AS IDENTITY (
    SEQUENCE NAME public.wagtail_localize_translation_id_seq
    START WITH 1
    INCREMENT BY 1
    NO MINVALUE
    NO MAXVALUE
    CACHE 1
);


--
-- Name: wagtail_localize_translationcontext; Type: TABLE; Schema: public; Owner: lesgrandsvoisins
--

CREATE TABLE public.wagtail_localize_translationcontext (
    id integer NOT NULL,
    path_id uuid NOT NULL,
    path text NOT NULL,
    object_id uuid NOT NULL,
    field_path text NOT NULL
);


ALTER TABLE public.wagtail_localize_translationcontext OWNER TO lesgrandsvoisins;

--
-- Name: wagtail_localize_translationcontext_id_seq; Type: SEQUENCE; Schema: public; Owner: lesgrandsvoisins
--

ALTER TABLE public.wagtail_localize_translationcontext ALTER COLUMN id ADD GENERATED BY DEFAULT AS IDENTITY (
    SEQUENCE NAME public.wagtail_localize_translationcontext_id_seq
    START WITH 1
    INCREMENT BY 1
    NO MINVALUE
    NO MAXVALUE
    CACHE 1
);


--
-- Name: wagtail_localize_translationlog; Type: TABLE; Schema: public; Owner: lesgrandsvoisins
--

CREATE TABLE public.wagtail_localize_translationlog (
    id integer NOT NULL,
    created_at timestamp with time zone NOT NULL,
    locale_id integer NOT NULL,
    revision_id integer,
    source_id integer NOT NULL
);


ALTER TABLE public.wagtail_localize_translationlog OWNER TO lesgrandsvoisins;

--
-- Name: wagtail_localize_translationlog_id_seq; Type: SEQUENCE; Schema: public; Owner: lesgrandsvoisins
--

ALTER TABLE public.wagtail_localize_translationlog ALTER COLUMN id ADD GENERATED BY DEFAULT AS IDENTITY (
    SEQUENCE NAME public.wagtail_localize_translationlog_id_seq
    START WITH 1
    INCREMENT BY 1
    NO MINVALUE
    NO MAXVALUE
    CACHE 1
);


--
-- Name: wagtail_localize_translationsource; Type: TABLE; Schema: public; Owner: lesgrandsvoisins
--

CREATE TABLE public.wagtail_localize_translationsource (
    id integer NOT NULL,
    object_repr text NOT NULL,
    content_json text NOT NULL,
    created_at timestamp with time zone NOT NULL,
    locale_id integer NOT NULL,
    object_id uuid NOT NULL,
    specific_content_type_id integer NOT NULL,
    last_updated_at timestamp with time zone NOT NULL,
    schema_version character varying(255) NOT NULL
);


ALTER TABLE public.wagtail_localize_translationsource OWNER TO lesgrandsvoisins;

--
-- Name: wagtail_localize_translationsource_id_seq; Type: SEQUENCE; Schema: public; Owner: lesgrandsvoisins
--

ALTER TABLE public.wagtail_localize_translationsource ALTER COLUMN id ADD GENERATED BY DEFAULT AS IDENTITY (
    SEQUENCE NAME public.wagtail_localize_translationsource_id_seq
    START WITH 1
    INCREMENT BY 1
    NO MINVALUE
    NO MAXVALUE
    CACHE 1
);


--
-- Name: wagtail_transfer_idmapping; Type: TABLE; Schema: public; Owner: lesgrandsvoisins
--

CREATE TABLE public.wagtail_transfer_idmapping (
    uid uuid NOT NULL,
    local_id character varying(255) NOT NULL,
    content_type_id integer NOT NULL
);


ALTER TABLE public.wagtail_transfer_idmapping OWNER TO lesgrandsvoisins;

--
-- Name: wagtail_transfer_importedfile; Type: TABLE; Schema: public; Owner: lesgrandsvoisins
--

CREATE TABLE public.wagtail_transfer_importedfile (
    id integer NOT NULL,
    file character varying(100) NOT NULL,
    source_url character varying(1000) NOT NULL,
    hash character varying(40) NOT NULL,
    size integer NOT NULL,
    created_at timestamp with time zone NOT NULL,
    CONSTRAINT wagtail_transfer_importedfile_size_check CHECK ((size >= 0))
);


ALTER TABLE public.wagtail_transfer_importedfile OWNER TO lesgrandsvoisins;

--
-- Name: wagtail_transfer_importedfile_id_seq; Type: SEQUENCE; Schema: public; Owner: lesgrandsvoisins
--

ALTER TABLE public.wagtail_transfer_importedfile ALTER COLUMN id ADD GENERATED BY DEFAULT AS IDENTITY (
    SEQUENCE NAME public.wagtail_transfer_importedfile_id_seq
    START WITH 1
    INCREMENT BY 1
    NO MINVALUE
    NO MAXVALUE
    CACHE 1
);


--
-- Name: wagtail_village_analyticssettings; Type: TABLE; Schema: public; Owner: lesgrandsvoisins
--

CREATE TABLE public.wagtail_village_analyticssettings (
    id bigint NOT NULL,
    head_scripts text,
    body_scripts text,
    site_id integer NOT NULL
);


ALTER TABLE public.wagtail_village_analyticssettings OWNER TO lesgrandsvoisins;

--
-- Name: wagtail_village_analyticssettings_id_seq; Type: SEQUENCE; Schema: public; Owner: lesgrandsvoisins
--

ALTER TABLE public.wagtail_village_analyticssettings ALTER COLUMN id ADD GENERATED BY DEFAULT AS IDENTITY (
    SEQUENCE NAME public.wagtail_village_analyticssettings_id_seq
    START WITH 1
    INCREMENT BY 1
    NO MINVALUE
    NO MAXVALUE
    CACHE 1
);


--
-- Name: wagtail_village_blog_blogentrypage; Type: TABLE; Schema: public; Owner: lesgrandsvoisins
--

CREATE TABLE public.wagtail_village_blog_blogentrypage (
    contentpage_ptr_id integer NOT NULL,
    date timestamp with time zone NOT NULL
);


ALTER TABLE public.wagtail_village_blog_blogentrypage OWNER TO lesgrandsvoisins;

--
-- Name: wagtail_village_blog_blogentrypage_authors; Type: TABLE; Schema: public; Owner: lesgrandsvoisins
--

CREATE TABLE public.wagtail_village_blog_blogentrypage_authors (
    id integer NOT NULL,
    blogentrypage_id integer NOT NULL,
    person_id bigint NOT NULL
);


ALTER TABLE public.wagtail_village_blog_blogentrypage_authors OWNER TO lesgrandsvoisins;

--
-- Name: wagtail_village_blog_blogentrypage_authors_id_seq; Type: SEQUENCE; Schema: public; Owner: lesgrandsvoisins
--

ALTER TABLE public.wagtail_village_blog_blogentrypage_authors ALTER COLUMN id ADD GENERATED BY DEFAULT AS IDENTITY (
    SEQUENCE NAME public.wagtail_village_blog_blogentrypage_authors_id_seq
    START WITH 1
    INCREMENT BY 1
    NO MINVALUE
    NO MAXVALUE
    CACHE 1
);


--
-- Name: wagtail_village_blog_blogindexpage; Type: TABLE; Schema: public; Owner: lesgrandsvoisins
--

CREATE TABLE public.wagtail_village_blog_blogindexpage (
    contentpage_ptr_id integer NOT NULL,
    posts_per_page smallint NOT NULL,
    CONSTRAINT wagtail_village_blog_blogindexpage_posts_per_page_check CHECK ((posts_per_page >= 0))
);


ALTER TABLE public.wagtail_village_blog_blogindexpage OWNER TO lesgrandsvoisins;

--
-- Name: wagtail_village_blog_category; Type: TABLE; Schema: public; Owner: lesgrandsvoisins
--

CREATE TABLE public.wagtail_village_blog_category (
    id bigint NOT NULL,
    translation_key uuid NOT NULL,
    name character varying(80) NOT NULL,
    slug character varying(80) NOT NULL,
    description character varying(500) NOT NULL,
    colophon jsonb NOT NULL,
    locale_id integer NOT NULL,
    parent_id bigint
);


ALTER TABLE public.wagtail_village_blog_category OWNER TO lesgrandsvoisins;

--
-- Name: wagtail_village_blog_category_id_seq; Type: SEQUENCE; Schema: public; Owner: lesgrandsvoisins
--

ALTER TABLE public.wagtail_village_blog_category ALTER COLUMN id ADD GENERATED BY DEFAULT AS IDENTITY (
    SEQUENCE NAME public.wagtail_village_blog_category_id_seq
    START WITH 1
    INCREMENT BY 1
    NO MINVALUE
    NO MAXVALUE
    CACHE 1
);


--
-- Name: wagtail_village_blog_categoryentrypage; Type: TABLE; Schema: public; Owner: lesgrandsvoisins
--

CREATE TABLE public.wagtail_village_blog_categoryentrypage (
    id bigint NOT NULL,
    category_id bigint NOT NULL,
    page_id integer NOT NULL
);


ALTER TABLE public.wagtail_village_blog_categoryentrypage OWNER TO lesgrandsvoisins;

--
-- Name: wagtail_village_blog_categoryentrypage_id_seq; Type: SEQUENCE; Schema: public; Owner: lesgrandsvoisins
--

ALTER TABLE public.wagtail_village_blog_categoryentrypage ALTER COLUMN id ADD GENERATED BY DEFAULT AS IDENTITY (
    SEQUENCE NAME public.wagtail_village_blog_categoryentrypage_id_seq
    START WITH 1
    INCREMENT BY 1
    NO MINVALUE
    NO MAXVALUE
    CACHE 1
);


--
-- Name: wagtail_village_blog_directoryentrypage; Type: TABLE; Schema: public; Owner: lesgrandsvoisins
--

CREATE TABLE public.wagtail_village_blog_directoryentrypage (
    blogentrypage_ptr_id integer NOT NULL
);


ALTER TABLE public.wagtail_village_blog_directoryentrypage OWNER TO lesgrandsvoisins;

--
-- Name: wagtail_village_blog_directoryindexpage; Type: TABLE; Schema: public; Owner: lesgrandsvoisins
--

CREATE TABLE public.wagtail_village_blog_directoryindexpage (
    blogindexpage_ptr_id integer NOT NULL
);


ALTER TABLE public.wagtail_village_blog_directoryindexpage OWNER TO lesgrandsvoisins;

--
-- Name: wagtail_village_blog_person; Type: TABLE; Schema: public; Owner: lesgrandsvoisins
--

CREATE TABLE public.wagtail_village_blog_person (
    id bigint NOT NULL,
    name character varying(255) NOT NULL,
    role character varying(255) NOT NULL,
    organization character varying(255) NOT NULL,
    contact_info character varying(500) NOT NULL,
    image_id integer
);


ALTER TABLE public.wagtail_village_blog_person OWNER TO lesgrandsvoisins;

--
-- Name: wagtail_village_blog_person_id_seq; Type: SEQUENCE; Schema: public; Owner: lesgrandsvoisins
--

ALTER TABLE public.wagtail_village_blog_person ALTER COLUMN id ADD GENERATED BY DEFAULT AS IDENTITY (
    SEQUENCE NAME public.wagtail_village_blog_person_id_seq
    START WITH 1
    INCREMENT BY 1
    NO MINVALUE
    NO MAXVALUE
    CACHE 1
);


--
-- Name: wagtail_village_blog_tagentrypage; Type: TABLE; Schema: public; Owner: lesgrandsvoisins
--

CREATE TABLE public.wagtail_village_blog_tagentrypage (
    id bigint NOT NULL,
    content_object_id integer NOT NULL,
    tag_id integer NOT NULL
);


ALTER TABLE public.wagtail_village_blog_tagentrypage OWNER TO lesgrandsvoisins;

--
-- Name: wagtail_village_blog_tagentrypage_id_seq; Type: SEQUENCE; Schema: public; Owner: lesgrandsvoisins
--

ALTER TABLE public.wagtail_village_blog_tagentrypage ALTER COLUMN id ADD GENERATED BY DEFAULT AS IDENTITY (
    SEQUENCE NAME public.wagtail_village_blog_tagentrypage_id_seq
    START WITH 1
    INCREMENT BY 1
    NO MINVALUE
    NO MAXVALUE
    CACHE 1
);


--
-- Name: wagtail_village_contentpage; Type: TABLE; Schema: public; Owner: lesgrandsvoisins
--

CREATE TABLE public.wagtail_village_contentpage (
    page_ptr_id integer NOT NULL,
    body jsonb NOT NULL,
    header_with_title boolean NOT NULL,
    header_color_class character varying,
    header_large boolean NOT NULL,
    header_darken boolean NOT NULL,
    header_cta_text character varying,
    header_cta_label character varying,
    header_cta_link character varying(200),
    header_image_id integer
);


ALTER TABLE public.wagtail_village_contentpage OWNER TO lesgrandsvoisins;

--
-- Name: wagtail_village_forms_formfield; Type: TABLE; Schema: public; Owner: lesgrandsvoisins
--

CREATE TABLE public.wagtail_village_forms_formfield (
    id bigint NOT NULL,
    sort_order integer,
    clean_name character varying(255) NOT NULL,
    label character varying(255) NOT NULL,
    field_type character varying(16) NOT NULL,
    required boolean NOT NULL,
    choices text NOT NULL,
    default_value text NOT NULL,
    help_text character varying(255) NOT NULL,
    page_id integer NOT NULL
);


ALTER TABLE public.wagtail_village_forms_formfield OWNER TO lesgrandsvoisins;

--
-- Name: wagtail_village_forms_formfield_id_seq; Type: SEQUENCE; Schema: public; Owner: lesgrandsvoisins
--

ALTER TABLE public.wagtail_village_forms_formfield ALTER COLUMN id ADD GENERATED BY DEFAULT AS IDENTITY (
    SEQUENCE NAME public.wagtail_village_forms_formfield_id_seq
    START WITH 1
    INCREMENT BY 1
    NO MINVALUE
    NO MAXVALUE
    CACHE 1
);


--
-- Name: wagtail_village_forms_formpage; Type: TABLE; Schema: public; Owner: lesgrandsvoisins
--

CREATE TABLE public.wagtail_village_forms_formpage (
    contentpage_ptr_id integer NOT NULL,
    to_address character varying(255) NOT NULL,
    from_address character varying(255) NOT NULL,
    subject character varying(255) NOT NULL,
    thank_you_text text NOT NULL
);


ALTER TABLE public.wagtail_village_forms_formpage OWNER TO lesgrandsvoisins;

--
-- Name: wagtail_village_lesgrandsvoisins_wagtailvillagelesgrandsvoi7288; Type: TABLE; Schema: public; Owner: lesgrandsvoisins
--

CREATE TABLE public.wagtail_village_lesgrandsvoisins_wagtailvillagelesgrandsvoi7288 (
    contentpage_ptr_id integer NOT NULL,
    sections jsonb NOT NULL,
    section_1_body jsonb NOT NULL,
    section_2_description_rich text,
    section_2_body jsonb NOT NULL,
    section_3_body jsonb NOT NULL
);


ALTER TABLE public.wagtail_village_lesgrandsvoisins_wagtailvillagelesgrandsvoi7288 OWNER TO lesgrandsvoisins;

--
-- Name: wagtail_village_megamenu; Type: TABLE; Schema: public; Owner: lesgrandsvoisins
--

CREATE TABLE public.wagtail_village_megamenu (
    id bigint NOT NULL,
    name character varying(255) NOT NULL,
    description text NOT NULL,
    main_link character varying(200),
    parent_menu_item_id integer NOT NULL
);


ALTER TABLE public.wagtail_village_megamenu OWNER TO lesgrandsvoisins;

--
-- Name: wagtail_village_megamenu_id_seq; Type: SEQUENCE; Schema: public; Owner: lesgrandsvoisins
--

ALTER TABLE public.wagtail_village_megamenu ALTER COLUMN id ADD GENERATED BY DEFAULT AS IDENTITY (
    SEQUENCE NAME public.wagtail_village_megamenu_id_seq
    START WITH 1
    INCREMENT BY 1
    NO MINVALUE
    NO MAXVALUE
    CACHE 1
);


--
-- Name: wagtail_village_megamenucategory; Type: TABLE; Schema: public; Owner: lesgrandsvoisins
--

CREATE TABLE public.wagtail_village_megamenucategory (
    id bigint NOT NULL,
    sort_order integer,
    category_id integer NOT NULL,
    mega_menu_id bigint NOT NULL
);


ALTER TABLE public.wagtail_village_megamenucategory OWNER TO lesgrandsvoisins;

--
-- Name: wagtail_village_megamenucategory_id_seq; Type: SEQUENCE; Schema: public; Owner: lesgrandsvoisins
--

ALTER TABLE public.wagtail_village_megamenucategory ALTER COLUMN id ADD GENERATED BY DEFAULT AS IDENTITY (
    SEQUENCE NAME public.wagtail_village_megamenucategory_id_seq
    START WITH 1
    INCREMENT BY 1
    NO MINVALUE
    NO MAXVALUE
    CACHE 1
);


--
-- Name: wagtail_village_socialmediaitem; Type: TABLE; Schema: public; Owner: lesgrandsvoisins
--

CREATE TABLE public.wagtail_village_socialmediaitem (
    id bigint NOT NULL,
    sort_order integer,
    title character varying(200) NOT NULL,
    url character varying(200) NOT NULL,
    icon_class character varying(200) NOT NULL,
    site_config_id bigint NOT NULL
);


ALTER TABLE public.wagtail_village_socialmediaitem OWNER TO lesgrandsvoisins;

--
-- Name: wagtail_village_socialmediaitem_id_seq; Type: SEQUENCE; Schema: public; Owner: lesgrandsvoisins
--

ALTER TABLE public.wagtail_village_socialmediaitem ALTER COLUMN id ADD GENERATED BY DEFAULT AS IDENTITY (
    SEQUENCE NAME public.wagtail_village_socialmediaitem_id_seq
    START WITH 1
    INCREMENT BY 1
    NO MINVALUE
    NO MAXVALUE
    CACHE 1
);


--
-- Name: wagtail_village_tagcontentpage; Type: TABLE; Schema: public; Owner: lesgrandsvoisins
--

CREATE TABLE public.wagtail_village_tagcontentpage (
    id bigint NOT NULL,
    content_object_id integer NOT NULL,
    tag_id integer NOT NULL
);


ALTER TABLE public.wagtail_village_tagcontentpage OWNER TO lesgrandsvoisins;

--
-- Name: wagtail_village_tagcontentpage_id_seq; Type: SEQUENCE; Schema: public; Owner: lesgrandsvoisins
--

ALTER TABLE public.wagtail_village_tagcontentpage ALTER COLUMN id ADD GENERATED BY DEFAULT AS IDENTITY (
    SEQUENCE NAME public.wagtail_village_tagcontentpage_id_seq
    START WITH 1
    INCREMENT BY 1
    NO MINVALUE
    NO MAXVALUE
    CACHE 1
);


--
-- Name: wagtail_village_wagtailvillageconfig; Type: TABLE; Schema: public; Owner: lesgrandsvoisins
--

CREATE TABLE public.wagtail_village_wagtailvillageconfig (
    djangovillageconfig_ptr_id bigint NOT NULL,
    footer_description_wagtail text NOT NULL,
    search_bar boolean NOT NULL,
    theme_modale_button boolean NOT NULL,
    site_id integer NOT NULL
);


ALTER TABLE public.wagtail_village_wagtailvillageconfig OWNER TO lesgrandsvoisins;

--
-- Name: wagtailadmin_admin; Type: TABLE; Schema: public; Owner: lesgrandsvoisins
--

CREATE TABLE public.wagtailadmin_admin (
    id integer NOT NULL
);


ALTER TABLE public.wagtailadmin_admin OWNER TO lesgrandsvoisins;

--
-- Name: wagtailadmin_admin_id_seq; Type: SEQUENCE; Schema: public; Owner: lesgrandsvoisins
--

ALTER TABLE public.wagtailadmin_admin ALTER COLUMN id ADD GENERATED BY DEFAULT AS IDENTITY (
    SEQUENCE NAME public.wagtailadmin_admin_id_seq
    START WITH 1
    INCREMENT BY 1
    NO MINVALUE
    NO MAXVALUE
    CACHE 1
);


--
-- Name: wagtailadmin_editingsession; Type: TABLE; Schema: public; Owner: lesgrandsvoisins
--

CREATE TABLE public.wagtailadmin_editingsession (
    id integer NOT NULL,
    object_id character varying(255) NOT NULL,
    last_seen_at timestamp with time zone NOT NULL,
    content_type_id integer NOT NULL,
    user_id integer NOT NULL,
    is_editing boolean NOT NULL
);


ALTER TABLE public.wagtailadmin_editingsession OWNER TO lesgrandsvoisins;

--
-- Name: wagtailadmin_editingsession_id_seq; Type: SEQUENCE; Schema: public; Owner: lesgrandsvoisins
--

ALTER TABLE public.wagtailadmin_editingsession ALTER COLUMN id ADD GENERATED BY DEFAULT AS IDENTITY (
    SEQUENCE NAME public.wagtailadmin_editingsession_id_seq
    START WITH 1
    INCREMENT BY 1
    NO MINVALUE
    NO MAXVALUE
    CACHE 1
);


--
-- Name: wagtailcore_collection; Type: TABLE; Schema: public; Owner: lesgrandsvoisins
--

CREATE TABLE public.wagtailcore_collection (
    id integer NOT NULL,
    path character varying(255) NOT NULL COLLATE pg_catalog."C",
    depth integer NOT NULL,
    numchild integer NOT NULL,
    name character varying(255) NOT NULL,
    CONSTRAINT wagtailcore_collection_depth_check CHECK ((depth >= 0)),
    CONSTRAINT wagtailcore_collection_numchild_check CHECK ((numchild >= 0))
);


ALTER TABLE public.wagtailcore_collection OWNER TO lesgrandsvoisins;

--
-- Name: wagtailcore_collection_id_seq; Type: SEQUENCE; Schema: public; Owner: lesgrandsvoisins
--

ALTER TABLE public.wagtailcore_collection ALTER COLUMN id ADD GENERATED BY DEFAULT AS IDENTITY (
    SEQUENCE NAME public.wagtailcore_collection_id_seq
    START WITH 1
    INCREMENT BY 1
    NO MINVALUE
    NO MAXVALUE
    CACHE 1
);


--
-- Name: wagtailcore_collectionviewrestriction; Type: TABLE; Schema: public; Owner: lesgrandsvoisins
--

CREATE TABLE public.wagtailcore_collectionviewrestriction (
    id integer NOT NULL,
    restriction_type character varying(20) NOT NULL,
    password character varying(255) NOT NULL,
    collection_id integer NOT NULL
);


ALTER TABLE public.wagtailcore_collectionviewrestriction OWNER TO lesgrandsvoisins;

--
-- Name: wagtailcore_collectionviewrestriction_groups; Type: TABLE; Schema: public; Owner: lesgrandsvoisins
--

CREATE TABLE public.wagtailcore_collectionviewrestriction_groups (
    id integer NOT NULL,
    collectionviewrestriction_id integer NOT NULL,
    group_id integer NOT NULL
);


ALTER TABLE public.wagtailcore_collectionviewrestriction_groups OWNER TO lesgrandsvoisins;

--
-- Name: wagtailcore_collectionviewrestriction_groups_id_seq; Type: SEQUENCE; Schema: public; Owner: lesgrandsvoisins
--

ALTER TABLE public.wagtailcore_collectionviewrestriction_groups ALTER COLUMN id ADD GENERATED BY DEFAULT AS IDENTITY (
    SEQUENCE NAME public.wagtailcore_collectionviewrestriction_groups_id_seq
    START WITH 1
    INCREMENT BY 1
    NO MINVALUE
    NO MAXVALUE
    CACHE 1
);


--
-- Name: wagtailcore_collectionviewrestriction_id_seq; Type: SEQUENCE; Schema: public; Owner: lesgrandsvoisins
--

ALTER TABLE public.wagtailcore_collectionviewrestriction ALTER COLUMN id ADD GENERATED BY DEFAULT AS IDENTITY (
    SEQUENCE NAME public.wagtailcore_collectionviewrestriction_id_seq
    START WITH 1
    INCREMENT BY 1
    NO MINVALUE
    NO MAXVALUE
    CACHE 1
);


--
-- Name: wagtailcore_comment; Type: TABLE; Schema: public; Owner: lesgrandsvoisins
--

CREATE TABLE public.wagtailcore_comment (
    id integer NOT NULL,
    text text NOT NULL,
    contentpath text NOT NULL,
    "position" text NOT NULL,
    created_at timestamp with time zone NOT NULL,
    updated_at timestamp with time zone NOT NULL,
    resolved_at timestamp with time zone,
    page_id integer NOT NULL,
    resolved_by_id integer,
    revision_created_id integer,
    user_id integer NOT NULL
);


ALTER TABLE public.wagtailcore_comment OWNER TO lesgrandsvoisins;

--
-- Name: wagtailcore_comment_id_seq; Type: SEQUENCE; Schema: public; Owner: lesgrandsvoisins
--

ALTER TABLE public.wagtailcore_comment ALTER COLUMN id ADD GENERATED BY DEFAULT AS IDENTITY (
    SEQUENCE NAME public.wagtailcore_comment_id_seq
    START WITH 1
    INCREMENT BY 1
    NO MINVALUE
    NO MAXVALUE
    CACHE 1
);


--
-- Name: wagtailcore_commentreply; Type: TABLE; Schema: public; Owner: lesgrandsvoisins
--

CREATE TABLE public.wagtailcore_commentreply (
    id integer NOT NULL,
    text text NOT NULL,
    created_at timestamp with time zone NOT NULL,
    updated_at timestamp with time zone NOT NULL,
    comment_id integer NOT NULL,
    user_id integer NOT NULL
);


ALTER TABLE public.wagtailcore_commentreply OWNER TO lesgrandsvoisins;

--
-- Name: wagtailcore_commentreply_id_seq; Type: SEQUENCE; Schema: public; Owner: lesgrandsvoisins
--

ALTER TABLE public.wagtailcore_commentreply ALTER COLUMN id ADD GENERATED BY DEFAULT AS IDENTITY (
    SEQUENCE NAME public.wagtailcore_commentreply_id_seq
    START WITH 1
    INCREMENT BY 1
    NO MINVALUE
    NO MAXVALUE
    CACHE 1
);


--
-- Name: wagtailcore_groupapprovaltask; Type: TABLE; Schema: public; Owner: lesgrandsvoisins
--

CREATE TABLE public.wagtailcore_groupapprovaltask (
    task_ptr_id integer NOT NULL
);


ALTER TABLE public.wagtailcore_groupapprovaltask OWNER TO lesgrandsvoisins;

--
-- Name: wagtailcore_groupapprovaltask_groups; Type: TABLE; Schema: public; Owner: lesgrandsvoisins
--

CREATE TABLE public.wagtailcore_groupapprovaltask_groups (
    id integer NOT NULL,
    groupapprovaltask_id integer NOT NULL,
    group_id integer NOT NULL
);


ALTER TABLE public.wagtailcore_groupapprovaltask_groups OWNER TO lesgrandsvoisins;

--
-- Name: wagtailcore_groupapprovaltask_groups_id_seq; Type: SEQUENCE; Schema: public; Owner: lesgrandsvoisins
--

ALTER TABLE public.wagtailcore_groupapprovaltask_groups ALTER COLUMN id ADD GENERATED BY DEFAULT AS IDENTITY (
    SEQUENCE NAME public.wagtailcore_groupapprovaltask_groups_id_seq
    START WITH 1
    INCREMENT BY 1
    NO MINVALUE
    NO MAXVALUE
    CACHE 1
);


--
-- Name: wagtailcore_groupcollectionpermission; Type: TABLE; Schema: public; Owner: lesgrandsvoisins
--

CREATE TABLE public.wagtailcore_groupcollectionpermission (
    id integer NOT NULL,
    collection_id integer NOT NULL,
    group_id integer NOT NULL,
    permission_id integer NOT NULL
);


ALTER TABLE public.wagtailcore_groupcollectionpermission OWNER TO lesgrandsvoisins;

--
-- Name: wagtailcore_groupcollectionpermission_id_seq; Type: SEQUENCE; Schema: public; Owner: lesgrandsvoisins
--

ALTER TABLE public.wagtailcore_groupcollectionpermission ALTER COLUMN id ADD GENERATED BY DEFAULT AS IDENTITY (
    SEQUENCE NAME public.wagtailcore_groupcollectionpermission_id_seq
    START WITH 1
    INCREMENT BY 1
    NO MINVALUE
    NO MAXVALUE
    CACHE 1
);


--
-- Name: wagtailcore_grouppagepermission; Type: TABLE; Schema: public; Owner: lesgrandsvoisins
--

CREATE TABLE public.wagtailcore_grouppagepermission (
    id integer NOT NULL,
    group_id integer NOT NULL,
    page_id integer NOT NULL,
    permission_id integer NOT NULL
);


ALTER TABLE public.wagtailcore_grouppagepermission OWNER TO lesgrandsvoisins;

--
-- Name: wagtailcore_grouppagepermission_id_seq; Type: SEQUENCE; Schema: public; Owner: lesgrandsvoisins
--

ALTER TABLE public.wagtailcore_grouppagepermission ALTER COLUMN id ADD GENERATED BY DEFAULT AS IDENTITY (
    SEQUENCE NAME public.wagtailcore_grouppagepermission_id_seq
    START WITH 1
    INCREMENT BY 1
    NO MINVALUE
    NO MAXVALUE
    CACHE 1
);


--
-- Name: wagtailcore_locale; Type: TABLE; Schema: public; Owner: lesgrandsvoisins
--

CREATE TABLE public.wagtailcore_locale (
    id integer NOT NULL,
    language_code character varying(100) NOT NULL
);


ALTER TABLE public.wagtailcore_locale OWNER TO lesgrandsvoisins;

--
-- Name: wagtailcore_locale_id_seq; Type: SEQUENCE; Schema: public; Owner: lesgrandsvoisins
--

ALTER TABLE public.wagtailcore_locale ALTER COLUMN id ADD GENERATED BY DEFAULT AS IDENTITY (
    SEQUENCE NAME public.wagtailcore_locale_id_seq
    START WITH 1
    INCREMENT BY 1
    NO MINVALUE
    NO MAXVALUE
    CACHE 1
);


--
-- Name: wagtailcore_modellogentry; Type: TABLE; Schema: public; Owner: lesgrandsvoisins
--

CREATE TABLE public.wagtailcore_modellogentry (
    id integer NOT NULL,
    label text NOT NULL,
    action character varying(255) NOT NULL,
    data jsonb NOT NULL,
    "timestamp" timestamp with time zone NOT NULL,
    content_changed boolean NOT NULL,
    deleted boolean NOT NULL,
    object_id character varying(255) NOT NULL,
    content_type_id integer,
    user_id integer,
    uuid uuid,
    revision_id integer
);


ALTER TABLE public.wagtailcore_modellogentry OWNER TO lesgrandsvoisins;

--
-- Name: wagtailcore_modellogentry_id_seq; Type: SEQUENCE; Schema: public; Owner: lesgrandsvoisins
--

ALTER TABLE public.wagtailcore_modellogentry ALTER COLUMN id ADD GENERATED BY DEFAULT AS IDENTITY (
    SEQUENCE NAME public.wagtailcore_modellogentry_id_seq
    START WITH 1
    INCREMENT BY 1
    NO MINVALUE
    NO MAXVALUE
    CACHE 1
);


--
-- Name: wagtailcore_page; Type: TABLE; Schema: public; Owner: lesgrandsvoisins
--

CREATE TABLE public.wagtailcore_page (
    id integer NOT NULL,
    path character varying(255) NOT NULL COLLATE pg_catalog."C",
    depth integer NOT NULL,
    numchild integer NOT NULL,
    title character varying(255) NOT NULL,
    slug character varying(255) NOT NULL,
    live boolean NOT NULL,
    has_unpublished_changes boolean NOT NULL,
    url_path text NOT NULL,
    seo_title character varying(255) NOT NULL,
    show_in_menus boolean NOT NULL,
    search_description text NOT NULL,
    go_live_at timestamp with time zone,
    expire_at timestamp with time zone,
    expired boolean NOT NULL,
    content_type_id integer NOT NULL,
    owner_id integer,
    locked boolean NOT NULL,
    latest_revision_created_at timestamp with time zone,
    first_published_at timestamp with time zone,
    live_revision_id integer,
    last_published_at timestamp with time zone,
    draft_title character varying(255) NOT NULL,
    locked_at timestamp with time zone,
    locked_by_id integer,
    translation_key uuid NOT NULL,
    locale_id integer NOT NULL,
    alias_of_id integer,
    latest_revision_id integer,
    CONSTRAINT wagtailcore_page_depth_check CHECK ((depth >= 0)),
    CONSTRAINT wagtailcore_page_numchild_check CHECK ((numchild >= 0))
);


ALTER TABLE public.wagtailcore_page OWNER TO lesgrandsvoisins;

--
-- Name: wagtailcore_page_id_seq; Type: SEQUENCE; Schema: public; Owner: lesgrandsvoisins
--

ALTER TABLE public.wagtailcore_page ALTER COLUMN id ADD GENERATED BY DEFAULT AS IDENTITY (
    SEQUENCE NAME public.wagtailcore_page_id_seq
    START WITH 1
    INCREMENT BY 1
    NO MINVALUE
    NO MAXVALUE
    CACHE 1
);


--
-- Name: wagtailcore_pagelogentry; Type: TABLE; Schema: public; Owner: lesgrandsvoisins
--

CREATE TABLE public.wagtailcore_pagelogentry (
    id integer NOT NULL,
    label text NOT NULL,
    action character varying(255) NOT NULL,
    data jsonb NOT NULL,
    "timestamp" timestamp with time zone NOT NULL,
    content_changed boolean NOT NULL,
    deleted boolean NOT NULL,
    content_type_id integer,
    page_id integer NOT NULL,
    revision_id integer,
    user_id integer,
    uuid uuid
);


ALTER TABLE public.wagtailcore_pagelogentry OWNER TO lesgrandsvoisins;

--
-- Name: wagtailcore_pagelogentry_id_seq; Type: SEQUENCE; Schema: public; Owner: lesgrandsvoisins
--

ALTER TABLE public.wagtailcore_pagelogentry ALTER COLUMN id ADD GENERATED BY DEFAULT AS IDENTITY (
    SEQUENCE NAME public.wagtailcore_pagelogentry_id_seq
    START WITH 1
    INCREMENT BY 1
    NO MINVALUE
    NO MAXVALUE
    CACHE 1
);


--
-- Name: wagtailcore_revision; Type: TABLE; Schema: public; Owner: lesgrandsvoisins
--

CREATE TABLE public.wagtailcore_revision (
    id integer NOT NULL,
    created_at timestamp with time zone NOT NULL,
    content jsonb NOT NULL,
    approved_go_live_at timestamp with time zone,
    object_id character varying(255) NOT NULL,
    user_id integer,
    content_type_id integer NOT NULL,
    base_content_type_id integer NOT NULL,
    object_str text NOT NULL
);


ALTER TABLE public.wagtailcore_revision OWNER TO lesgrandsvoisins;

--
-- Name: wagtailcore_pagerevision_id_seq; Type: SEQUENCE; Schema: public; Owner: lesgrandsvoisins
--

ALTER TABLE public.wagtailcore_revision ALTER COLUMN id ADD GENERATED BY DEFAULT AS IDENTITY (
    SEQUENCE NAME public.wagtailcore_pagerevision_id_seq
    START WITH 1
    INCREMENT BY 1
    NO MINVALUE
    NO MAXVALUE
    CACHE 1
);


--
-- Name: wagtailcore_pagesubscription; Type: TABLE; Schema: public; Owner: lesgrandsvoisins
--

CREATE TABLE public.wagtailcore_pagesubscription (
    id integer NOT NULL,
    comment_notifications boolean NOT NULL,
    page_id integer NOT NULL,
    user_id integer NOT NULL
);


ALTER TABLE public.wagtailcore_pagesubscription OWNER TO lesgrandsvoisins;

--
-- Name: wagtailcore_pagesubscription_id_seq; Type: SEQUENCE; Schema: public; Owner: lesgrandsvoisins
--

ALTER TABLE public.wagtailcore_pagesubscription ALTER COLUMN id ADD GENERATED BY DEFAULT AS IDENTITY (
    SEQUENCE NAME public.wagtailcore_pagesubscription_id_seq
    START WITH 1
    INCREMENT BY 1
    NO MINVALUE
    NO MAXVALUE
    CACHE 1
);


--
-- Name: wagtailcore_pageviewrestriction; Type: TABLE; Schema: public; Owner: lesgrandsvoisins
--

CREATE TABLE public.wagtailcore_pageviewrestriction (
    id integer NOT NULL,
    password character varying(255) NOT NULL,
    page_id integer NOT NULL,
    restriction_type character varying(20) NOT NULL
);


ALTER TABLE public.wagtailcore_pageviewrestriction OWNER TO lesgrandsvoisins;

--
-- Name: wagtailcore_pageviewrestriction_groups; Type: TABLE; Schema: public; Owner: lesgrandsvoisins
--

CREATE TABLE public.wagtailcore_pageviewrestriction_groups (
    id integer NOT NULL,
    pageviewrestriction_id integer NOT NULL,
    group_id integer NOT NULL
);


ALTER TABLE public.wagtailcore_pageviewrestriction_groups OWNER TO lesgrandsvoisins;

--
-- Name: wagtailcore_pageviewrestriction_groups_id_seq; Type: SEQUENCE; Schema: public; Owner: lesgrandsvoisins
--

ALTER TABLE public.wagtailcore_pageviewrestriction_groups ALTER COLUMN id ADD GENERATED BY DEFAULT AS IDENTITY (
    SEQUENCE NAME public.wagtailcore_pageviewrestriction_groups_id_seq
    START WITH 1
    INCREMENT BY 1
    NO MINVALUE
    NO MAXVALUE
    CACHE 1
);


--
-- Name: wagtailcore_pageviewrestriction_id_seq; Type: SEQUENCE; Schema: public; Owner: lesgrandsvoisins
--

ALTER TABLE public.wagtailcore_pageviewrestriction ALTER COLUMN id ADD GENERATED BY DEFAULT AS IDENTITY (
    SEQUENCE NAME public.wagtailcore_pageviewrestriction_id_seq
    START WITH 1
    INCREMENT BY 1
    NO MINVALUE
    NO MAXVALUE
    CACHE 1
);


--
-- Name: wagtailcore_referenceindex; Type: TABLE; Schema: public; Owner: lesgrandsvoisins
--

CREATE TABLE public.wagtailcore_referenceindex (
    id integer NOT NULL,
    object_id character varying(255) NOT NULL,
    to_object_id character varying(255) NOT NULL,
    model_path text NOT NULL,
    content_path text NOT NULL,
    content_path_hash uuid NOT NULL,
    base_content_type_id integer NOT NULL,
    content_type_id integer NOT NULL,
    to_content_type_id integer NOT NULL
);


ALTER TABLE public.wagtailcore_referenceindex OWNER TO lesgrandsvoisins;

--
-- Name: wagtailcore_referenceindex_id_seq; Type: SEQUENCE; Schema: public; Owner: lesgrandsvoisins
--

ALTER TABLE public.wagtailcore_referenceindex ALTER COLUMN id ADD GENERATED BY DEFAULT AS IDENTITY (
    SEQUENCE NAME public.wagtailcore_referenceindex_id_seq
    START WITH 1
    INCREMENT BY 1
    NO MINVALUE
    NO MAXVALUE
    CACHE 1
);


--
-- Name: wagtailcore_site; Type: TABLE; Schema: public; Owner: lesgrandsvoisins
--

CREATE TABLE public.wagtailcore_site (
    id integer NOT NULL,
    hostname character varying(255) NOT NULL,
    port integer NOT NULL,
    is_default_site boolean NOT NULL,
    root_page_id integer NOT NULL,
    site_name character varying(255) NOT NULL
);


ALTER TABLE public.wagtailcore_site OWNER TO lesgrandsvoisins;

--
-- Name: wagtailcore_site_id_seq; Type: SEQUENCE; Schema: public; Owner: lesgrandsvoisins
--

ALTER TABLE public.wagtailcore_site ALTER COLUMN id ADD GENERATED BY DEFAULT AS IDENTITY (
    SEQUENCE NAME public.wagtailcore_site_id_seq
    START WITH 1
    INCREMENT BY 1
    NO MINVALUE
    NO MAXVALUE
    CACHE 1
);


--
-- Name: wagtailcore_task; Type: TABLE; Schema: public; Owner: lesgrandsvoisins
--

CREATE TABLE public.wagtailcore_task (
    id integer NOT NULL,
    name character varying(255) NOT NULL,
    active boolean NOT NULL,
    content_type_id integer NOT NULL
);


ALTER TABLE public.wagtailcore_task OWNER TO lesgrandsvoisins;

--
-- Name: wagtailcore_task_id_seq; Type: SEQUENCE; Schema: public; Owner: lesgrandsvoisins
--

ALTER TABLE public.wagtailcore_task ALTER COLUMN id ADD GENERATED BY DEFAULT AS IDENTITY (
    SEQUENCE NAME public.wagtailcore_task_id_seq
    START WITH 1
    INCREMENT BY 1
    NO MINVALUE
    NO MAXVALUE
    CACHE 1
);


--
-- Name: wagtailcore_taskstate; Type: TABLE; Schema: public; Owner: lesgrandsvoisins
--

CREATE TABLE public.wagtailcore_taskstate (
    id integer NOT NULL,
    status character varying(50) NOT NULL,
    started_at timestamp with time zone NOT NULL,
    finished_at timestamp with time zone,
    content_type_id integer NOT NULL,
    revision_id integer NOT NULL,
    task_id integer NOT NULL,
    workflow_state_id integer NOT NULL,
    finished_by_id integer,
    comment text NOT NULL
);


ALTER TABLE public.wagtailcore_taskstate OWNER TO lesgrandsvoisins;

--
-- Name: wagtailcore_taskstate_id_seq; Type: SEQUENCE; Schema: public; Owner: lesgrandsvoisins
--

ALTER TABLE public.wagtailcore_taskstate ALTER COLUMN id ADD GENERATED BY DEFAULT AS IDENTITY (
    SEQUENCE NAME public.wagtailcore_taskstate_id_seq
    START WITH 1
    INCREMENT BY 1
    NO MINVALUE
    NO MAXVALUE
    CACHE 1
);


--
-- Name: wagtailcore_uploadedfile; Type: TABLE; Schema: public; Owner: lesgrandsvoisins
--

CREATE TABLE public.wagtailcore_uploadedfile (
    id integer NOT NULL,
    file character varying(200) NOT NULL,
    for_content_type_id integer,
    uploaded_by_user_id integer
);


ALTER TABLE public.wagtailcore_uploadedfile OWNER TO lesgrandsvoisins;

--
-- Name: wagtailcore_uploadedfile_id_seq; Type: SEQUENCE; Schema: public; Owner: lesgrandsvoisins
--

ALTER TABLE public.wagtailcore_uploadedfile ALTER COLUMN id ADD GENERATED BY DEFAULT AS IDENTITY (
    SEQUENCE NAME public.wagtailcore_uploadedfile_id_seq
    START WITH 1
    INCREMENT BY 1
    NO MINVALUE
    NO MAXVALUE
    CACHE 1
);


--
-- Name: wagtailcore_workflow; Type: TABLE; Schema: public; Owner: lesgrandsvoisins
--

CREATE TABLE public.wagtailcore_workflow (
    id integer NOT NULL,
    name character varying(255) NOT NULL,
    active boolean NOT NULL
);


ALTER TABLE public.wagtailcore_workflow OWNER TO lesgrandsvoisins;

--
-- Name: wagtailcore_workflow_id_seq; Type: SEQUENCE; Schema: public; Owner: lesgrandsvoisins
--

ALTER TABLE public.wagtailcore_workflow ALTER COLUMN id ADD GENERATED BY DEFAULT AS IDENTITY (
    SEQUENCE NAME public.wagtailcore_workflow_id_seq
    START WITH 1
    INCREMENT BY 1
    NO MINVALUE
    NO MAXVALUE
    CACHE 1
);


--
-- Name: wagtailcore_workflowcontenttype; Type: TABLE; Schema: public; Owner: lesgrandsvoisins
--

CREATE TABLE public.wagtailcore_workflowcontenttype (
    content_type_id integer NOT NULL,
    workflow_id integer NOT NULL
);


ALTER TABLE public.wagtailcore_workflowcontenttype OWNER TO lesgrandsvoisins;

--
-- Name: wagtailcore_workflowpage; Type: TABLE; Schema: public; Owner: lesgrandsvoisins
--

CREATE TABLE public.wagtailcore_workflowpage (
    page_id integer NOT NULL,
    workflow_id integer NOT NULL
);


ALTER TABLE public.wagtailcore_workflowpage OWNER TO lesgrandsvoisins;

--
-- Name: wagtailcore_workflowstate; Type: TABLE; Schema: public; Owner: lesgrandsvoisins
--

CREATE TABLE public.wagtailcore_workflowstate (
    id integer NOT NULL,
    status character varying(50) NOT NULL,
    created_at timestamp with time zone NOT NULL,
    current_task_state_id integer,
    object_id character varying(255) NOT NULL,
    requested_by_id integer,
    workflow_id integer NOT NULL,
    content_type_id integer NOT NULL,
    base_content_type_id integer NOT NULL
);


ALTER TABLE public.wagtailcore_workflowstate OWNER TO lesgrandsvoisins;

--
-- Name: wagtailcore_workflowstate_id_seq; Type: SEQUENCE; Schema: public; Owner: lesgrandsvoisins
--

ALTER TABLE public.wagtailcore_workflowstate ALTER COLUMN id ADD GENERATED BY DEFAULT AS IDENTITY (
    SEQUENCE NAME public.wagtailcore_workflowstate_id_seq
    START WITH 1
    INCREMENT BY 1
    NO MINVALUE
    NO MAXVALUE
    CACHE 1
);


--
-- Name: wagtailcore_workflowtask; Type: TABLE; Schema: public; Owner: lesgrandsvoisins
--

CREATE TABLE public.wagtailcore_workflowtask (
    id integer NOT NULL,
    sort_order integer,
    task_id integer NOT NULL,
    workflow_id integer NOT NULL
);


ALTER TABLE public.wagtailcore_workflowtask OWNER TO lesgrandsvoisins;

--
-- Name: wagtailcore_workflowtask_id_seq; Type: SEQUENCE; Schema: public; Owner: lesgrandsvoisins
--

ALTER TABLE public.wagtailcore_workflowtask ALTER COLUMN id ADD GENERATED BY DEFAULT AS IDENTITY (
    SEQUENCE NAME public.wagtailcore_workflowtask_id_seq
    START WITH 1
    INCREMENT BY 1
    NO MINVALUE
    NO MAXVALUE
    CACHE 1
);


--
-- Name: wagtaildocs_document; Type: TABLE; Schema: public; Owner: lesgrandsvoisins
--

CREATE TABLE public.wagtaildocs_document (
    id integer NOT NULL,
    title character varying(255) NOT NULL,
    file character varying(100) NOT NULL,
    created_at timestamp with time zone NOT NULL,
    uploaded_by_user_id integer,
    collection_id integer NOT NULL,
    file_size integer,
    file_hash character varying(40) NOT NULL,
    CONSTRAINT wagtaildocs_document_file_size_check CHECK ((file_size >= 0))
);


ALTER TABLE public.wagtaildocs_document OWNER TO lesgrandsvoisins;

--
-- Name: wagtaildocs_document_id_seq; Type: SEQUENCE; Schema: public; Owner: lesgrandsvoisins
--

ALTER TABLE public.wagtaildocs_document ALTER COLUMN id ADD GENERATED BY DEFAULT AS IDENTITY (
    SEQUENCE NAME public.wagtaildocs_document_id_seq
    START WITH 1
    INCREMENT BY 1
    NO MINVALUE
    NO MAXVALUE
    CACHE 1
);


--
-- Name: wagtailembeds_embed; Type: TABLE; Schema: public; Owner: lesgrandsvoisins
--

CREATE TABLE public.wagtailembeds_embed (
    id integer NOT NULL,
    url text NOT NULL,
    max_width smallint,
    type character varying(10) NOT NULL,
    html text NOT NULL,
    title text NOT NULL,
    author_name text NOT NULL,
    provider_name text NOT NULL,
    thumbnail_url text NOT NULL,
    width integer,
    height integer,
    last_updated timestamp with time zone NOT NULL,
    hash character varying(32) NOT NULL,
    cache_until timestamp with time zone
);


ALTER TABLE public.wagtailembeds_embed OWNER TO lesgrandsvoisins;

--
-- Name: wagtailembeds_embed_id_seq; Type: SEQUENCE; Schema: public; Owner: lesgrandsvoisins
--

ALTER TABLE public.wagtailembeds_embed ALTER COLUMN id ADD GENERATED BY DEFAULT AS IDENTITY (
    SEQUENCE NAME public.wagtailembeds_embed_id_seq
    START WITH 1
    INCREMENT BY 1
    NO MINVALUE
    NO MAXVALUE
    CACHE 1
);


--
-- Name: wagtailforms_formsubmission; Type: TABLE; Schema: public; Owner: lesgrandsvoisins
--

CREATE TABLE public.wagtailforms_formsubmission (
    id integer NOT NULL,
    form_data jsonb NOT NULL,
    submit_time timestamp with time zone NOT NULL,
    page_id integer NOT NULL
);


ALTER TABLE public.wagtailforms_formsubmission OWNER TO lesgrandsvoisins;

--
-- Name: wagtailforms_formsubmission_id_seq; Type: SEQUENCE; Schema: public; Owner: lesgrandsvoisins
--

ALTER TABLE public.wagtailforms_formsubmission ALTER COLUMN id ADD GENERATED BY DEFAULT AS IDENTITY (
    SEQUENCE NAME public.wagtailforms_formsubmission_id_seq
    START WITH 1
    INCREMENT BY 1
    NO MINVALUE
    NO MAXVALUE
    CACHE 1
);


--
-- Name: wagtailimages_image; Type: TABLE; Schema: public; Owner: lesgrandsvoisins
--

CREATE TABLE public.wagtailimages_image (
    id integer NOT NULL,
    title character varying(255) NOT NULL,
    file character varying(100) NOT NULL,
    width integer NOT NULL,
    height integer NOT NULL,
    created_at timestamp with time zone NOT NULL,
    focal_point_x integer,
    focal_point_y integer,
    focal_point_width integer,
    focal_point_height integer,
    uploaded_by_user_id integer,
    file_size integer,
    collection_id integer NOT NULL,
    file_hash character varying(40) NOT NULL,
    CONSTRAINT wagtailimages_image_file_size_check CHECK ((file_size >= 0)),
    CONSTRAINT wagtailimages_image_focal_point_height_check CHECK ((focal_point_height >= 0)),
    CONSTRAINT wagtailimages_image_focal_point_width_check CHECK ((focal_point_width >= 0)),
    CONSTRAINT wagtailimages_image_focal_point_x_check CHECK ((focal_point_x >= 0)),
    CONSTRAINT wagtailimages_image_focal_point_y_check CHECK ((focal_point_y >= 0))
);


ALTER TABLE public.wagtailimages_image OWNER TO lesgrandsvoisins;

--
-- Name: wagtailimages_image_id_seq; Type: SEQUENCE; Schema: public; Owner: lesgrandsvoisins
--

ALTER TABLE public.wagtailimages_image ALTER COLUMN id ADD GENERATED BY DEFAULT AS IDENTITY (
    SEQUENCE NAME public.wagtailimages_image_id_seq
    START WITH 1
    INCREMENT BY 1
    NO MINVALUE
    NO MAXVALUE
    CACHE 1
);


--
-- Name: wagtailimages_rendition; Type: TABLE; Schema: public; Owner: lesgrandsvoisins
--

CREATE TABLE public.wagtailimages_rendition (
    id integer NOT NULL,
    file character varying(100) NOT NULL,
    width integer NOT NULL,
    height integer NOT NULL,
    focal_point_key character varying(16) NOT NULL,
    filter_spec character varying(255) NOT NULL,
    image_id integer NOT NULL
);


ALTER TABLE public.wagtailimages_rendition OWNER TO lesgrandsvoisins;

--
-- Name: wagtailimages_rendition_id_seq; Type: SEQUENCE; Schema: public; Owner: lesgrandsvoisins
--

ALTER TABLE public.wagtailimages_rendition ALTER COLUMN id ADD GENERATED BY DEFAULT AS IDENTITY (
    SEQUENCE NAME public.wagtailimages_rendition_id_seq
    START WITH 1
    INCREMENT BY 1
    NO MINVALUE
    NO MAXVALUE
    CACHE 1
);


--
-- Name: wagtailmenus_flatmenu; Type: TABLE; Schema: public; Owner: lesgrandsvoisins
--

CREATE TABLE public.wagtailmenus_flatmenu (
    id integer NOT NULL,
    title character varying(255) NOT NULL,
    handle character varying(100) NOT NULL,
    heading character varying(255) NOT NULL,
    site_id integer NOT NULL,
    max_levels smallint NOT NULL,
    CONSTRAINT wagtailmenus_flatmenu_max_levels_check CHECK ((max_levels >= 0))
);


ALTER TABLE public.wagtailmenus_flatmenu OWNER TO lesgrandsvoisins;

--
-- Name: wagtailmenus_flatmenu_id_seq; Type: SEQUENCE; Schema: public; Owner: lesgrandsvoisins
--

ALTER TABLE public.wagtailmenus_flatmenu ALTER COLUMN id ADD GENERATED BY DEFAULT AS IDENTITY (
    SEQUENCE NAME public.wagtailmenus_flatmenu_id_seq
    START WITH 1
    INCREMENT BY 1
    NO MINVALUE
    NO MAXVALUE
    CACHE 1
);


--
-- Name: wagtailmenus_flatmenuitem; Type: TABLE; Schema: public; Owner: lesgrandsvoisins
--

CREATE TABLE public.wagtailmenus_flatmenuitem (
    id integer NOT NULL,
    sort_order integer,
    link_text character varying(255) NOT NULL,
    link_url character varying(255),
    link_page_id integer,
    menu_id integer NOT NULL,
    url_append character varying(255) NOT NULL,
    allow_subnav boolean NOT NULL,
    handle character varying(100) NOT NULL
);


ALTER TABLE public.wagtailmenus_flatmenuitem OWNER TO lesgrandsvoisins;

--
-- Name: wagtailmenus_flatmenuitem_id_seq; Type: SEQUENCE; Schema: public; Owner: lesgrandsvoisins
--

ALTER TABLE public.wagtailmenus_flatmenuitem ALTER COLUMN id ADD GENERATED BY DEFAULT AS IDENTITY (
    SEQUENCE NAME public.wagtailmenus_flatmenuitem_id_seq
    START WITH 1
    INCREMENT BY 1
    NO MINVALUE
    NO MAXVALUE
    CACHE 1
);


--
-- Name: wagtailmenus_mainmenu; Type: TABLE; Schema: public; Owner: lesgrandsvoisins
--

CREATE TABLE public.wagtailmenus_mainmenu (
    id integer NOT NULL,
    site_id integer NOT NULL,
    max_levels smallint NOT NULL,
    CONSTRAINT wagtailmenus_mainmenu_max_levels_check CHECK ((max_levels >= 0))
);


ALTER TABLE public.wagtailmenus_mainmenu OWNER TO lesgrandsvoisins;

--
-- Name: wagtailmenus_mainmenu_id_seq; Type: SEQUENCE; Schema: public; Owner: lesgrandsvoisins
--

ALTER TABLE public.wagtailmenus_mainmenu ALTER COLUMN id ADD GENERATED BY DEFAULT AS IDENTITY (
    SEQUENCE NAME public.wagtailmenus_mainmenu_id_seq
    START WITH 1
    INCREMENT BY 1
    NO MINVALUE
    NO MAXVALUE
    CACHE 1
);


--
-- Name: wagtailmenus_mainmenuitem; Type: TABLE; Schema: public; Owner: lesgrandsvoisins
--

CREATE TABLE public.wagtailmenus_mainmenuitem (
    id integer NOT NULL,
    sort_order integer,
    link_text character varying(255) NOT NULL,
    link_url character varying(255),
    link_page_id integer,
    menu_id integer NOT NULL,
    allow_subnav boolean NOT NULL,
    url_append character varying(255) NOT NULL,
    handle character varying(100) NOT NULL
);


ALTER TABLE public.wagtailmenus_mainmenuitem OWNER TO lesgrandsvoisins;

--
-- Name: wagtailmenus_mainmenuitem_id_seq; Type: SEQUENCE; Schema: public; Owner: lesgrandsvoisins
--

ALTER TABLE public.wagtailmenus_mainmenuitem ALTER COLUMN id ADD GENERATED BY DEFAULT AS IDENTITY (
    SEQUENCE NAME public.wagtailmenus_mainmenuitem_id_seq
    START WITH 1
    INCREMENT BY 1
    NO MINVALUE
    NO MAXVALUE
    CACHE 1
);


--
-- Name: wagtailredirects_redirect; Type: TABLE; Schema: public; Owner: lesgrandsvoisins
--

CREATE TABLE public.wagtailredirects_redirect (
    id integer NOT NULL,
    old_path character varying(255) NOT NULL,
    is_permanent boolean NOT NULL,
    redirect_link character varying(255) NOT NULL,
    redirect_page_id integer,
    site_id integer,
    automatically_created boolean NOT NULL,
    created_at timestamp with time zone,
    redirect_page_route_path character varying(255) NOT NULL
);


ALTER TABLE public.wagtailredirects_redirect OWNER TO lesgrandsvoisins;

--
-- Name: wagtailredirects_redirect_id_seq; Type: SEQUENCE; Schema: public; Owner: lesgrandsvoisins
--

ALTER TABLE public.wagtailredirects_redirect ALTER COLUMN id ADD GENERATED BY DEFAULT AS IDENTITY (
    SEQUENCE NAME public.wagtailredirects_redirect_id_seq
    START WITH 1
    INCREMENT BY 1
    NO MINVALUE
    NO MAXVALUE
    CACHE 1
);


--
-- Name: wagtailsearch_indexentry; Type: TABLE; Schema: public; Owner: lesgrandsvoisins
--

CREATE TABLE public.wagtailsearch_indexentry (
    id integer NOT NULL,
    object_id character varying(50) NOT NULL,
    title_norm double precision NOT NULL,
    content_type_id integer NOT NULL,
    autocomplete tsvector NOT NULL,
    title tsvector NOT NULL,
    body tsvector NOT NULL
);


ALTER TABLE public.wagtailsearch_indexentry OWNER TO lesgrandsvoisins;

--
-- Name: wagtailsearch_indexentry_id_seq; Type: SEQUENCE; Schema: public; Owner: lesgrandsvoisins
--

ALTER TABLE public.wagtailsearch_indexentry ALTER COLUMN id ADD GENERATED BY DEFAULT AS IDENTITY (
    SEQUENCE NAME public.wagtailsearch_indexentry_id_seq
    START WITH 1
    INCREMENT BY 1
    NO MINVALUE
    NO MAXVALUE
    CACHE 1
);


--
-- Name: wagtailusers_userprofile; Type: TABLE; Schema: public; Owner: lesgrandsvoisins
--

CREATE TABLE public.wagtailusers_userprofile (
    id integer NOT NULL,
    submitted_notifications boolean NOT NULL,
    approved_notifications boolean NOT NULL,
    rejected_notifications boolean NOT NULL,
    user_id integer NOT NULL,
    preferred_language character varying(10) NOT NULL,
    current_time_zone character varying(40) NOT NULL,
    avatar character varying(100) NOT NULL,
    updated_comments_notifications boolean NOT NULL,
    dismissibles jsonb NOT NULL,
    theme character varying(40) NOT NULL,
    density character varying(40) NOT NULL
);


ALTER TABLE public.wagtailusers_userprofile OWNER TO lesgrandsvoisins;

--
-- Name: wagtailusers_userprofile_id_seq; Type: SEQUENCE; Schema: public; Owner: lesgrandsvoisins
--

ALTER TABLE public.wagtailusers_userprofile ALTER COLUMN id ADD GENERATED BY DEFAULT AS IDENTITY (
    SEQUENCE NAME public.wagtailusers_userprofile_id_seq
    START WITH 1
    INCREMENT BY 1
    NO MINVALUE
    NO MAXVALUE
    CACHE 1
);


--
-- Data for Name: auth_group; Type: TABLE DATA; Schema: public; Owner: lesgrandsvoisins
--

COPY public.auth_group (id, name) FROM stdin;
1	Moderators
2	Editors
\.


--
-- Data for Name: auth_group_permissions; Type: TABLE DATA; Schema: public; Owner: lesgrandsvoisins
--

COPY public.auth_group_permissions (id, group_id, permission_id) FROM stdin;
1	1	1
2	2	1
3	1	3
4	1	4
5	1	5
6	2	3
7	2	4
8	2	5
9	1	107
10	2	107
11	1	108
12	1	109
13	1	110
14	2	108
15	2	109
16	2	110
17	1	111
18	2	111
\.


--
-- Data for Name: auth_permission; Type: TABLE DATA; Schema: public; Owner: lesgrandsvoisins
--

COPY public.auth_permission (id, name, content_type_id, codename) FROM stdin;
1	Can submit translations	3	submit_translation
2	Can import pages and snippets from other sites	4	wagtailtransfer_can_import
3	Can add image	6	add_image
4	Can change image	6	change_image
5	Can delete image	6	delete_image
6	Can choose image	6	choose_image
7	Can add locale	7	add_locale
8	Can change locale	7	change_locale
9	Can delete locale	7	delete_locale
10	Can view locale	7	view_locale
11	Can add site	8	add_site
12	Can change site	8	change_site
13	Can delete site	8	delete_site
14	Can view site	8	view_site
15	Can add model log entry	9	add_modellogentry
16	Can change model log entry	9	change_modellogentry
17	Can delete model log entry	9	delete_modellogentry
18	Can view model log entry	9	view_modellogentry
19	Can add collection view restriction	10	add_collectionviewrestriction
20	Can change collection view restriction	10	change_collectionviewrestriction
21	Can delete collection view restriction	10	delete_collectionviewrestriction
22	Can view collection view restriction	10	view_collectionviewrestriction
23	Can add collection	11	add_collection
24	Can change collection	11	change_collection
25	Can delete collection	11	delete_collection
26	Can view collection	11	view_collection
27	Can add group collection permission	12	add_groupcollectionpermission
28	Can change group collection permission	12	change_groupcollectionpermission
29	Can delete group collection permission	12	delete_groupcollectionpermission
30	Can view group collection permission	12	view_groupcollectionpermission
31	Can add uploaded file	13	add_uploadedfile
32	Can change uploaded file	13	change_uploadedfile
33	Can delete uploaded file	13	delete_uploadedfile
34	Can view uploaded file	13	view_uploadedfile
35	Can add reference index	14	add_referenceindex
36	Can change reference index	14	change_referenceindex
37	Can delete reference index	14	delete_referenceindex
38	Can view reference index	14	view_referenceindex
39	Can add page	1	add_page
40	Can change page	1	change_page
41	Can delete page	1	delete_page
42	Can view page	1	view_page
43	Delete pages with children	1	bulk_delete_page
44	Lock/unlock pages you've locked	1	lock_page
45	Publish any page	1	publish_page
46	Unlock any page	1	unlock_page
47	Can add revision	15	add_revision
48	Can change revision	15	change_revision
49	Can delete revision	15	delete_revision
50	Can view revision	15	view_revision
51	Can add group page permission	16	add_grouppagepermission
52	Can change group page permission	16	change_grouppagepermission
53	Can delete group page permission	16	delete_grouppagepermission
54	Can view group page permission	16	view_grouppagepermission
55	Can add page view restriction	17	add_pageviewrestriction
56	Can change page view restriction	17	change_pageviewrestriction
57	Can delete page view restriction	17	delete_pageviewrestriction
58	Can view page view restriction	17	view_pageviewrestriction
59	Can add workflow page	18	add_workflowpage
60	Can change workflow page	18	change_workflowpage
61	Can delete workflow page	18	delete_workflowpage
62	Can view workflow page	18	view_workflowpage
63	Can add workflow content type	19	add_workflowcontenttype
64	Can change workflow content type	19	change_workflowcontenttype
65	Can delete workflow content type	19	delete_workflowcontenttype
66	Can view workflow content type	19	view_workflowcontenttype
67	Can add workflow task order	20	add_workflowtask
68	Can change workflow task order	20	change_workflowtask
69	Can delete workflow task order	20	delete_workflowtask
70	Can view workflow task order	20	view_workflowtask
71	Can add task	21	add_task
72	Can change task	21	change_task
73	Can delete task	21	delete_task
74	Can view task	21	view_task
75	Can add workflow	22	add_workflow
76	Can change workflow	22	change_workflow
77	Can delete workflow	22	delete_workflow
78	Can view workflow	22	view_workflow
79	Can add Group approval task	2	add_groupapprovaltask
80	Can change Group approval task	2	change_groupapprovaltask
81	Can delete Group approval task	2	delete_groupapprovaltask
82	Can view Group approval task	2	view_groupapprovaltask
83	Can add Workflow state	23	add_workflowstate
84	Can change Workflow state	23	change_workflowstate
85	Can delete Workflow state	23	delete_workflowstate
86	Can view Workflow state	23	view_workflowstate
87	Can add Task state	24	add_taskstate
88	Can change Task state	24	change_taskstate
89	Can delete Task state	24	delete_taskstate
90	Can view Task state	24	view_taskstate
91	Can add page log entry	25	add_pagelogentry
92	Can change page log entry	25	change_pagelogentry
93	Can delete page log entry	25	delete_pagelogentry
94	Can view page log entry	25	view_pagelogentry
95	Can add comment	26	add_comment
96	Can change comment	26	change_comment
97	Can delete comment	26	delete_comment
98	Can view comment	26	view_comment
99	Can add comment reply	27	add_commentreply
100	Can change comment reply	27	change_commentreply
101	Can delete comment reply	27	delete_commentreply
102	Can view comment reply	27	view_commentreply
103	Can add page subscription	28	add_pagesubscription
104	Can change page subscription	28	change_pagesubscription
105	Can delete page subscription	28	delete_pagesubscription
106	Can view page subscription	28	view_pagesubscription
107	Can access Wagtail admin	29	access_admin
108	Can add document	30	add_document
109	Can change document	30	change_document
110	Can delete document	30	delete_document
111	Can choose document	30	choose_document
112	Can add Configuration	31	add_djangovillageconfig
113	Can change Configuration	31	change_djangovillageconfig
114	Can delete Configuration	31	delete_djangovillageconfig
115	Can view Configuration	31	view_djangovillageconfig
116	Can add Social media	32	add_villagesocialmedia
117	Can change Social media	32	change_villagesocialmedia
118	Can delete Social media	32	delete_villagesocialmedia
119	Can view Social media	32	view_villagesocialmedia
120	Can add log entry	33	add_logentry
121	Can change log entry	33	change_logentry
122	Can delete log entry	33	delete_logentry
123	Can view log entry	33	view_logentry
124	Can add permission	34	add_permission
125	Can change permission	34	change_permission
126	Can delete permission	34	delete_permission
127	Can view permission	34	view_permission
128	Can add group	35	add_group
129	Can change group	35	change_group
130	Can delete group	35	delete_group
131	Can view group	35	view_group
132	Can add user	36	add_user
133	Can change user	36	change_user
134	Can delete user	36	delete_user
135	Can view user	36	view_user
136	Can add content type	37	add_contenttype
137	Can change content type	37	change_contenttype
138	Can delete content type	37	delete_contenttype
139	Can view content type	37	view_contenttype
140	Can add session	38	add_session
141	Can change session	38	change_session
142	Can delete session	38	delete_session
143	Can view session	38	view_session
144	Can add tag	39	add_tag
145	Can change tag	39	change_tag
146	Can delete tag	39	delete_tag
147	Can view tag	39	view_tag
148	Can add tagged item	40	add_taggeditem
149	Can change tagged item	40	change_taggeditem
150	Can delete tagged item	40	delete_taggeditem
151	Can view tagged item	40	view_taggeditem
152	Can add string	41	add_string
153	Can change string	41	change_string
154	Can delete string	41	delete_string
155	Can view string	41	view_string
156	Can add template	42	add_template
157	Can change template	42	change_template
158	Can delete template	42	delete_template
159	Can view template	42	view_template
160	Can add translatable object	43	add_translatableobject
161	Can change translatable object	43	change_translatableobject
162	Can delete translatable object	43	delete_translatableobject
163	Can view translatable object	43	view_translatableobject
164	Can add translation source	44	add_translationsource
165	Can change translation source	44	change_translationsource
166	Can delete translation source	44	delete_translationsource
167	Can view translation source	44	view_translationsource
168	Can add translation log	45	add_translationlog
169	Can change translation log	45	change_translationlog
170	Can delete translation log	45	delete_translationlog
171	Can view translation log	45	view_translationlog
172	Can add translation context	46	add_translationcontext
173	Can change translation context	46	change_translationcontext
174	Can delete translation context	46	delete_translationcontext
175	Can view translation context	46	view_translationcontext
176	Can add template segment	47	add_templatesegment
177	Can change template segment	47	change_templatesegment
178	Can delete template segment	47	delete_templatesegment
179	Can view template segment	47	view_templatesegment
180	Can add string segment	48	add_stringsegment
181	Can change string segment	48	change_stringsegment
182	Can delete string segment	48	delete_stringsegment
183	Can view string segment	48	view_stringsegment
184	Can add related object segment	49	add_relatedobjectsegment
185	Can change related object segment	49	change_relatedobjectsegment
186	Can delete related object segment	49	delete_relatedobjectsegment
187	Can view related object segment	49	view_relatedobjectsegment
188	Can add string translation	50	add_stringtranslation
189	Can change string translation	50	change_stringtranslation
190	Can delete string translation	50	delete_stringtranslation
191	Can view string translation	50	view_stringtranslation
192	Can add translation	3	add_translation
193	Can change translation	3	change_translation
194	Can delete translation	3	delete_translation
195	Can view translation	3	view_translation
196	Can add overridable segment	51	add_overridablesegment
197	Can change overridable segment	51	change_overridablesegment
198	Can delete overridable segment	51	delete_overridablesegment
199	Can view overridable segment	51	view_overridablesegment
200	Can add segment override	52	add_segmentoverride
201	Can change segment override	52	change_segmentoverride
202	Can delete segment override	52	delete_segmentoverride
203	Can view segment override	52	view_segmentoverride
204	Can add locale synchronization	53	add_localesynchronization
205	Can change locale synchronization	53	change_localesynchronization
206	Can delete locale synchronization	53	delete_localesynchronization
207	Can view locale synchronization	53	view_localesynchronization
208	Can add id mapping	4	add_idmapping
209	Can change id mapping	4	change_idmapping
210	Can delete id mapping	4	delete_idmapping
211	Can view id mapping	4	view_idmapping
212	Can add imported file	5	add_importedfile
213	Can change imported file	5	change_importedfile
214	Can delete imported file	5	delete_importedfile
215	Can view imported file	5	view_importedfile
216	Can add Blog page	54	add_blogentrypage
217	Can change Blog page	54	change_blogentrypage
218	Can delete Blog page	54	delete_blogentrypage
219	Can view Blog page	54	view_blogentrypage
220	Can add Blog index	55	add_blogindexpage
221	Can change Blog index	55	change_blogindexpage
222	Can delete Blog index	55	delete_blogindexpage
223	Can view Blog index	55	view_blogindexpage
224	Can add Directory Entry	56	add_directoryentrypage
225	Can change Directory Entry	56	change_directoryentrypage
226	Can delete Directory Entry	56	delete_directoryentrypage
227	Can view Directory Entry	56	view_directoryentrypage
228	Can add Directory Index	57	add_directoryindexpage
229	Can change Directory Index	57	change_directoryindexpage
230	Can delete Directory Index	57	delete_directoryindexpage
231	Can view Directory Index	57	view_directoryindexpage
232	Can add Category	58	add_category
233	Can change Category	58	change_category
234	Can delete Category	58	delete_category
235	Can view Category	58	view_category
236	Can add category entry page	59	add_categoryentrypage
237	Can change category entry page	59	change_categoryentrypage
238	Can delete category entry page	59	delete_categoryentrypage
239	Can view category entry page	59	view_categoryentrypage
240	Can add Person	60	add_person
241	Can change Person	60	change_person
242	Can delete Person	60	delete_person
243	Can view Person	60	view_person
244	Can add tag entry page	61	add_tagentrypage
245	Can change tag entry page	61	change_tagentrypage
246	Can delete tag entry page	61	delete_tagentrypage
247	Can view tag entry page	61	view_tagentrypage
248	Can add form page	62	add_formpage
249	Can change form page	62	change_formpage
250	Can delete form page	62	delete_formpage
251	Can view form page	62	view_formpage
252	Can add form field	63	add_formfield
253	Can change form field	63	change_formfield
254	Can delete form field	63	delete_formfield
255	Can view form field	63	view_formfield
256	Can add Home Page Les Grands Voisins	64	add_wagtailvillagelesgrandsvoisinshome
257	Can change Home Page Les Grands Voisins	64	change_wagtailvillagelesgrandsvoisinshome
258	Can delete Home Page Les Grands Voisins	64	delete_wagtailvillagelesgrandsvoisinshome
259	Can view Home Page Les Grands Voisins	64	view_wagtailvillagelesgrandsvoisinshome
260	Can add tag	65	add_tag
261	Can change tag	65	change_tag
262	Can delete tag	65	delete_tag
263	Can view tag	65	view_tag
264	Can add Scripts de suivi	66	add_analyticssettings
265	Can change Scripts de suivi	66	change_analyticssettings
266	Can delete Scripts de suivi	66	delete_analyticssettings
267	Can view Scripts de suivi	66	view_analyticssettings
268	Can add Content page	67	add_contentpage
269	Can change Content page	67	change_contentpage
270	Can delete Content page	67	delete_contentpage
271	Can view Content page	67	view_contentpage
272	Can add Mega menu	68	add_megamenu
273	Can change Mega menu	68	change_megamenu
274	Can delete Mega menu	68	delete_megamenu
275	Can view Mega menu	68	view_megamenu
276	Can add Mega menu category	69	add_megamenucategory
277	Can change Mega menu category	69	change_megamenucategory
278	Can delete Mega menu category	69	delete_megamenucategory
279	Can view Mega menu category	69	view_megamenucategory
280	Can add tag content page	70	add_tagcontentpage
281	Can change tag content page	70	change_tagcontentpage
282	Can delete tag content page	70	delete_tagcontentpage
283	Can view tag content page	70	view_tagcontentpage
284	Can add Site configuration	71	add_wagtailvillageconfig
285	Can change Site configuration	71	change_wagtailvillageconfig
286	Can delete Site configuration	71	delete_wagtailvillageconfig
287	Can view Site configuration	71	view_wagtailvillageconfig
288	Can add Social media item	72	add_socialmediaitem
289	Can change Social media item	72	change_socialmediaitem
290	Can delete Social media item	72	delete_socialmediaitem
291	Can view Social media item	72	view_socialmediaitem
292	Can add editing session	73	add_editingsession
293	Can change editing session	73	change_editingsession
294	Can delete editing session	73	delete_editingsession
295	Can view editing session	73	view_editingsession
296	Can add form submission	74	add_formsubmission
297	Can change form submission	74	change_formsubmission
298	Can delete form submission	74	delete_formsubmission
299	Can view form submission	74	view_formsubmission
300	Can add redirect	75	add_redirect
301	Can change redirect	75	change_redirect
302	Can delete redirect	75	delete_redirect
303	Can view redirect	75	view_redirect
304	Can view document	30	view_document
305	Can add embed	76	add_embed
306	Can change embed	76	change_embed
307	Can delete embed	76	delete_embed
308	Can view embed	76	view_embed
309	Can view image	6	view_image
310	Can add rendition	77	add_rendition
311	Can change rendition	77	change_rendition
312	Can delete rendition	77	delete_rendition
313	Can view rendition	77	view_rendition
314	Can add index entry	78	add_indexentry
315	Can change index entry	78	change_indexentry
316	Can delete index entry	78	delete_indexentry
317	Can view index entry	78	view_indexentry
318	Can add user profile	81	add_userprofile
319	Can change user profile	81	change_userprofile
320	Can delete user profile	81	delete_userprofile
321	Can view user profile	81	view_userprofile
322	Can add flat menu	79	add_flatmenu
323	Can change flat menu	79	change_flatmenu
324	Can delete flat menu	79	delete_flatmenu
325	Can view flat menu	79	view_flatmenu
326	Can add menu item	82	add_flatmenuitem
327	Can change menu item	82	change_flatmenuitem
328	Can delete menu item	82	delete_flatmenuitem
329	Can view menu item	82	view_flatmenuitem
330	Can add main menu	80	add_mainmenu
331	Can change main menu	80	change_mainmenu
332	Can delete main menu	80	delete_mainmenu
333	Can view main menu	80	view_mainmenu
334	Can add menu item	83	add_mainmenuitem
335	Can change menu item	83	change_mainmenuitem
336	Can delete menu item	83	delete_mainmenuitem
337	Can view menu item	83	view_mainmenuitem
\.


--
-- Data for Name: auth_user; Type: TABLE DATA; Schema: public; Owner: lesgrandsvoisins
--

COPY public.auth_user (id, password, last_login, is_superuser, username, first_name, last_name, email, is_staff, is_active, date_joined) FROM stdin;
\.


--
-- Data for Name: auth_user_groups; Type: TABLE DATA; Schema: public; Owner: lesgrandsvoisins
--

COPY public.auth_user_groups (id, user_id, group_id) FROM stdin;
\.


--
-- Data for Name: auth_user_user_permissions; Type: TABLE DATA; Schema: public; Owner: lesgrandsvoisins
--

COPY public.auth_user_user_permissions (id, user_id, permission_id) FROM stdin;
\.


--
-- Data for Name: django_admin_log; Type: TABLE DATA; Schema: public; Owner: lesgrandsvoisins
--

COPY public.django_admin_log (id, action_time, object_id, object_repr, action_flag, change_message, content_type_id, user_id) FROM stdin;
\.


--
-- Data for Name: django_content_type; Type: TABLE DATA; Schema: public; Owner: lesgrandsvoisins
--

COPY public.django_content_type (id, app_label, model) FROM stdin;
1	wagtailcore	page
2	wagtailcore	groupapprovaltask
3	wagtail_localize	translation
4	wagtail_transfer	idmapping
5	wagtail_transfer	importedfile
6	wagtailimages	image
7	wagtailcore	locale
8	wagtailcore	site
9	wagtailcore	modellogentry
10	wagtailcore	collectionviewrestriction
11	wagtailcore	collection
12	wagtailcore	groupcollectionpermission
13	wagtailcore	uploadedfile
14	wagtailcore	referenceindex
15	wagtailcore	revision
16	wagtailcore	grouppagepermission
17	wagtailcore	pageviewrestriction
18	wagtailcore	workflowpage
19	wagtailcore	workflowcontenttype
20	wagtailcore	workflowtask
21	wagtailcore	task
22	wagtailcore	workflow
23	wagtailcore	workflowstate
24	wagtailcore	taskstate
25	wagtailcore	pagelogentry
26	wagtailcore	comment
27	wagtailcore	commentreply
28	wagtailcore	pagesubscription
29	wagtailadmin	admin
30	wagtaildocs	document
31	django_village	djangovillageconfig
32	django_village	villagesocialmedia
33	admin	logentry
34	auth	permission
35	auth	group
36	auth	user
37	contenttypes	contenttype
38	sessions	session
39	taggit	tag
40	taggit	taggeditem
41	wagtail_localize	string
42	wagtail_localize	template
43	wagtail_localize	translatableobject
44	wagtail_localize	translationsource
45	wagtail_localize	translationlog
46	wagtail_localize	translationcontext
47	wagtail_localize	templatesegment
48	wagtail_localize	stringsegment
49	wagtail_localize	relatedobjectsegment
50	wagtail_localize	stringtranslation
51	wagtail_localize	overridablesegment
52	wagtail_localize	segmentoverride
53	wagtail_localize	localesynchronization
54	wagtail_village_blog	blogentrypage
55	wagtail_village_blog	blogindexpage
56	wagtail_village_blog	directoryentrypage
57	wagtail_village_blog	directoryindexpage
58	wagtail_village_blog	category
59	wagtail_village_blog	categoryentrypage
60	wagtail_village_blog	person
61	wagtail_village_blog	tagentrypage
62	wagtail_village_forms	formpage
63	wagtail_village_forms	formfield
64	wagtail_village_lesgrandsvoisins	wagtailvillagelesgrandsvoisinshome
65	wagtail_village	tag
66	wagtail_village	analyticssettings
67	wagtail_village	contentpage
68	wagtail_village	megamenu
69	wagtail_village	megamenucategory
70	wagtail_village	tagcontentpage
71	wagtail_village	wagtailvillageconfig
72	wagtail_village	socialmediaitem
73	wagtailadmin	editingsession
74	wagtailforms	formsubmission
75	wagtailredirects	redirect
76	wagtailembeds	embed
77	wagtailimages	rendition
78	wagtailsearch	indexentry
79	wagtailmenus	flatmenu
80	wagtailmenus	mainmenu
81	wagtailusers	userprofile
82	wagtailmenus	flatmenuitem
83	wagtailmenus	mainmenuitem
\.


--
-- Data for Name: django_migrations; Type: TABLE DATA; Schema: public; Owner: lesgrandsvoisins
--

COPY public.django_migrations (id, app, name, applied) FROM stdin;
1	contenttypes	0001_initial	2024-10-26 09:36:03.430236+02
2	auth	0001_initial	2024-10-26 09:36:03.482349+02
3	admin	0001_initial	2024-10-26 09:36:03.498159+02
4	admin	0002_logentry_remove_auto_add	2024-10-26 09:36:03.50376+02
5	admin	0003_logentry_add_action_flag_choices	2024-10-26 09:36:03.509323+02
6	contenttypes	0002_remove_content_type_name	2024-10-26 09:36:03.520314+02
7	auth	0002_alter_permission_name_max_length	2024-10-26 09:36:03.52694+02
8	auth	0003_alter_user_email_max_length	2024-10-26 09:36:03.533173+02
9	auth	0004_alter_user_username_opts	2024-10-26 09:36:03.539535+02
10	auth	0005_alter_user_last_login_null	2024-10-26 09:36:03.544807+02
11	auth	0006_require_contenttypes_0002	2024-10-26 09:36:03.546115+02
12	auth	0007_alter_validators_add_error_messages	2024-10-26 09:36:03.551244+02
13	auth	0008_alter_user_username_max_length	2024-10-26 09:36:03.559204+02
14	auth	0009_alter_user_last_name_max_length	2024-10-26 09:36:03.564108+02
15	auth	0010_alter_group_name_max_length	2024-10-26 09:36:03.57057+02
16	auth	0011_update_proxy_permissions	2024-10-26 09:36:03.575582+02
17	auth	0012_alter_user_first_name_max_length	2024-10-26 09:36:03.581638+02
18	django_village	0001_initial	2024-10-26 09:36:03.600511+02
19	django_village	0002_alter_djangovillageconfig_language	2024-10-26 09:36:03.608246+02
20	sessions	0001_initial	2024-10-26 09:36:03.617645+02
21	taggit	0001_initial	2024-10-26 09:36:03.679619+02
22	taggit	0002_auto_20150616_2121	2024-10-26 09:36:03.684876+02
23	taggit	0003_taggeditem_add_unique_index	2024-10-26 09:36:03.690568+02
24	taggit	0004_alter_taggeditem_content_type_alter_taggeditem_tag	2024-10-26 09:36:03.701396+02
25	taggit	0005_auto_20220424_2025	2024-10-26 09:36:03.704702+02
26	taggit	0006_rename_taggeditem_content_type_object_id_taggit_tagg_content_8fc721_idx	2024-10-26 09:36:03.71358+02
27	wagtailcore	0001_initial	2024-10-26 09:36:03.847788+02
28	wagtailcore	0002_initial_data	2024-10-26 09:36:03.848755+02
29	wagtailcore	0003_add_uniqueness_constraint_on_group_page_permission	2024-10-26 09:36:03.849536+02
30	wagtailcore	0004_page_locked	2024-10-26 09:36:03.850216+02
31	wagtailcore	0005_add_page_lock_permission_to_moderators	2024-10-26 09:36:03.850909+02
32	wagtailcore	0006_add_lock_page_permission	2024-10-26 09:36:03.851623+02
33	wagtailcore	0007_page_latest_revision_created_at	2024-10-26 09:36:03.85263+02
34	wagtailcore	0008_populate_latest_revision_created_at	2024-10-26 09:36:03.853661+02
35	wagtailcore	0009_remove_auto_now_add_from_pagerevision_created_at	2024-10-26 09:36:03.854688+02
36	wagtailcore	0010_change_page_owner_to_null_on_delete	2024-10-26 09:36:03.855677+02
37	wagtailcore	0011_page_first_published_at	2024-10-26 09:36:03.856395+02
38	wagtailcore	0012_extend_page_slug_field	2024-10-26 09:36:03.857598+02
39	wagtailcore	0013_update_golive_expire_help_text	2024-10-26 09:36:03.858284+02
40	wagtailcore	0014_add_verbose_name	2024-10-26 09:36:03.85903+02
41	wagtailcore	0015_add_more_verbose_names	2024-10-26 09:36:03.85979+02
42	wagtailcore	0016_change_page_url_path_to_text_field	2024-10-26 09:36:03.860496+02
43	wagtailcore	0017_change_edit_page_permission_description	2024-10-26 09:36:03.867215+02
44	wagtailcore	0018_pagerevision_submitted_for_moderation_index	2024-10-26 09:36:03.877707+02
45	wagtailcore	0019_verbose_names_cleanup	2024-10-26 09:36:03.910014+02
46	wagtailcore	0020_add_index_on_page_first_published_at	2024-10-26 09:36:03.922323+02
47	wagtailcore	0021_capitalizeverbose	2024-10-26 09:36:04.120029+02
48	wagtailcore	0022_add_site_name	2024-10-26 09:36:04.131463+02
49	wagtailcore	0023_alter_page_revision_on_delete_behaviour	2024-10-26 09:36:04.139965+02
50	wagtailcore	0024_collection	2024-10-26 09:36:04.151794+02
51	wagtailcore	0025_collection_initial_data	2024-10-26 09:36:04.166471+02
52	wagtailcore	0026_group_collection_permission	2024-10-26 09:36:04.20084+02
53	wagtailcore	0027_fix_collection_path_collation	2024-10-26 09:36:04.216604+02
54	wagtailcore	0024_alter_page_content_type_on_delete_behaviour	2024-10-26 09:36:04.228904+02
55	wagtailcore	0028_merge	2024-10-26 09:36:04.230098+02
56	wagtailcore	0029_unicode_slugfield_dj19	2024-10-26 09:36:04.237942+02
57	wagtailcore	0030_index_on_pagerevision_created_at	2024-10-26 09:36:04.247322+02
58	wagtailcore	0031_add_page_view_restriction_types	2024-10-26 09:36:04.286565+02
59	wagtailcore	0032_add_bulk_delete_page_permission	2024-10-26 09:36:04.29543+02
60	wagtailcore	0033_remove_golive_expiry_help_text	2024-10-26 09:36:04.314398+02
61	wagtailcore	0034_page_live_revision	2024-10-26 09:36:04.330253+02
62	wagtailcore	0035_page_last_published_at	2024-10-26 09:36:04.394631+02
63	wagtailcore	0036_populate_page_last_published_at	2024-10-26 09:36:04.407752+02
64	wagtailcore	0037_set_page_owner_editable	2024-10-26 09:36:04.420998+02
65	wagtailcore	0038_make_first_published_at_editable	2024-10-26 09:36:04.430341+02
66	wagtailcore	0039_collectionviewrestriction	2024-10-26 09:36:04.468208+02
67	wagtailcore	0040_page_draft_title	2024-10-26 09:36:04.493476+02
68	wagtailcore	0041_group_collection_permissions_verbose_name_plural	2024-10-26 09:36:04.501912+02
69	wagtailcore	0042_index_on_pagerevision_approved_go_live_at	2024-10-26 09:36:04.512647+02
70	wagtailcore	0043_lock_fields	2024-10-26 09:36:04.539001+02
71	wagtailcore	0044_add_unlock_grouppagepermission	2024-10-26 09:36:04.54799+02
72	wagtailcore	0045_assign_unlock_grouppagepermission	2024-10-26 09:36:04.563841+02
73	wagtailcore	0046_site_name_remove_null	2024-10-26 09:36:04.573891+02
74	wagtailcore	0047_add_workflow_models	2024-10-26 09:36:04.738149+02
75	wagtailcore	0048_add_default_workflows	2024-10-26 09:36:04.77286+02
76	wagtailcore	0049_taskstate_finished_by	2024-10-26 09:36:04.79303+02
77	wagtailcore	0050_workflow_rejected_to_needs_changes	2024-10-26 09:36:04.83285+02
78	wagtailcore	0051_taskstate_comment	2024-10-26 09:36:04.850262+02
79	wagtailcore	0052_pagelogentry	2024-10-26 09:36:04.886345+02
80	wagtailcore	0053_locale_model	2024-10-26 09:36:04.893267+02
81	wagtailcore	0054_initial_locale	2024-10-26 09:36:04.911041+02
82	wagtailcore	0055_page_locale_fields	2024-10-26 09:36:04.961482+02
83	wagtailcore	0056_page_locale_fields_populate	2024-10-26 09:36:05.039278+02
84	wagtailcore	0057_page_locale_fields_notnull	2024-10-26 09:36:05.078564+02
85	wagtailcore	0058_page_alias_of	2024-10-26 09:36:05.098381+02
86	wagtailcore	0059_apply_collection_ordering	2024-10-26 09:36:05.11942+02
87	wagtail_localize	0001_initial	2024-10-26 09:36:05.356785+02
88	wagtail_localize	0002_translation	2024-10-26 09:36:05.39292+02
89	wagtail_localize	0003_delete_translation_sources	2024-10-26 09:36:05.42028+02
90	wagtail_localize	0004_one_source_per_objectlocale	2024-10-26 09:36:05.459195+02
91	wagtail_localize	0005_remove_translationsource_object	2024-10-26 09:36:05.495925+02
92	wagtail_localize	0006_create_submit_translation_permission	2024-10-26 09:36:05.524876+02
93	wagtail_localize	0007_stringtranslation_type_and_tool_name	2024-10-26 09:36:05.542142+02
94	wagtail_localize	0008_stringtranslation_last_translated_by	2024-10-26 09:36:05.627594+02
95	wagtail_localize	0009_stringtranslation_errors	2024-10-26 09:36:05.65716+02
96	wagtail_localize	0010_overridablesegment	2024-10-26 09:36:05.688389+02
97	wagtail_localize	0011_segmentoverride	2024-10-26 09:36:05.723431+02
98	wagtail_localize	0012_localesynchronization	2024-10-26 09:36:05.753742+02
99	wagtail_localize	0013_translationsource_schema_version	2024-10-26 09:36:05.768085+02
100	wagtail_localize	0014_remove_translation_source_last_updated_at	2024-10-26 09:36:05.779586+02
101	wagtail_localize	0015_translationcontext_field_path	2024-10-26 09:36:05.787575+02
102	wagtail_localize	0016_rename_page_revision_translationlog_revision	2024-10-26 09:36:05.804788+02
103	wagtail_transfer	0001_initial	2024-10-26 09:36:05.836122+02
104	wagtail_transfer	0002_importedfile	2024-10-26 09:36:05.842583+02
105	wagtail_transfer	0003_permissions	2024-10-26 09:36:05.871738+02
106	wagtailmenus	0001_initial	2024-10-26 09:36:06.000943+02
107	wagtailmenus	0002_auto_20160129_0901	2024-10-26 09:36:06.021465+02
108	wagtailmenus	0003_auto_20160129_2339	2024-10-26 09:36:06.100762+02
109	wagtailmenus	0004_auto_20160130_0024	2024-10-26 09:36:06.179942+02
110	wagtailmenus	0005_auto_20160130_2209	2024-10-26 09:36:06.225065+02
111	wagtailmenus	0006_auto_20160131_1347	2024-10-26 09:36:06.260335+02
112	wagtailmenus	0007_auto_20160131_2000	2024-10-26 09:36:06.34484+02
113	wagtailmenus	0008_auto_20160131_2327	2024-10-26 09:36:06.43717+02
114	wagtailmenus	0009_auto_20160201_0859	2024-10-26 09:36:06.447471+02
115	wagtailmenus	0010_auto_20160201_1558	2024-10-26 09:36:06.46293+02
116	wagtailmenus	0011_auto_20160415_1519	2024-10-26 09:36:06.490904+02
117	wagtailmenus	0012_auto_20160419_0039	2024-10-26 09:36:06.613174+02
118	wagtailmenus	0013_auto_20160423_1124	2024-10-26 09:36:06.702193+02
119	wagtailmenus	0014_auto_20160423_1339	2024-10-26 09:36:06.728147+02
120	wagtailmenus	0015_auto_20160423_1348	2024-10-26 09:36:06.755629+02
121	wagtailmenus	0016_auto_20160930_0645	2024-10-26 09:36:06.783724+02
122	wagtailmenus	0017_auto_20161013_1658	2024-10-26 09:36:06.835885+02
123	wagtailmenus	0018_auto_20161204_2043	2024-10-26 09:36:06.851248+02
124	wagtailmenus	0019_auto_20161204_2143	2024-10-26 09:36:06.863023+02
125	wagtailmenus	0020_auto_20161210_0004	2024-10-26 09:36:06.951076+02
126	wagtailmenus	0021_auto_20170106_2352	2024-10-26 09:36:06.972305+02
127	wagtailmenus	0022_auto_20170913_2125	2024-10-26 09:36:06.997131+02
128	wagtailmenus	0023_remove_use_specific	2024-10-26 09:36:07.008291+02
129	wagtailimages	0001_initial	2024-10-26 09:36:07.149179+02
130	wagtailimages	0002_initial_data	2024-10-26 09:36:07.150168+02
131	wagtailimages	0003_fix_focal_point_fields	2024-10-26 09:36:07.151016+02
132	wagtailimages	0004_make_focal_point_key_not_nullable	2024-10-26 09:36:07.151902+02
133	wagtailimages	0005_make_filter_spec_unique	2024-10-26 09:36:07.152907+02
134	wagtailimages	0006_add_verbose_names	2024-10-26 09:36:07.153994+02
135	wagtailimages	0007_image_file_size	2024-10-26 09:36:07.155125+02
136	wagtailimages	0008_image_created_at_index	2024-10-26 09:36:07.156262+02
137	wagtailimages	0009_capitalizeverbose	2024-10-26 09:36:07.157055+02
138	wagtailimages	0010_change_on_delete_behaviour	2024-10-26 09:36:07.157844+02
139	wagtailimages	0011_image_collection	2024-10-26 09:36:07.15864+02
140	wagtailimages	0012_copy_image_permissions_to_collections	2024-10-26 09:36:07.159516+02
141	wagtailimages	0013_make_rendition_upload_callable	2024-10-26 09:36:07.160317+02
142	wagtailimages	0014_add_filter_spec_field	2024-10-26 09:36:07.161115+02
143	wagtailimages	0015_fill_filter_spec_field	2024-10-26 09:36:07.161874+02
144	wagtailimages	0016_deprecate_rendition_filter_relation	2024-10-26 09:36:07.162707+02
145	wagtailimages	0017_reduce_focal_point_key_max_length	2024-10-26 09:36:07.163442+02
146	wagtailimages	0018_remove_rendition_filter	2024-10-26 09:36:07.164203+02
147	wagtailimages	0019_delete_filter	2024-10-26 09:36:07.164975+02
148	wagtailimages	0020_add-verbose-name	2024-10-26 09:36:07.165733+02
149	wagtailimages	0021_image_file_hash	2024-10-26 09:36:07.166879+02
150	wagtailimages	0022_uploadedimage	2024-10-26 09:36:07.261762+02
151	wagtailimages	0023_add_choose_permissions	2024-10-26 09:36:07.336398+02
152	wagtailimages	0024_index_image_file_hash	2024-10-26 09:36:07.354883+02
153	wagtailimages	0025_alter_image_file_alter_rendition_file	2024-10-26 09:36:07.38436+02
154	wagtailimages	0026_delete_uploadedimage	2024-10-26 09:36:07.387256+02
155	wagtailcore	0060_fix_workflow_unique_constraint	2024-10-26 09:36:07.433225+02
156	wagtailcore	0061_change_promote_tab_helpt_text_and_verbose_names	2024-10-26 09:36:07.471884+02
157	wagtailcore	0062_comment_models_and_pagesubscription	2024-10-26 09:36:07.582253+02
158	wagtailcore	0063_modellogentry	2024-10-26 09:36:07.628627+02
159	wagtailcore	0064_log_timestamp_indexes	2024-10-26 09:36:07.669277+02
160	wagtailcore	0065_log_entry_uuid	2024-10-26 09:36:07.706474+02
161	wagtailcore	0066_collection_management_permissions	2024-10-26 09:36:07.74039+02
162	wagtailcore	0067_alter_pagerevision_content_json	2024-10-26 09:36:07.847241+02
163	wagtailcore	0068_log_entry_empty_object	2024-10-26 09:36:07.880327+02
164	wagtailcore	0069_log_entry_jsonfield	2024-10-26 09:36:07.976302+02
165	wagtailcore	0070_rename_pagerevision_revision	2024-10-26 09:36:08.243352+02
166	wagtailcore	0071_populate_revision_content_type	2024-10-26 09:36:08.279112+02
167	wagtailcore	0072_alter_revision_content_type_notnull	2024-10-26 09:36:08.407533+02
168	wagtailcore	0073_page_latest_revision	2024-10-26 09:36:08.448289+02
169	wagtailcore	0074_revision_object_str	2024-10-26 09:36:08.470237+02
170	wagtailcore	0075_populate_latest_revision_and_revision_object_str	2024-10-26 09:36:08.536494+02
171	wagtailcore	0076_modellogentry_revision	2024-10-26 09:36:08.574776+02
172	wagtailcore	0077_alter_revision_user	2024-10-26 09:36:08.60922+02
173	wagtailcore	0078_referenceindex	2024-10-26 09:36:08.656127+02
174	wagtailcore	0079_rename_taskstate_page_revision	2024-10-26 09:36:08.683942+02
175	wagtailcore	0080_generic_workflowstate	2024-10-26 09:36:08.926541+02
176	wagtailcore	0081_populate_workflowstate_content_type	2024-10-26 09:36:08.964587+02
177	wagtailcore	0082_alter_workflowstate_content_type_notnull	2024-10-26 09:36:09.035563+02
178	wagtailcore	0083_workflowcontenttype	2024-10-26 09:36:09.076775+02
179	wagtailcore	0084_add_default_page_permissions	2024-10-26 09:36:09.100239+02
180	wagtailcore	0085_add_grouppagepermission_permission	2024-10-26 09:36:09.153768+02
181	wagtailcore	0086_populate_grouppagepermission_permission	2024-10-26 09:36:09.236964+02
182	wagtailcore	0087_alter_grouppagepermission_unique_together_and_more	2024-10-26 09:36:09.301844+02
183	wagtailcore	0088_fix_log_entry_json_timestamps	2024-10-26 09:36:09.441145+02
184	wagtailcore	0089_log_entry_data_json_null_to_object	2024-10-26 09:36:09.476919+02
185	wagtailcore	0090_remove_grouppagepermission_permission_type	2024-10-26 09:36:09.554217+02
186	wagtailcore	0091_remove_revision_submitted_for_moderation	2024-10-26 09:36:09.574645+02
187	wagtailcore	0092_alter_collectionviewrestriction_password_and_more	2024-10-26 09:36:09.62292+02
188	wagtailcore	0093_uploadedfile	2024-10-26 09:36:09.664101+02
189	wagtailcore	0094_alter_page_locale	2024-10-26 09:36:09.697071+02
190	wagtail_village	0001_initial	2024-10-26 09:36:10.068818+02
191	wagtail_village_blog	0001_initial	2024-10-26 09:36:10.574514+02
192	wagtail_village_forms	0001_initial	2024-10-26 09:36:10.667803+02
193	wagtail_village_lesgrandsvoisins	0001_initial	2024-10-26 09:36:10.725703+02
194	wagtailadmin	0001_create_admin_access_permissions	2024-10-26 09:36:10.774574+02
195	wagtailadmin	0002_admin	2024-10-26 09:36:10.776915+02
196	wagtailadmin	0003_admin_managed	2024-10-26 09:36:10.781751+02
197	wagtailadmin	0004_editingsession	2024-10-26 09:36:10.900928+02
198	wagtailadmin	0005_editingsession_is_editing	2024-10-26 09:36:10.923048+02
199	wagtaildocs	0001_initial	2024-10-26 09:36:10.97852+02
200	wagtaildocs	0002_initial_data	2024-10-26 09:36:11.033911+02
201	wagtaildocs	0003_add_verbose_names	2024-10-26 09:36:11.11795+02
202	wagtaildocs	0004_capitalizeverbose	2024-10-26 09:36:11.345867+02
203	wagtaildocs	0005_document_collection	2024-10-26 09:36:11.407455+02
204	wagtaildocs	0006_copy_document_permissions_to_collections	2024-10-26 09:36:11.461423+02
205	wagtaildocs	0005_alter_uploaded_by_user_on_delete_action	2024-10-26 09:36:11.512786+02
206	wagtaildocs	0007_merge	2024-10-26 09:36:11.514434+02
207	wagtaildocs	0008_document_file_size	2024-10-26 09:36:11.540238+02
208	wagtaildocs	0009_document_verbose_name_plural	2024-10-26 09:36:11.567148+02
209	wagtaildocs	0010_document_file_hash	2024-10-26 09:36:11.594949+02
210	wagtaildocs	0011_add_choose_permissions	2024-10-26 09:36:11.713318+02
211	wagtaildocs	0012_uploadeddocument	2024-10-26 09:36:11.77352+02
212	wagtaildocs	0013_delete_uploadeddocument	2024-10-26 09:36:11.776594+02
213	wagtailembeds	0001_initial	2024-10-26 09:36:11.789426+02
214	wagtailembeds	0002_add_verbose_names	2024-10-26 09:36:11.794016+02
215	wagtailembeds	0003_capitalizeverbose	2024-10-26 09:36:11.799738+02
216	wagtailembeds	0004_embed_verbose_name_plural	2024-10-26 09:36:11.804026+02
217	wagtailembeds	0005_specify_thumbnail_url_max_length	2024-10-26 09:36:11.881316+02
218	wagtailembeds	0006_add_embed_hash	2024-10-26 09:36:11.886057+02
219	wagtailembeds	0007_populate_hash	2024-10-26 09:36:11.934401+02
220	wagtailembeds	0008_allow_long_urls	2024-10-26 09:36:11.957722+02
221	wagtailembeds	0009_embed_cache_until	2024-10-26 09:36:11.964498+02
222	wagtailforms	0001_initial	2024-10-26 09:36:12.018852+02
223	wagtailforms	0002_add_verbose_names	2024-10-26 09:36:12.04741+02
224	wagtailforms	0003_capitalizeverbose	2024-10-26 09:36:12.077086+02
225	wagtailforms	0004_add_verbose_name_plural	2024-10-26 09:36:12.090896+02
226	wagtailforms	0005_alter_formsubmission_form_data	2024-10-26 09:36:12.115869+02
227	wagtailredirects	0001_initial	2024-10-26 09:36:12.177821+02
228	wagtailredirects	0002_add_verbose_names	2024-10-26 09:36:12.241192+02
229	wagtailredirects	0003_make_site_field_editable	2024-10-26 09:36:12.291146+02
230	wagtailredirects	0004_set_unique_on_path_and_site	2024-10-26 09:36:12.329431+02
231	wagtailredirects	0005_capitalizeverbose	2024-10-26 09:36:12.537896+02
232	wagtailredirects	0006_redirect_increase_max_length	2024-10-26 09:36:12.560088+02
233	wagtailredirects	0007_add_autocreate_fields	2024-10-26 09:36:12.610495+02
234	wagtailredirects	0008_add_verbose_name_plural	2024-10-26 09:36:12.627636+02
235	wagtailsearch	0001_initial	2024-10-26 09:36:12.751022+02
236	wagtailsearch	0002_add_verbose_names	2024-10-26 09:36:12.892099+02
237	wagtailsearch	0003_remove_editors_pick	2024-10-26 09:36:12.895381+02
238	wagtailsearch	0004_querydailyhits_verbose_name_plural	2024-10-26 09:36:12.900349+02
239	wagtailsearch	0005_create_indexentry	2024-10-26 09:36:12.972751+02
240	wagtailsearch	0006_customise_indexentry	2024-10-26 09:36:13.055181+02
241	wagtailsearch	0007_delete_editorspick	2024-10-26 09:36:13.059713+02
242	wagtailsearch	0008_remove_query_and_querydailyhits_models	2024-10-26 09:36:13.073269+02
243	wagtailusers	0001_initial	2024-10-26 09:36:13.131392+02
244	wagtailusers	0002_add_verbose_name_on_userprofile	2024-10-26 09:36:13.181297+02
245	wagtailusers	0003_add_verbose_names	2024-10-26 09:36:13.201063+02
246	wagtailusers	0004_capitalizeverbose	2024-10-26 09:36:13.268122+02
247	wagtailusers	0005_make_related_name_wagtail_specific	2024-10-26 09:36:13.319548+02
248	wagtailusers	0006_userprofile_prefered_language	2024-10-26 09:36:13.337414+02
249	wagtailusers	0007_userprofile_current_time_zone	2024-10-26 09:36:13.358083+02
250	wagtailusers	0008_userprofile_avatar	2024-10-26 09:36:13.443815+02
251	wagtailusers	0009_userprofile_verbose_name_plural	2024-10-26 09:36:13.460914+02
252	wagtailusers	0010_userprofile_updated_comments_notifications	2024-10-26 09:36:13.481225+02
253	wagtailusers	0011_userprofile_dismissibles	2024-10-26 09:36:13.501379+02
254	wagtailusers	0012_userprofile_theme	2024-10-26 09:36:13.521371+02
255	wagtailusers	0013_userprofile_density	2024-10-26 09:36:13.541385+02
256	wagtailimages	0001_squashed_0021	2024-10-26 09:36:13.544678+02
257	wagtailcore	0001_squashed_0016_change_page_url_path_to_text_field	2024-10-26 09:36:13.546329+02
\.


--
-- Data for Name: django_session; Type: TABLE DATA; Schema: public; Owner: lesgrandsvoisins
--

COPY public.django_session (session_key, session_data, expire_date) FROM stdin;
\.


--
-- Data for Name: django_village_djangovillageconfig; Type: TABLE DATA; Schema: public; Owner: lesgrandsvoisins
--

COPY public.django_village_djangovillageconfig (id, language, site_title, site_tagline, notice, header_brand, header_brand_html, beta_tag, footer_brand, footer_brand_html, footer_description, newsletter_description, newsletter_url, operator_logo_file, operator_logo_alt, operator_logo_width, mourning, accessibility_status) FROM stdin;
\.


--
-- Data for Name: django_village_villagesocialmedia; Type: TABLE DATA; Schema: public; Owner: lesgrandsvoisins
--

COPY public.django_village_villagesocialmedia (id, title, url, icon_class, site_config_id) FROM stdin;
\.


--
-- Data for Name: taggit_tag; Type: TABLE DATA; Schema: public; Owner: lesgrandsvoisins
--

COPY public.taggit_tag (id, name, slug) FROM stdin;
\.


--
-- Data for Name: taggit_taggeditem; Type: TABLE DATA; Schema: public; Owner: lesgrandsvoisins
--

COPY public.taggit_taggeditem (id, object_id, content_type_id, tag_id) FROM stdin;
\.


--
-- Data for Name: wagtail_localize_localesynchronization; Type: TABLE DATA; Schema: public; Owner: lesgrandsvoisins
--

COPY public.wagtail_localize_localesynchronization (id, locale_id, sync_from_id) FROM stdin;
\.


--
-- Data for Name: wagtail_localize_overridablesegment; Type: TABLE DATA; Schema: public; Owner: lesgrandsvoisins
--

COPY public.wagtail_localize_overridablesegment (id, "order", data_json, context_id, source_id) FROM stdin;
\.


--
-- Data for Name: wagtail_localize_relatedobjectsegment; Type: TABLE DATA; Schema: public; Owner: lesgrandsvoisins
--

COPY public.wagtail_localize_relatedobjectsegment (id, "order", context_id, object_id, source_id) FROM stdin;
\.


--
-- Data for Name: wagtail_localize_segmentoverride; Type: TABLE DATA; Schema: public; Owner: lesgrandsvoisins
--

COPY public.wagtail_localize_segmentoverride (id, created_at, updated_at, data_json, has_error, field_error, context_id, last_translated_by_id, locale_id) FROM stdin;
\.


--
-- Data for Name: wagtail_localize_string; Type: TABLE DATA; Schema: public; Owner: lesgrandsvoisins
--

COPY public.wagtail_localize_string (id, data_hash, data, locale_id) FROM stdin;
\.


--
-- Data for Name: wagtail_localize_stringsegment; Type: TABLE DATA; Schema: public; Owner: lesgrandsvoisins
--

COPY public.wagtail_localize_stringsegment (id, "order", attrs, context_id, source_id, string_id) FROM stdin;
\.


--
-- Data for Name: wagtail_localize_stringtranslation; Type: TABLE DATA; Schema: public; Owner: lesgrandsvoisins
--

COPY public.wagtail_localize_stringtranslation (id, data, created_at, updated_at, context_id, locale_id, translation_of_id, tool_name, translation_type, last_translated_by_id, field_error, has_error) FROM stdin;
\.


--
-- Data for Name: wagtail_localize_template; Type: TABLE DATA; Schema: public; Owner: lesgrandsvoisins
--

COPY public.wagtail_localize_template (id, uuid, template, template_format, string_count) FROM stdin;
\.


--
-- Data for Name: wagtail_localize_templatesegment; Type: TABLE DATA; Schema: public; Owner: lesgrandsvoisins
--

COPY public.wagtail_localize_templatesegment (id, "order", context_id, source_id, template_id) FROM stdin;
\.


--
-- Data for Name: wagtail_localize_translatableobject; Type: TABLE DATA; Schema: public; Owner: lesgrandsvoisins
--

COPY public.wagtail_localize_translatableobject (translation_key, content_type_id) FROM stdin;
\.


--
-- Data for Name: wagtail_localize_translation; Type: TABLE DATA; Schema: public; Owner: lesgrandsvoisins
--

COPY public.wagtail_localize_translation (id, uuid, created_at, translations_last_updated_at, destination_last_updated_at, enabled, source_id, target_locale_id) FROM stdin;
\.


--
-- Data for Name: wagtail_localize_translationcontext; Type: TABLE DATA; Schema: public; Owner: lesgrandsvoisins
--

COPY public.wagtail_localize_translationcontext (id, path_id, path, object_id, field_path) FROM stdin;
\.


--
-- Data for Name: wagtail_localize_translationlog; Type: TABLE DATA; Schema: public; Owner: lesgrandsvoisins
--

COPY public.wagtail_localize_translationlog (id, created_at, locale_id, revision_id, source_id) FROM stdin;
\.


--
-- Data for Name: wagtail_localize_translationsource; Type: TABLE DATA; Schema: public; Owner: lesgrandsvoisins
--

COPY public.wagtail_localize_translationsource (id, object_repr, content_json, created_at, locale_id, object_id, specific_content_type_id, last_updated_at, schema_version) FROM stdin;
\.


--
-- Data for Name: wagtail_transfer_idmapping; Type: TABLE DATA; Schema: public; Owner: lesgrandsvoisins
--

COPY public.wagtail_transfer_idmapping (uid, local_id, content_type_id) FROM stdin;
\.


--
-- Data for Name: wagtail_transfer_importedfile; Type: TABLE DATA; Schema: public; Owner: lesgrandsvoisins
--

COPY public.wagtail_transfer_importedfile (id, file, source_url, hash, size, created_at) FROM stdin;
\.


--
-- Data for Name: wagtail_village_analyticssettings; Type: TABLE DATA; Schema: public; Owner: lesgrandsvoisins
--

COPY public.wagtail_village_analyticssettings (id, head_scripts, body_scripts, site_id) FROM stdin;
\.


--
-- Data for Name: wagtail_village_blog_blogentrypage; Type: TABLE DATA; Schema: public; Owner: lesgrandsvoisins
--

COPY public.wagtail_village_blog_blogentrypage (contentpage_ptr_id, date) FROM stdin;
\.


--
-- Data for Name: wagtail_village_blog_blogentrypage_authors; Type: TABLE DATA; Schema: public; Owner: lesgrandsvoisins
--

COPY public.wagtail_village_blog_blogentrypage_authors (id, blogentrypage_id, person_id) FROM stdin;
\.


--
-- Data for Name: wagtail_village_blog_blogindexpage; Type: TABLE DATA; Schema: public; Owner: lesgrandsvoisins
--

COPY public.wagtail_village_blog_blogindexpage (contentpage_ptr_id, posts_per_page) FROM stdin;
\.


--
-- Data for Name: wagtail_village_blog_category; Type: TABLE DATA; Schema: public; Owner: lesgrandsvoisins
--

COPY public.wagtail_village_blog_category (id, translation_key, name, slug, description, colophon, locale_id, parent_id) FROM stdin;
\.


--
-- Data for Name: wagtail_village_blog_categoryentrypage; Type: TABLE DATA; Schema: public; Owner: lesgrandsvoisins
--

COPY public.wagtail_village_blog_categoryentrypage (id, category_id, page_id) FROM stdin;
\.


--
-- Data for Name: wagtail_village_blog_directoryentrypage; Type: TABLE DATA; Schema: public; Owner: lesgrandsvoisins
--

COPY public.wagtail_village_blog_directoryentrypage (blogentrypage_ptr_id) FROM stdin;
\.


--
-- Data for Name: wagtail_village_blog_directoryindexpage; Type: TABLE DATA; Schema: public; Owner: lesgrandsvoisins
--

COPY public.wagtail_village_blog_directoryindexpage (blogindexpage_ptr_id) FROM stdin;
\.


--
-- Data for Name: wagtail_village_blog_person; Type: TABLE DATA; Schema: public; Owner: lesgrandsvoisins
--

COPY public.wagtail_village_blog_person (id, name, role, organization, contact_info, image_id) FROM stdin;
\.


--
-- Data for Name: wagtail_village_blog_tagentrypage; Type: TABLE DATA; Schema: public; Owner: lesgrandsvoisins
--

COPY public.wagtail_village_blog_tagentrypage (id, content_object_id, tag_id) FROM stdin;
\.


--
-- Data for Name: wagtail_village_contentpage; Type: TABLE DATA; Schema: public; Owner: lesgrandsvoisins
--

COPY public.wagtail_village_contentpage (page_ptr_id, body, header_with_title, header_color_class, header_large, header_darken, header_cta_text, header_cta_label, header_cta_link, header_image_id) FROM stdin;
\.


--
-- Data for Name: wagtail_village_forms_formfield; Type: TABLE DATA; Schema: public; Owner: lesgrandsvoisins
--

COPY public.wagtail_village_forms_formfield (id, sort_order, clean_name, label, field_type, required, choices, default_value, help_text, page_id) FROM stdin;
\.


--
-- Data for Name: wagtail_village_forms_formpage; Type: TABLE DATA; Schema: public; Owner: lesgrandsvoisins
--

COPY public.wagtail_village_forms_formpage (contentpage_ptr_id, to_address, from_address, subject, thank_you_text) FROM stdin;
\.


--
-- Data for Name: wagtail_village_lesgrandsvoisins_wagtailvillagelesgrandsvoi7288; Type: TABLE DATA; Schema: public; Owner: lesgrandsvoisins
--

COPY public.wagtail_village_lesgrandsvoisins_wagtailvillagelesgrandsvoi7288 (contentpage_ptr_id, sections, section_1_body, section_2_description_rich, section_2_body, section_3_body) FROM stdin;
\.


--
-- Data for Name: wagtail_village_megamenu; Type: TABLE DATA; Schema: public; Owner: lesgrandsvoisins
--

COPY public.wagtail_village_megamenu (id, name, description, main_link, parent_menu_item_id) FROM stdin;
\.


--
-- Data for Name: wagtail_village_megamenucategory; Type: TABLE DATA; Schema: public; Owner: lesgrandsvoisins
--

COPY public.wagtail_village_megamenucategory (id, sort_order, category_id, mega_menu_id) FROM stdin;
\.


--
-- Data for Name: wagtail_village_socialmediaitem; Type: TABLE DATA; Schema: public; Owner: lesgrandsvoisins
--

COPY public.wagtail_village_socialmediaitem (id, sort_order, title, url, icon_class, site_config_id) FROM stdin;
\.


--
-- Data for Name: wagtail_village_tagcontentpage; Type: TABLE DATA; Schema: public; Owner: lesgrandsvoisins
--

COPY public.wagtail_village_tagcontentpage (id, content_object_id, tag_id) FROM stdin;
\.


--
-- Data for Name: wagtail_village_wagtailvillageconfig; Type: TABLE DATA; Schema: public; Owner: lesgrandsvoisins
--

COPY public.wagtail_village_wagtailvillageconfig (djangovillageconfig_ptr_id, footer_description_wagtail, search_bar, theme_modale_button, site_id) FROM stdin;
\.


--
-- Data for Name: wagtailadmin_admin; Type: TABLE DATA; Schema: public; Owner: lesgrandsvoisins
--

COPY public.wagtailadmin_admin (id) FROM stdin;
\.


--
-- Data for Name: wagtailadmin_editingsession; Type: TABLE DATA; Schema: public; Owner: lesgrandsvoisins
--

COPY public.wagtailadmin_editingsession (id, object_id, last_seen_at, content_type_id, user_id, is_editing) FROM stdin;
\.


--
-- Data for Name: wagtailcore_collection; Type: TABLE DATA; Schema: public; Owner: lesgrandsvoisins
--

COPY public.wagtailcore_collection (id, path, depth, numchild, name) FROM stdin;
1	0001	1	0	Root
\.


--
-- Data for Name: wagtailcore_collectionviewrestriction; Type: TABLE DATA; Schema: public; Owner: lesgrandsvoisins
--

COPY public.wagtailcore_collectionviewrestriction (id, restriction_type, password, collection_id) FROM stdin;
\.


--
-- Data for Name: wagtailcore_collectionviewrestriction_groups; Type: TABLE DATA; Schema: public; Owner: lesgrandsvoisins
--

COPY public.wagtailcore_collectionviewrestriction_groups (id, collectionviewrestriction_id, group_id) FROM stdin;
\.


--
-- Data for Name: wagtailcore_comment; Type: TABLE DATA; Schema: public; Owner: lesgrandsvoisins
--

COPY public.wagtailcore_comment (id, text, contentpath, "position", created_at, updated_at, resolved_at, page_id, resolved_by_id, revision_created_id, user_id) FROM stdin;
\.


--
-- Data for Name: wagtailcore_commentreply; Type: TABLE DATA; Schema: public; Owner: lesgrandsvoisins
--

COPY public.wagtailcore_commentreply (id, text, created_at, updated_at, comment_id, user_id) FROM stdin;
\.


--
-- Data for Name: wagtailcore_groupapprovaltask; Type: TABLE DATA; Schema: public; Owner: lesgrandsvoisins
--

COPY public.wagtailcore_groupapprovaltask (task_ptr_id) FROM stdin;
1
\.


--
-- Data for Name: wagtailcore_groupapprovaltask_groups; Type: TABLE DATA; Schema: public; Owner: lesgrandsvoisins
--

COPY public.wagtailcore_groupapprovaltask_groups (id, groupapprovaltask_id, group_id) FROM stdin;
1	1	1
\.


--
-- Data for Name: wagtailcore_groupcollectionpermission; Type: TABLE DATA; Schema: public; Owner: lesgrandsvoisins
--

COPY public.wagtailcore_groupcollectionpermission (id, collection_id, group_id, permission_id) FROM stdin;
1	1	1	3
2	1	2	3
3	1	1	4
4	1	2	4
5	1	1	108
6	1	2	108
7	1	1	109
8	1	2	109
9	1	1	111
10	1	2	111
\.


--
-- Data for Name: wagtailcore_grouppagepermission; Type: TABLE DATA; Schema: public; Owner: lesgrandsvoisins
--

COPY public.wagtailcore_grouppagepermission (id, group_id, page_id, permission_id) FROM stdin;
1	1	1	39
2	1	1	40
3	1	1	45
4	2	1	39
5	2	1	40
6	1	1	44
7	1	1	46
\.


--
-- Data for Name: wagtailcore_locale; Type: TABLE DATA; Schema: public; Owner: lesgrandsvoisins
--

COPY public.wagtailcore_locale (id, language_code) FROM stdin;
1	fr
\.


--
-- Data for Name: wagtailcore_modellogentry; Type: TABLE DATA; Schema: public; Owner: lesgrandsvoisins
--

COPY public.wagtailcore_modellogentry (id, label, action, data, "timestamp", content_changed, deleted, object_id, content_type_id, user_id, uuid, revision_id) FROM stdin;
\.


--
-- Data for Name: wagtailcore_page; Type: TABLE DATA; Schema: public; Owner: lesgrandsvoisins
--

COPY public.wagtailcore_page (id, path, depth, numchild, title, slug, live, has_unpublished_changes, url_path, seo_title, show_in_menus, search_description, go_live_at, expire_at, expired, content_type_id, owner_id, locked, latest_revision_created_at, first_published_at, live_revision_id, last_published_at, draft_title, locked_at, locked_by_id, translation_key, locale_id, alias_of_id, latest_revision_id) FROM stdin;
1	0001	1	1	Root	root	t	f	/		f		\N	\N	f	1	\N	f	\N	\N	\N	\N	Root	\N	\N	1aafa5aa-038b-4cb0-b053-5765467d1b4f	1	\N	\N
2	00010001	2	0	Welcome to your new Wagtail site!	home	t	f	/home/		f		\N	\N	f	1	\N	f	\N	\N	\N	\N	Welcome to your new Wagtail site!	\N	\N	edef78de-97f4-419d-a9b1-01a23be614ce	1	\N	\N
\.


--
-- Data for Name: wagtailcore_pagelogentry; Type: TABLE DATA; Schema: public; Owner: lesgrandsvoisins
--

COPY public.wagtailcore_pagelogentry (id, label, action, data, "timestamp", content_changed, deleted, content_type_id, page_id, revision_id, user_id, uuid) FROM stdin;
\.


--
-- Data for Name: wagtailcore_pagesubscription; Type: TABLE DATA; Schema: public; Owner: lesgrandsvoisins
--

COPY public.wagtailcore_pagesubscription (id, comment_notifications, page_id, user_id) FROM stdin;
\.


--
-- Data for Name: wagtailcore_pageviewrestriction; Type: TABLE DATA; Schema: public; Owner: lesgrandsvoisins
--

COPY public.wagtailcore_pageviewrestriction (id, password, page_id, restriction_type) FROM stdin;
\.


--
-- Data for Name: wagtailcore_pageviewrestriction_groups; Type: TABLE DATA; Schema: public; Owner: lesgrandsvoisins
--

COPY public.wagtailcore_pageviewrestriction_groups (id, pageviewrestriction_id, group_id) FROM stdin;
\.


--
-- Data for Name: wagtailcore_referenceindex; Type: TABLE DATA; Schema: public; Owner: lesgrandsvoisins
--

COPY public.wagtailcore_referenceindex (id, object_id, to_object_id, model_path, content_path, content_path_hash, base_content_type_id, content_type_id, to_content_type_id) FROM stdin;
\.


--
-- Data for Name: wagtailcore_revision; Type: TABLE DATA; Schema: public; Owner: lesgrandsvoisins
--

COPY public.wagtailcore_revision (id, created_at, content, approved_go_live_at, object_id, user_id, content_type_id, base_content_type_id, object_str) FROM stdin;
\.


--
-- Data for Name: wagtailcore_site; Type: TABLE DATA; Schema: public; Owner: lesgrandsvoisins
--

COPY public.wagtailcore_site (id, hostname, port, is_default_site, root_page_id, site_name) FROM stdin;
1	localhost	80	t	2	
\.


--
-- Data for Name: wagtailcore_task; Type: TABLE DATA; Schema: public; Owner: lesgrandsvoisins
--

COPY public.wagtailcore_task (id, name, active, content_type_id) FROM stdin;
1	Moderators approval	t	2
\.


--
-- Data for Name: wagtailcore_taskstate; Type: TABLE DATA; Schema: public; Owner: lesgrandsvoisins
--

COPY public.wagtailcore_taskstate (id, status, started_at, finished_at, content_type_id, revision_id, task_id, workflow_state_id, finished_by_id, comment) FROM stdin;
\.


--
-- Data for Name: wagtailcore_uploadedfile; Type: TABLE DATA; Schema: public; Owner: lesgrandsvoisins
--

COPY public.wagtailcore_uploadedfile (id, file, for_content_type_id, uploaded_by_user_id) FROM stdin;
\.


--
-- Data for Name: wagtailcore_workflow; Type: TABLE DATA; Schema: public; Owner: lesgrandsvoisins
--

COPY public.wagtailcore_workflow (id, name, active) FROM stdin;
1	Moderators approval	t
\.


--
-- Data for Name: wagtailcore_workflowcontenttype; Type: TABLE DATA; Schema: public; Owner: lesgrandsvoisins
--

COPY public.wagtailcore_workflowcontenttype (content_type_id, workflow_id) FROM stdin;
\.


--
-- Data for Name: wagtailcore_workflowpage; Type: TABLE DATA; Schema: public; Owner: lesgrandsvoisins
--

COPY public.wagtailcore_workflowpage (page_id, workflow_id) FROM stdin;
1	1
\.


--
-- Data for Name: wagtailcore_workflowstate; Type: TABLE DATA; Schema: public; Owner: lesgrandsvoisins
--

COPY public.wagtailcore_workflowstate (id, status, created_at, current_task_state_id, object_id, requested_by_id, workflow_id, content_type_id, base_content_type_id) FROM stdin;
\.


--
-- Data for Name: wagtailcore_workflowtask; Type: TABLE DATA; Schema: public; Owner: lesgrandsvoisins
--

COPY public.wagtailcore_workflowtask (id, sort_order, task_id, workflow_id) FROM stdin;
1	0	1	1
\.


--
-- Data for Name: wagtaildocs_document; Type: TABLE DATA; Schema: public; Owner: lesgrandsvoisins
--

COPY public.wagtaildocs_document (id, title, file, created_at, uploaded_by_user_id, collection_id, file_size, file_hash) FROM stdin;
\.


--
-- Data for Name: wagtailembeds_embed; Type: TABLE DATA; Schema: public; Owner: lesgrandsvoisins
--

COPY public.wagtailembeds_embed (id, url, max_width, type, html, title, author_name, provider_name, thumbnail_url, width, height, last_updated, hash, cache_until) FROM stdin;
\.


--
-- Data for Name: wagtailforms_formsubmission; Type: TABLE DATA; Schema: public; Owner: lesgrandsvoisins
--

COPY public.wagtailforms_formsubmission (id, form_data, submit_time, page_id) FROM stdin;
\.


--
-- Data for Name: wagtailimages_image; Type: TABLE DATA; Schema: public; Owner: lesgrandsvoisins
--

COPY public.wagtailimages_image (id, title, file, width, height, created_at, focal_point_x, focal_point_y, focal_point_width, focal_point_height, uploaded_by_user_id, file_size, collection_id, file_hash) FROM stdin;
\.


--
-- Data for Name: wagtailimages_rendition; Type: TABLE DATA; Schema: public; Owner: lesgrandsvoisins
--

COPY public.wagtailimages_rendition (id, file, width, height, focal_point_key, filter_spec, image_id) FROM stdin;
\.


--
-- Data for Name: wagtailmenus_flatmenu; Type: TABLE DATA; Schema: public; Owner: lesgrandsvoisins
--

COPY public.wagtailmenus_flatmenu (id, title, handle, heading, site_id, max_levels) FROM stdin;
\.


--
-- Data for Name: wagtailmenus_flatmenuitem; Type: TABLE DATA; Schema: public; Owner: lesgrandsvoisins
--

COPY public.wagtailmenus_flatmenuitem (id, sort_order, link_text, link_url, link_page_id, menu_id, url_append, allow_subnav, handle) FROM stdin;
\.


--
-- Data for Name: wagtailmenus_mainmenu; Type: TABLE DATA; Schema: public; Owner: lesgrandsvoisins
--

COPY public.wagtailmenus_mainmenu (id, site_id, max_levels) FROM stdin;
\.


--
-- Data for Name: wagtailmenus_mainmenuitem; Type: TABLE DATA; Schema: public; Owner: lesgrandsvoisins
--

COPY public.wagtailmenus_mainmenuitem (id, sort_order, link_text, link_url, link_page_id, menu_id, allow_subnav, url_append, handle) FROM stdin;
\.


--
-- Data for Name: wagtailredirects_redirect; Type: TABLE DATA; Schema: public; Owner: lesgrandsvoisins
--

COPY public.wagtailredirects_redirect (id, old_path, is_permanent, redirect_link, redirect_page_id, site_id, automatically_created, created_at, redirect_page_route_path) FROM stdin;
\.


--
-- Data for Name: wagtailsearch_indexentry; Type: TABLE DATA; Schema: public; Owner: lesgrandsvoisins
--

COPY public.wagtailsearch_indexentry (id, object_id, title_norm, content_type_id, autocomplete, title, body) FROM stdin;
\.


--
-- Data for Name: wagtailusers_userprofile; Type: TABLE DATA; Schema: public; Owner: lesgrandsvoisins
--

COPY public.wagtailusers_userprofile (id, submitted_notifications, approved_notifications, rejected_notifications, user_id, preferred_language, current_time_zone, avatar, updated_comments_notifications, dismissibles, theme, density) FROM stdin;
\.


--
-- Name: auth_group_id_seq; Type: SEQUENCE SET; Schema: public; Owner: lesgrandsvoisins
--

SELECT pg_catalog.setval('public.auth_group_id_seq', 2, true);


--
-- Name: auth_group_permissions_id_seq; Type: SEQUENCE SET; Schema: public; Owner: lesgrandsvoisins
--

SELECT pg_catalog.setval('public.auth_group_permissions_id_seq', 18, true);


--
-- Name: auth_permission_id_seq; Type: SEQUENCE SET; Schema: public; Owner: lesgrandsvoisins
--

SELECT pg_catalog.setval('public.auth_permission_id_seq', 337, true);


--
-- Name: auth_user_groups_id_seq; Type: SEQUENCE SET; Schema: public; Owner: lesgrandsvoisins
--

SELECT pg_catalog.setval('public.auth_user_groups_id_seq', 1, false);


--
-- Name: auth_user_id_seq; Type: SEQUENCE SET; Schema: public; Owner: lesgrandsvoisins
--

SELECT pg_catalog.setval('public.auth_user_id_seq', 1, false);


--
-- Name: auth_user_user_permissions_id_seq; Type: SEQUENCE SET; Schema: public; Owner: lesgrandsvoisins
--

SELECT pg_catalog.setval('public.auth_user_user_permissions_id_seq', 1, false);


--
-- Name: django_admin_log_id_seq; Type: SEQUENCE SET; Schema: public; Owner: lesgrandsvoisins
--

SELECT pg_catalog.setval('public.django_admin_log_id_seq', 1, false);


--
-- Name: django_content_type_id_seq; Type: SEQUENCE SET; Schema: public; Owner: lesgrandsvoisins
--

SELECT pg_catalog.setval('public.django_content_type_id_seq', 83, true);


--
-- Name: django_migrations_id_seq; Type: SEQUENCE SET; Schema: public; Owner: lesgrandsvoisins
--

SELECT pg_catalog.setval('public.django_migrations_id_seq', 257, true);


--
-- Name: django_village_djangovillageconfig_id_seq; Type: SEQUENCE SET; Schema: public; Owner: lesgrandsvoisins
--

SELECT pg_catalog.setval('public.django_village_djangovillageconfig_id_seq', 1, false);


--
-- Name: django_village_villagesocialmedia_id_seq; Type: SEQUENCE SET; Schema: public; Owner: lesgrandsvoisins
--

SELECT pg_catalog.setval('public.django_village_villagesocialmedia_id_seq', 1, false);


--
-- Name: taggit_tag_id_seq; Type: SEQUENCE SET; Schema: public; Owner: lesgrandsvoisins
--

SELECT pg_catalog.setval('public.taggit_tag_id_seq', 1, false);


--
-- Name: taggit_taggeditem_id_seq; Type: SEQUENCE SET; Schema: public; Owner: lesgrandsvoisins
--

SELECT pg_catalog.setval('public.taggit_taggeditem_id_seq', 1, false);


--
-- Name: wagtail_localize_localesynchronization_id_seq; Type: SEQUENCE SET; Schema: public; Owner: lesgrandsvoisins
--

SELECT pg_catalog.setval('public.wagtail_localize_localesynchronization_id_seq', 1, false);


--
-- Name: wagtail_localize_overridablesegment_id_seq; Type: SEQUENCE SET; Schema: public; Owner: lesgrandsvoisins
--

SELECT pg_catalog.setval('public.wagtail_localize_overridablesegment_id_seq', 1, false);


--
-- Name: wagtail_localize_relatedobjectsegment_id_seq; Type: SEQUENCE SET; Schema: public; Owner: lesgrandsvoisins
--

SELECT pg_catalog.setval('public.wagtail_localize_relatedobjectsegment_id_seq', 1, false);


--
-- Name: wagtail_localize_segmentoverride_id_seq; Type: SEQUENCE SET; Schema: public; Owner: lesgrandsvoisins
--

SELECT pg_catalog.setval('public.wagtail_localize_segmentoverride_id_seq', 1, false);


--
-- Name: wagtail_localize_string_id_seq; Type: SEQUENCE SET; Schema: public; Owner: lesgrandsvoisins
--

SELECT pg_catalog.setval('public.wagtail_localize_string_id_seq', 1, false);


--
-- Name: wagtail_localize_stringsegment_id_seq; Type: SEQUENCE SET; Schema: public; Owner: lesgrandsvoisins
--

SELECT pg_catalog.setval('public.wagtail_localize_stringsegment_id_seq', 1, false);


--
-- Name: wagtail_localize_stringtranslation_id_seq; Type: SEQUENCE SET; Schema: public; Owner: lesgrandsvoisins
--

SELECT pg_catalog.setval('public.wagtail_localize_stringtranslation_id_seq', 1, false);


--
-- Name: wagtail_localize_template_id_seq; Type: SEQUENCE SET; Schema: public; Owner: lesgrandsvoisins
--

SELECT pg_catalog.setval('public.wagtail_localize_template_id_seq', 1, false);


--
-- Name: wagtail_localize_templatesegment_id_seq; Type: SEQUENCE SET; Schema: public; Owner: lesgrandsvoisins
--

SELECT pg_catalog.setval('public.wagtail_localize_templatesegment_id_seq', 1, false);


--
-- Name: wagtail_localize_translation_id_seq; Type: SEQUENCE SET; Schema: public; Owner: lesgrandsvoisins
--

SELECT pg_catalog.setval('public.wagtail_localize_translation_id_seq', 1, false);


--
-- Name: wagtail_localize_translationcontext_id_seq; Type: SEQUENCE SET; Schema: public; Owner: lesgrandsvoisins
--

SELECT pg_catalog.setval('public.wagtail_localize_translationcontext_id_seq', 1, false);


--
-- Name: wagtail_localize_translationlog_id_seq; Type: SEQUENCE SET; Schema: public; Owner: lesgrandsvoisins
--

SELECT pg_catalog.setval('public.wagtail_localize_translationlog_id_seq', 1, false);


--
-- Name: wagtail_localize_translationsource_id_seq; Type: SEQUENCE SET; Schema: public; Owner: lesgrandsvoisins
--

SELECT pg_catalog.setval('public.wagtail_localize_translationsource_id_seq', 1, false);


--
-- Name: wagtail_transfer_importedfile_id_seq; Type: SEQUENCE SET; Schema: public; Owner: lesgrandsvoisins
--

SELECT pg_catalog.setval('public.wagtail_transfer_importedfile_id_seq', 1, false);


--
-- Name: wagtail_village_analyticssettings_id_seq; Type: SEQUENCE SET; Schema: public; Owner: lesgrandsvoisins
--

SELECT pg_catalog.setval('public.wagtail_village_analyticssettings_id_seq', 1, false);


--
-- Name: wagtail_village_blog_blogentrypage_authors_id_seq; Type: SEQUENCE SET; Schema: public; Owner: lesgrandsvoisins
--

SELECT pg_catalog.setval('public.wagtail_village_blog_blogentrypage_authors_id_seq', 1, false);


--
-- Name: wagtail_village_blog_category_id_seq; Type: SEQUENCE SET; Schema: public; Owner: lesgrandsvoisins
--

SELECT pg_catalog.setval('public.wagtail_village_blog_category_id_seq', 1, false);


--
-- Name: wagtail_village_blog_categoryentrypage_id_seq; Type: SEQUENCE SET; Schema: public; Owner: lesgrandsvoisins
--

SELECT pg_catalog.setval('public.wagtail_village_blog_categoryentrypage_id_seq', 1, false);


--
-- Name: wagtail_village_blog_person_id_seq; Type: SEQUENCE SET; Schema: public; Owner: lesgrandsvoisins
--

SELECT pg_catalog.setval('public.wagtail_village_blog_person_id_seq', 1, false);


--
-- Name: wagtail_village_blog_tagentrypage_id_seq; Type: SEQUENCE SET; Schema: public; Owner: lesgrandsvoisins
--

SELECT pg_catalog.setval('public.wagtail_village_blog_tagentrypage_id_seq', 1, false);


--
-- Name: wagtail_village_forms_formfield_id_seq; Type: SEQUENCE SET; Schema: public; Owner: lesgrandsvoisins
--

SELECT pg_catalog.setval('public.wagtail_village_forms_formfield_id_seq', 1, false);


--
-- Name: wagtail_village_megamenu_id_seq; Type: SEQUENCE SET; Schema: public; Owner: lesgrandsvoisins
--

SELECT pg_catalog.setval('public.wagtail_village_megamenu_id_seq', 1, false);


--
-- Name: wagtail_village_megamenucategory_id_seq; Type: SEQUENCE SET; Schema: public; Owner: lesgrandsvoisins
--

SELECT pg_catalog.setval('public.wagtail_village_megamenucategory_id_seq', 1, false);


--
-- Name: wagtail_village_socialmediaitem_id_seq; Type: SEQUENCE SET; Schema: public; Owner: lesgrandsvoisins
--

SELECT pg_catalog.setval('public.wagtail_village_socialmediaitem_id_seq', 1, false);


--
-- Name: wagtail_village_tagcontentpage_id_seq; Type: SEQUENCE SET; Schema: public; Owner: lesgrandsvoisins
--

SELECT pg_catalog.setval('public.wagtail_village_tagcontentpage_id_seq', 1, false);


--
-- Name: wagtailadmin_admin_id_seq; Type: SEQUENCE SET; Schema: public; Owner: lesgrandsvoisins
--

SELECT pg_catalog.setval('public.wagtailadmin_admin_id_seq', 1, false);


--
-- Name: wagtailadmin_editingsession_id_seq; Type: SEQUENCE SET; Schema: public; Owner: lesgrandsvoisins
--

SELECT pg_catalog.setval('public.wagtailadmin_editingsession_id_seq', 1, false);


--
-- Name: wagtailcore_collection_id_seq; Type: SEQUENCE SET; Schema: public; Owner: lesgrandsvoisins
--

SELECT pg_catalog.setval('public.wagtailcore_collection_id_seq', 1, true);


--
-- Name: wagtailcore_collectionviewrestriction_groups_id_seq; Type: SEQUENCE SET; Schema: public; Owner: lesgrandsvoisins
--

SELECT pg_catalog.setval('public.wagtailcore_collectionviewrestriction_groups_id_seq', 1, false);


--
-- Name: wagtailcore_collectionviewrestriction_id_seq; Type: SEQUENCE SET; Schema: public; Owner: lesgrandsvoisins
--

SELECT pg_catalog.setval('public.wagtailcore_collectionviewrestriction_id_seq', 1, false);


--
-- Name: wagtailcore_comment_id_seq; Type: SEQUENCE SET; Schema: public; Owner: lesgrandsvoisins
--

SELECT pg_catalog.setval('public.wagtailcore_comment_id_seq', 1, false);


--
-- Name: wagtailcore_commentreply_id_seq; Type: SEQUENCE SET; Schema: public; Owner: lesgrandsvoisins
--

SELECT pg_catalog.setval('public.wagtailcore_commentreply_id_seq', 1, false);


--
-- Name: wagtailcore_groupapprovaltask_groups_id_seq; Type: SEQUENCE SET; Schema: public; Owner: lesgrandsvoisins
--

SELECT pg_catalog.setval('public.wagtailcore_groupapprovaltask_groups_id_seq', 1, true);


--
-- Name: wagtailcore_groupcollectionpermission_id_seq; Type: SEQUENCE SET; Schema: public; Owner: lesgrandsvoisins
--

SELECT pg_catalog.setval('public.wagtailcore_groupcollectionpermission_id_seq', 10, true);


--
-- Name: wagtailcore_grouppagepermission_id_seq; Type: SEQUENCE SET; Schema: public; Owner: lesgrandsvoisins
--

SELECT pg_catalog.setval('public.wagtailcore_grouppagepermission_id_seq', 7, true);


--
-- Name: wagtailcore_locale_id_seq; Type: SEQUENCE SET; Schema: public; Owner: lesgrandsvoisins
--

SELECT pg_catalog.setval('public.wagtailcore_locale_id_seq', 1, true);


--
-- Name: wagtailcore_modellogentry_id_seq; Type: SEQUENCE SET; Schema: public; Owner: lesgrandsvoisins
--

SELECT pg_catalog.setval('public.wagtailcore_modellogentry_id_seq', 1, false);


--
-- Name: wagtailcore_page_id_seq; Type: SEQUENCE SET; Schema: public; Owner: lesgrandsvoisins
--

SELECT pg_catalog.setval('public.wagtailcore_page_id_seq', 2, true);


--
-- Name: wagtailcore_pagelogentry_id_seq; Type: SEQUENCE SET; Schema: public; Owner: lesgrandsvoisins
--

SELECT pg_catalog.setval('public.wagtailcore_pagelogentry_id_seq', 1, false);


--
-- Name: wagtailcore_pagerevision_id_seq; Type: SEQUENCE SET; Schema: public; Owner: lesgrandsvoisins
--

SELECT pg_catalog.setval('public.wagtailcore_pagerevision_id_seq', 1, false);


--
-- Name: wagtailcore_pagesubscription_id_seq; Type: SEQUENCE SET; Schema: public; Owner: lesgrandsvoisins
--

SELECT pg_catalog.setval('public.wagtailcore_pagesubscription_id_seq', 1, false);


--
-- Name: wagtailcore_pageviewrestriction_groups_id_seq; Type: SEQUENCE SET; Schema: public; Owner: lesgrandsvoisins
--

SELECT pg_catalog.setval('public.wagtailcore_pageviewrestriction_groups_id_seq', 1, false);


--
-- Name: wagtailcore_pageviewrestriction_id_seq; Type: SEQUENCE SET; Schema: public; Owner: lesgrandsvoisins
--

SELECT pg_catalog.setval('public.wagtailcore_pageviewrestriction_id_seq', 1, false);


--
-- Name: wagtailcore_referenceindex_id_seq; Type: SEQUENCE SET; Schema: public; Owner: lesgrandsvoisins
--

SELECT pg_catalog.setval('public.wagtailcore_referenceindex_id_seq', 1, false);


--
-- Name: wagtailcore_site_id_seq; Type: SEQUENCE SET; Schema: public; Owner: lesgrandsvoisins
--

SELECT pg_catalog.setval('public.wagtailcore_site_id_seq', 1, true);


--
-- Name: wagtailcore_task_id_seq; Type: SEQUENCE SET; Schema: public; Owner: lesgrandsvoisins
--

SELECT pg_catalog.setval('public.wagtailcore_task_id_seq', 1, true);


--
-- Name: wagtailcore_taskstate_id_seq; Type: SEQUENCE SET; Schema: public; Owner: lesgrandsvoisins
--

SELECT pg_catalog.setval('public.wagtailcore_taskstate_id_seq', 1, false);


--
-- Name: wagtailcore_uploadedfile_id_seq; Type: SEQUENCE SET; Schema: public; Owner: lesgrandsvoisins
--

SELECT pg_catalog.setval('public.wagtailcore_uploadedfile_id_seq', 1, false);


--
-- Name: wagtailcore_workflow_id_seq; Type: SEQUENCE SET; Schema: public; Owner: lesgrandsvoisins
--

SELECT pg_catalog.setval('public.wagtailcore_workflow_id_seq', 1, true);


--
-- Name: wagtailcore_workflowstate_id_seq; Type: SEQUENCE SET; Schema: public; Owner: lesgrandsvoisins
--

SELECT pg_catalog.setval('public.wagtailcore_workflowstate_id_seq', 1, false);


--
-- Name: wagtailcore_workflowtask_id_seq; Type: SEQUENCE SET; Schema: public; Owner: lesgrandsvoisins
--

SELECT pg_catalog.setval('public.wagtailcore_workflowtask_id_seq', 1, true);


--
-- Name: wagtaildocs_document_id_seq; Type: SEQUENCE SET; Schema: public; Owner: lesgrandsvoisins
--

SELECT pg_catalog.setval('public.wagtaildocs_document_id_seq', 1, false);


--
-- Name: wagtailembeds_embed_id_seq; Type: SEQUENCE SET; Schema: public; Owner: lesgrandsvoisins
--

SELECT pg_catalog.setval('public.wagtailembeds_embed_id_seq', 1, false);


--
-- Name: wagtailforms_formsubmission_id_seq; Type: SEQUENCE SET; Schema: public; Owner: lesgrandsvoisins
--

SELECT pg_catalog.setval('public.wagtailforms_formsubmission_id_seq', 1, false);


--
-- Name: wagtailimages_image_id_seq; Type: SEQUENCE SET; Schema: public; Owner: lesgrandsvoisins
--

SELECT pg_catalog.setval('public.wagtailimages_image_id_seq', 1, false);


--
-- Name: wagtailimages_rendition_id_seq; Type: SEQUENCE SET; Schema: public; Owner: lesgrandsvoisins
--

SELECT pg_catalog.setval('public.wagtailimages_rendition_id_seq', 1, false);


--
-- Name: wagtailmenus_flatmenu_id_seq; Type: SEQUENCE SET; Schema: public; Owner: lesgrandsvoisins
--

SELECT pg_catalog.setval('public.wagtailmenus_flatmenu_id_seq', 1, false);


--
-- Name: wagtailmenus_flatmenuitem_id_seq; Type: SEQUENCE SET; Schema: public; Owner: lesgrandsvoisins
--

SELECT pg_catalog.setval('public.wagtailmenus_flatmenuitem_id_seq', 1, false);


--
-- Name: wagtailmenus_mainmenu_id_seq; Type: SEQUENCE SET; Schema: public; Owner: lesgrandsvoisins
--

SELECT pg_catalog.setval('public.wagtailmenus_mainmenu_id_seq', 1, false);


--
-- Name: wagtailmenus_mainmenuitem_id_seq; Type: SEQUENCE SET; Schema: public; Owner: lesgrandsvoisins
--

SELECT pg_catalog.setval('public.wagtailmenus_mainmenuitem_id_seq', 1, false);


--
-- Name: wagtailredirects_redirect_id_seq; Type: SEQUENCE SET; Schema: public; Owner: lesgrandsvoisins
--

SELECT pg_catalog.setval('public.wagtailredirects_redirect_id_seq', 1, false);


--
-- Name: wagtailsearch_indexentry_id_seq; Type: SEQUENCE SET; Schema: public; Owner: lesgrandsvoisins
--

SELECT pg_catalog.setval('public.wagtailsearch_indexentry_id_seq', 1, false);


--
-- Name: wagtailusers_userprofile_id_seq; Type: SEQUENCE SET; Schema: public; Owner: lesgrandsvoisins
--

SELECT pg_catalog.setval('public.wagtailusers_userprofile_id_seq', 1, false);


--
-- Name: auth_group auth_group_name_key; Type: CONSTRAINT; Schema: public; Owner: lesgrandsvoisins
--

ALTER TABLE ONLY public.auth_group
    ADD CONSTRAINT auth_group_name_key UNIQUE (name);


--
-- Name: auth_group_permissions auth_group_permissions_group_id_permission_id_0cd325b0_uniq; Type: CONSTRAINT; Schema: public; Owner: lesgrandsvoisins
--

ALTER TABLE ONLY public.auth_group_permissions
    ADD CONSTRAINT auth_group_permissions_group_id_permission_id_0cd325b0_uniq UNIQUE (group_id, permission_id);


--
-- Name: auth_group_permissions auth_group_permissions_pkey; Type: CONSTRAINT; Schema: public; Owner: lesgrandsvoisins
--

ALTER TABLE ONLY public.auth_group_permissions
    ADD CONSTRAINT auth_group_permissions_pkey PRIMARY KEY (id);


--
-- Name: auth_group auth_group_pkey; Type: CONSTRAINT; Schema: public; Owner: lesgrandsvoisins
--

ALTER TABLE ONLY public.auth_group
    ADD CONSTRAINT auth_group_pkey PRIMARY KEY (id);


--
-- Name: auth_permission auth_permission_content_type_id_codename_01ab375a_uniq; Type: CONSTRAINT; Schema: public; Owner: lesgrandsvoisins
--

ALTER TABLE ONLY public.auth_permission
    ADD CONSTRAINT auth_permission_content_type_id_codename_01ab375a_uniq UNIQUE (content_type_id, codename);


--
-- Name: auth_permission auth_permission_pkey; Type: CONSTRAINT; Schema: public; Owner: lesgrandsvoisins
--

ALTER TABLE ONLY public.auth_permission
    ADD CONSTRAINT auth_permission_pkey PRIMARY KEY (id);


--
-- Name: auth_user_groups auth_user_groups_pkey; Type: CONSTRAINT; Schema: public; Owner: lesgrandsvoisins
--

ALTER TABLE ONLY public.auth_user_groups
    ADD CONSTRAINT auth_user_groups_pkey PRIMARY KEY (id);


--
-- Name: auth_user_groups auth_user_groups_user_id_group_id_94350c0c_uniq; Type: CONSTRAINT; Schema: public; Owner: lesgrandsvoisins
--

ALTER TABLE ONLY public.auth_user_groups
    ADD CONSTRAINT auth_user_groups_user_id_group_id_94350c0c_uniq UNIQUE (user_id, group_id);


--
-- Name: auth_user auth_user_pkey; Type: CONSTRAINT; Schema: public; Owner: lesgrandsvoisins
--

ALTER TABLE ONLY public.auth_user
    ADD CONSTRAINT auth_user_pkey PRIMARY KEY (id);


--
-- Name: auth_user_user_permissions auth_user_user_permissions_pkey; Type: CONSTRAINT; Schema: public; Owner: lesgrandsvoisins
--

ALTER TABLE ONLY public.auth_user_user_permissions
    ADD CONSTRAINT auth_user_user_permissions_pkey PRIMARY KEY (id);


--
-- Name: auth_user_user_permissions auth_user_user_permissions_user_id_permission_id_14a6b632_uniq; Type: CONSTRAINT; Schema: public; Owner: lesgrandsvoisins
--

ALTER TABLE ONLY public.auth_user_user_permissions
    ADD CONSTRAINT auth_user_user_permissions_user_id_permission_id_14a6b632_uniq UNIQUE (user_id, permission_id);


--
-- Name: auth_user auth_user_username_key; Type: CONSTRAINT; Schema: public; Owner: lesgrandsvoisins
--

ALTER TABLE ONLY public.auth_user
    ADD CONSTRAINT auth_user_username_key UNIQUE (username);


--
-- Name: django_admin_log django_admin_log_pkey; Type: CONSTRAINT; Schema: public; Owner: lesgrandsvoisins
--

ALTER TABLE ONLY public.django_admin_log
    ADD CONSTRAINT django_admin_log_pkey PRIMARY KEY (id);


--
-- Name: django_content_type django_content_type_app_label_model_76bd3d3b_uniq; Type: CONSTRAINT; Schema: public; Owner: lesgrandsvoisins
--

ALTER TABLE ONLY public.django_content_type
    ADD CONSTRAINT django_content_type_app_label_model_76bd3d3b_uniq UNIQUE (app_label, model);


--
-- Name: django_content_type django_content_type_pkey; Type: CONSTRAINT; Schema: public; Owner: lesgrandsvoisins
--

ALTER TABLE ONLY public.django_content_type
    ADD CONSTRAINT django_content_type_pkey PRIMARY KEY (id);


--
-- Name: django_migrations django_migrations_pkey; Type: CONSTRAINT; Schema: public; Owner: lesgrandsvoisins
--

ALTER TABLE ONLY public.django_migrations
    ADD CONSTRAINT django_migrations_pkey PRIMARY KEY (id);


--
-- Name: django_session django_session_pkey; Type: CONSTRAINT; Schema: public; Owner: lesgrandsvoisins
--

ALTER TABLE ONLY public.django_session
    ADD CONSTRAINT django_session_pkey PRIMARY KEY (session_key);


--
-- Name: django_village_djangovillageconfig django_village_djangovillageconfig_pkey; Type: CONSTRAINT; Schema: public; Owner: lesgrandsvoisins
--

ALTER TABLE ONLY public.django_village_djangovillageconfig
    ADD CONSTRAINT django_village_djangovillageconfig_pkey PRIMARY KEY (id);


--
-- Name: django_village_villagesocialmedia django_village_villagesocialmedia_pkey; Type: CONSTRAINT; Schema: public; Owner: lesgrandsvoisins
--

ALTER TABLE ONLY public.django_village_villagesocialmedia
    ADD CONSTRAINT django_village_villagesocialmedia_pkey PRIMARY KEY (id);


--
-- Name: taggit_tag taggit_tag_name_key; Type: CONSTRAINT; Schema: public; Owner: lesgrandsvoisins
--

ALTER TABLE ONLY public.taggit_tag
    ADD CONSTRAINT taggit_tag_name_key UNIQUE (name);


--
-- Name: taggit_tag taggit_tag_pkey; Type: CONSTRAINT; Schema: public; Owner: lesgrandsvoisins
--

ALTER TABLE ONLY public.taggit_tag
    ADD CONSTRAINT taggit_tag_pkey PRIMARY KEY (id);


--
-- Name: taggit_tag taggit_tag_slug_key; Type: CONSTRAINT; Schema: public; Owner: lesgrandsvoisins
--

ALTER TABLE ONLY public.taggit_tag
    ADD CONSTRAINT taggit_tag_slug_key UNIQUE (slug);


--
-- Name: taggit_taggeditem taggit_taggeditem_content_type_id_object_id_tag_id_4bb97a8e_uni; Type: CONSTRAINT; Schema: public; Owner: lesgrandsvoisins
--

ALTER TABLE ONLY public.taggit_taggeditem
    ADD CONSTRAINT taggit_taggeditem_content_type_id_object_id_tag_id_4bb97a8e_uni UNIQUE (content_type_id, object_id, tag_id);


--
-- Name: taggit_taggeditem taggit_taggeditem_pkey; Type: CONSTRAINT; Schema: public; Owner: lesgrandsvoisins
--

ALTER TABLE ONLY public.taggit_taggeditem
    ADD CONSTRAINT taggit_taggeditem_pkey PRIMARY KEY (id);


--
-- Name: wagtailcore_grouppagepermission unique_permission; Type: CONSTRAINT; Schema: public; Owner: lesgrandsvoisins
--

ALTER TABLE ONLY public.wagtailcore_grouppagepermission
    ADD CONSTRAINT unique_permission UNIQUE (group_id, page_id, permission_id);


--
-- Name: wagtail_localize_localesynchronization wagtail_localize_localesynchronization_locale_id_key; Type: CONSTRAINT; Schema: public; Owner: lesgrandsvoisins
--

ALTER TABLE ONLY public.wagtail_localize_localesynchronization
    ADD CONSTRAINT wagtail_localize_localesynchronization_locale_id_key UNIQUE (locale_id);


--
-- Name: wagtail_localize_localesynchronization wagtail_localize_localesynchronization_pkey; Type: CONSTRAINT; Schema: public; Owner: lesgrandsvoisins
--

ALTER TABLE ONLY public.wagtail_localize_localesynchronization
    ADD CONSTRAINT wagtail_localize_localesynchronization_pkey PRIMARY KEY (id);


--
-- Name: wagtail_localize_overridablesegment wagtail_localize_overridablesegment_pkey; Type: CONSTRAINT; Schema: public; Owner: lesgrandsvoisins
--

ALTER TABLE ONLY public.wagtail_localize_overridablesegment
    ADD CONSTRAINT wagtail_localize_overridablesegment_pkey PRIMARY KEY (id);


--
-- Name: wagtail_localize_relatedobjectsegment wagtail_localize_relatedobjectsegment_pkey; Type: CONSTRAINT; Schema: public; Owner: lesgrandsvoisins
--

ALTER TABLE ONLY public.wagtail_localize_relatedobjectsegment
    ADD CONSTRAINT wagtail_localize_relatedobjectsegment_pkey PRIMARY KEY (id);


--
-- Name: wagtail_localize_segmentoverride wagtail_localize_segmentoverride_pkey; Type: CONSTRAINT; Schema: public; Owner: lesgrandsvoisins
--

ALTER TABLE ONLY public.wagtail_localize_segmentoverride
    ADD CONSTRAINT wagtail_localize_segmentoverride_pkey PRIMARY KEY (id);


--
-- Name: wagtail_localize_string wagtail_localize_string_locale_id_data_hash_bae71852_uniq; Type: CONSTRAINT; Schema: public; Owner: lesgrandsvoisins
--

ALTER TABLE ONLY public.wagtail_localize_string
    ADD CONSTRAINT wagtail_localize_string_locale_id_data_hash_bae71852_uniq UNIQUE (locale_id, data_hash);


--
-- Name: wagtail_localize_string wagtail_localize_string_pkey; Type: CONSTRAINT; Schema: public; Owner: lesgrandsvoisins
--

ALTER TABLE ONLY public.wagtail_localize_string
    ADD CONSTRAINT wagtail_localize_string_pkey PRIMARY KEY (id);


--
-- Name: wagtail_localize_stringsegment wagtail_localize_stringsegment_pkey; Type: CONSTRAINT; Schema: public; Owner: lesgrandsvoisins
--

ALTER TABLE ONLY public.wagtail_localize_stringsegment
    ADD CONSTRAINT wagtail_localize_stringsegment_pkey PRIMARY KEY (id);


--
-- Name: wagtail_localize_stringtranslation wagtail_localize_stringt_locale_id_translation_of_d2d59359_uniq; Type: CONSTRAINT; Schema: public; Owner: lesgrandsvoisins
--

ALTER TABLE ONLY public.wagtail_localize_stringtranslation
    ADD CONSTRAINT wagtail_localize_stringt_locale_id_translation_of_d2d59359_uniq UNIQUE (locale_id, translation_of_id, context_id);


--
-- Name: wagtail_localize_stringtranslation wagtail_localize_stringtranslation_pkey; Type: CONSTRAINT; Schema: public; Owner: lesgrandsvoisins
--

ALTER TABLE ONLY public.wagtail_localize_stringtranslation
    ADD CONSTRAINT wagtail_localize_stringtranslation_pkey PRIMARY KEY (id);


--
-- Name: wagtail_localize_template wagtail_localize_template_pkey; Type: CONSTRAINT; Schema: public; Owner: lesgrandsvoisins
--

ALTER TABLE ONLY public.wagtail_localize_template
    ADD CONSTRAINT wagtail_localize_template_pkey PRIMARY KEY (id);


--
-- Name: wagtail_localize_template wagtail_localize_template_uuid_key; Type: CONSTRAINT; Schema: public; Owner: lesgrandsvoisins
--

ALTER TABLE ONLY public.wagtail_localize_template
    ADD CONSTRAINT wagtail_localize_template_uuid_key UNIQUE (uuid);


--
-- Name: wagtail_localize_templatesegment wagtail_localize_templatesegment_pkey; Type: CONSTRAINT; Schema: public; Owner: lesgrandsvoisins
--

ALTER TABLE ONLY public.wagtail_localize_templatesegment
    ADD CONSTRAINT wagtail_localize_templatesegment_pkey PRIMARY KEY (id);


--
-- Name: wagtail_localize_translatableobject wagtail_localize_transla_content_type_id_translat_de875339_uniq; Type: CONSTRAINT; Schema: public; Owner: lesgrandsvoisins
--

ALTER TABLE ONLY public.wagtail_localize_translatableobject
    ADD CONSTRAINT wagtail_localize_transla_content_type_id_translat_de875339_uniq UNIQUE (content_type_id, translation_key);


--
-- Name: wagtail_localize_translationsource wagtail_localize_transla_object_id_locale_id_fb6a8d8e_uniq; Type: CONSTRAINT; Schema: public; Owner: lesgrandsvoisins
--

ALTER TABLE ONLY public.wagtail_localize_translationsource
    ADD CONSTRAINT wagtail_localize_transla_object_id_locale_id_fb6a8d8e_uniq UNIQUE (object_id, locale_id);


--
-- Name: wagtail_localize_translationcontext wagtail_localize_transla_object_id_path_id_c7f5d707_uniq; Type: CONSTRAINT; Schema: public; Owner: lesgrandsvoisins
--

ALTER TABLE ONLY public.wagtail_localize_translationcontext
    ADD CONSTRAINT wagtail_localize_transla_object_id_path_id_c7f5d707_uniq UNIQUE (object_id, path_id);


--
-- Name: wagtail_localize_translation wagtail_localize_transla_source_id_target_locale__7e943cf8_uniq; Type: CONSTRAINT; Schema: public; Owner: lesgrandsvoisins
--

ALTER TABLE ONLY public.wagtail_localize_translation
    ADD CONSTRAINT wagtail_localize_transla_source_id_target_locale__7e943cf8_uniq UNIQUE (source_id, target_locale_id);


--
-- Name: wagtail_localize_translatableobject wagtail_localize_translatableobject_pkey; Type: CONSTRAINT; Schema: public; Owner: lesgrandsvoisins
--

ALTER TABLE ONLY public.wagtail_localize_translatableobject
    ADD CONSTRAINT wagtail_localize_translatableobject_pkey PRIMARY KEY (translation_key);


--
-- Name: wagtail_localize_translation wagtail_localize_translation_pkey; Type: CONSTRAINT; Schema: public; Owner: lesgrandsvoisins
--

ALTER TABLE ONLY public.wagtail_localize_translation
    ADD CONSTRAINT wagtail_localize_translation_pkey PRIMARY KEY (id);


--
-- Name: wagtail_localize_translation wagtail_localize_translation_uuid_key; Type: CONSTRAINT; Schema: public; Owner: lesgrandsvoisins
--

ALTER TABLE ONLY public.wagtail_localize_translation
    ADD CONSTRAINT wagtail_localize_translation_uuid_key UNIQUE (uuid);


--
-- Name: wagtail_localize_translationcontext wagtail_localize_translationcontext_pkey; Type: CONSTRAINT; Schema: public; Owner: lesgrandsvoisins
--

ALTER TABLE ONLY public.wagtail_localize_translationcontext
    ADD CONSTRAINT wagtail_localize_translationcontext_pkey PRIMARY KEY (id);


--
-- Name: wagtail_localize_translationlog wagtail_localize_translationlog_pkey; Type: CONSTRAINT; Schema: public; Owner: lesgrandsvoisins
--

ALTER TABLE ONLY public.wagtail_localize_translationlog
    ADD CONSTRAINT wagtail_localize_translationlog_pkey PRIMARY KEY (id);


--
-- Name: wagtail_localize_translationsource wagtail_localize_translationsource_pkey; Type: CONSTRAINT; Schema: public; Owner: lesgrandsvoisins
--

ALTER TABLE ONLY public.wagtail_localize_translationsource
    ADD CONSTRAINT wagtail_localize_translationsource_pkey PRIMARY KEY (id);


--
-- Name: wagtail_transfer_idmapping wagtail_transfer_idmappi_content_type_id_local_id_c1370e9e_uniq; Type: CONSTRAINT; Schema: public; Owner: lesgrandsvoisins
--

ALTER TABLE ONLY public.wagtail_transfer_idmapping
    ADD CONSTRAINT wagtail_transfer_idmappi_content_type_id_local_id_c1370e9e_uniq UNIQUE (content_type_id, local_id);


--
-- Name: wagtail_transfer_idmapping wagtail_transfer_idmapping_pkey; Type: CONSTRAINT; Schema: public; Owner: lesgrandsvoisins
--

ALTER TABLE ONLY public.wagtail_transfer_idmapping
    ADD CONSTRAINT wagtail_transfer_idmapping_pkey PRIMARY KEY (uid);


--
-- Name: wagtail_transfer_importedfile wagtail_transfer_importedfile_pkey; Type: CONSTRAINT; Schema: public; Owner: lesgrandsvoisins
--

ALTER TABLE ONLY public.wagtail_transfer_importedfile
    ADD CONSTRAINT wagtail_transfer_importedfile_pkey PRIMARY KEY (id);


--
-- Name: wagtail_village_analyticssettings wagtail_village_analyticssettings_pkey; Type: CONSTRAINT; Schema: public; Owner: lesgrandsvoisins
--

ALTER TABLE ONLY public.wagtail_village_analyticssettings
    ADD CONSTRAINT wagtail_village_analyticssettings_pkey PRIMARY KEY (id);


--
-- Name: wagtail_village_analyticssettings wagtail_village_analyticssettings_site_id_key; Type: CONSTRAINT; Schema: public; Owner: lesgrandsvoisins
--

ALTER TABLE ONLY public.wagtail_village_analyticssettings
    ADD CONSTRAINT wagtail_village_analyticssettings_site_id_key UNIQUE (site_id);


--
-- Name: wagtail_village_blog_blogentrypage_authors wagtail_village_blog_blo_blogentrypage_id_person__2a7bf97f_uniq; Type: CONSTRAINT; Schema: public; Owner: lesgrandsvoisins
--

ALTER TABLE ONLY public.wagtail_village_blog_blogentrypage_authors
    ADD CONSTRAINT wagtail_village_blog_blo_blogentrypage_id_person__2a7bf97f_uniq UNIQUE (blogentrypage_id, person_id);


--
-- Name: wagtail_village_blog_blogentrypage_authors wagtail_village_blog_blogentrypage_authors_pkey; Type: CONSTRAINT; Schema: public; Owner: lesgrandsvoisins
--

ALTER TABLE ONLY public.wagtail_village_blog_blogentrypage_authors
    ADD CONSTRAINT wagtail_village_blog_blogentrypage_authors_pkey PRIMARY KEY (id);


--
-- Name: wagtail_village_blog_blogentrypage wagtail_village_blog_blogentrypage_pkey; Type: CONSTRAINT; Schema: public; Owner: lesgrandsvoisins
--

ALTER TABLE ONLY public.wagtail_village_blog_blogentrypage
    ADD CONSTRAINT wagtail_village_blog_blogentrypage_pkey PRIMARY KEY (contentpage_ptr_id);


--
-- Name: wagtail_village_blog_blogindexpage wagtail_village_blog_blogindexpage_pkey; Type: CONSTRAINT; Schema: public; Owner: lesgrandsvoisins
--

ALTER TABLE ONLY public.wagtail_village_blog_blogindexpage
    ADD CONSTRAINT wagtail_village_blog_blogindexpage_pkey PRIMARY KEY (contentpage_ptr_id);


--
-- Name: wagtail_village_blog_category wagtail_village_blog_cat_translation_key_locale_i_8defe908_uniq; Type: CONSTRAINT; Schema: public; Owner: lesgrandsvoisins
--

ALTER TABLE ONLY public.wagtail_village_blog_category
    ADD CONSTRAINT wagtail_village_blog_cat_translation_key_locale_i_8defe908_uniq UNIQUE (translation_key, locale_id);


--
-- Name: wagtail_village_blog_category wagtail_village_blog_category_name_key; Type: CONSTRAINT; Schema: public; Owner: lesgrandsvoisins
--

ALTER TABLE ONLY public.wagtail_village_blog_category
    ADD CONSTRAINT wagtail_village_blog_category_name_key UNIQUE (name);


--
-- Name: wagtail_village_blog_category wagtail_village_blog_category_name_locale_id_44600d76_uniq; Type: CONSTRAINT; Schema: public; Owner: lesgrandsvoisins
--

ALTER TABLE ONLY public.wagtail_village_blog_category
    ADD CONSTRAINT wagtail_village_blog_category_name_locale_id_44600d76_uniq UNIQUE (name, locale_id);


--
-- Name: wagtail_village_blog_category wagtail_village_blog_category_pkey; Type: CONSTRAINT; Schema: public; Owner: lesgrandsvoisins
--

ALTER TABLE ONLY public.wagtail_village_blog_category
    ADD CONSTRAINT wagtail_village_blog_category_pkey PRIMARY KEY (id);


--
-- Name: wagtail_village_blog_category wagtail_village_blog_category_slug_key; Type: CONSTRAINT; Schema: public; Owner: lesgrandsvoisins
--

ALTER TABLE ONLY public.wagtail_village_blog_category
    ADD CONSTRAINT wagtail_village_blog_category_slug_key UNIQUE (slug);


--
-- Name: wagtail_village_blog_category wagtail_village_blog_category_slug_locale_id_16f68aac_uniq; Type: CONSTRAINT; Schema: public; Owner: lesgrandsvoisins
--

ALTER TABLE ONLY public.wagtail_village_blog_category
    ADD CONSTRAINT wagtail_village_blog_category_slug_locale_id_16f68aac_uniq UNIQUE (slug, locale_id);


--
-- Name: wagtail_village_blog_categoryentrypage wagtail_village_blog_categoryentrypage_pkey; Type: CONSTRAINT; Schema: public; Owner: lesgrandsvoisins
--

ALTER TABLE ONLY public.wagtail_village_blog_categoryentrypage
    ADD CONSTRAINT wagtail_village_blog_categoryentrypage_pkey PRIMARY KEY (id);


--
-- Name: wagtail_village_blog_directoryentrypage wagtail_village_blog_directoryentrypage_pkey; Type: CONSTRAINT; Schema: public; Owner: lesgrandsvoisins
--

ALTER TABLE ONLY public.wagtail_village_blog_directoryentrypage
    ADD CONSTRAINT wagtail_village_blog_directoryentrypage_pkey PRIMARY KEY (blogentrypage_ptr_id);


--
-- Name: wagtail_village_blog_directoryindexpage wagtail_village_blog_directoryindexpage_pkey; Type: CONSTRAINT; Schema: public; Owner: lesgrandsvoisins
--

ALTER TABLE ONLY public.wagtail_village_blog_directoryindexpage
    ADD CONSTRAINT wagtail_village_blog_directoryindexpage_pkey PRIMARY KEY (blogindexpage_ptr_id);


--
-- Name: wagtail_village_blog_person wagtail_village_blog_person_pkey; Type: CONSTRAINT; Schema: public; Owner: lesgrandsvoisins
--

ALTER TABLE ONLY public.wagtail_village_blog_person
    ADD CONSTRAINT wagtail_village_blog_person_pkey PRIMARY KEY (id);


--
-- Name: wagtail_village_blog_tagentrypage wagtail_village_blog_tagentrypage_pkey; Type: CONSTRAINT; Schema: public; Owner: lesgrandsvoisins
--

ALTER TABLE ONLY public.wagtail_village_blog_tagentrypage
    ADD CONSTRAINT wagtail_village_blog_tagentrypage_pkey PRIMARY KEY (id);


--
-- Name: wagtail_village_contentpage wagtail_village_contentpage_pkey; Type: CONSTRAINT; Schema: public; Owner: lesgrandsvoisins
--

ALTER TABLE ONLY public.wagtail_village_contentpage
    ADD CONSTRAINT wagtail_village_contentpage_pkey PRIMARY KEY (page_ptr_id);


--
-- Name: wagtail_village_forms_formfield wagtail_village_forms_formfield_pkey; Type: CONSTRAINT; Schema: public; Owner: lesgrandsvoisins
--

ALTER TABLE ONLY public.wagtail_village_forms_formfield
    ADD CONSTRAINT wagtail_village_forms_formfield_pkey PRIMARY KEY (id);


--
-- Name: wagtail_village_forms_formpage wagtail_village_forms_formpage_pkey; Type: CONSTRAINT; Schema: public; Owner: lesgrandsvoisins
--

ALTER TABLE ONLY public.wagtail_village_forms_formpage
    ADD CONSTRAINT wagtail_village_forms_formpage_pkey PRIMARY KEY (contentpage_ptr_id);


--
-- Name: wagtail_village_lesgrandsvoisins_wagtailvillagelesgrandsvoi7288 wagtail_village_lesgrandsvoisins_wagtailvillagelesgrandsvo_pkey; Type: CONSTRAINT; Schema: public; Owner: lesgrandsvoisins
--

ALTER TABLE ONLY public.wagtail_village_lesgrandsvoisins_wagtailvillagelesgrandsvoi7288
    ADD CONSTRAINT wagtail_village_lesgrandsvoisins_wagtailvillagelesgrandsvo_pkey PRIMARY KEY (contentpage_ptr_id);


--
-- Name: wagtail_village_megamenu wagtail_village_megamenu_pkey; Type: CONSTRAINT; Schema: public; Owner: lesgrandsvoisins
--

ALTER TABLE ONLY public.wagtail_village_megamenu
    ADD CONSTRAINT wagtail_village_megamenu_pkey PRIMARY KEY (id);


--
-- Name: wagtail_village_megamenucategory wagtail_village_megamenucategory_pkey; Type: CONSTRAINT; Schema: public; Owner: lesgrandsvoisins
--

ALTER TABLE ONLY public.wagtail_village_megamenucategory
    ADD CONSTRAINT wagtail_village_megamenucategory_pkey PRIMARY KEY (id);


--
-- Name: wagtail_village_socialmediaitem wagtail_village_socialmediaitem_pkey; Type: CONSTRAINT; Schema: public; Owner: lesgrandsvoisins
--

ALTER TABLE ONLY public.wagtail_village_socialmediaitem
    ADD CONSTRAINT wagtail_village_socialmediaitem_pkey PRIMARY KEY (id);


--
-- Name: wagtail_village_tagcontentpage wagtail_village_tagcontentpage_pkey; Type: CONSTRAINT; Schema: public; Owner: lesgrandsvoisins
--

ALTER TABLE ONLY public.wagtail_village_tagcontentpage
    ADD CONSTRAINT wagtail_village_tagcontentpage_pkey PRIMARY KEY (id);


--
-- Name: wagtail_village_wagtailvillageconfig wagtail_village_wagtailvillageconfig_pkey; Type: CONSTRAINT; Schema: public; Owner: lesgrandsvoisins
--

ALTER TABLE ONLY public.wagtail_village_wagtailvillageconfig
    ADD CONSTRAINT wagtail_village_wagtailvillageconfig_pkey PRIMARY KEY (djangovillageconfig_ptr_id);


--
-- Name: wagtail_village_wagtailvillageconfig wagtail_village_wagtailvillageconfig_site_id_key; Type: CONSTRAINT; Schema: public; Owner: lesgrandsvoisins
--

ALTER TABLE ONLY public.wagtail_village_wagtailvillageconfig
    ADD CONSTRAINT wagtail_village_wagtailvillageconfig_site_id_key UNIQUE (site_id);


--
-- Name: wagtailadmin_admin wagtailadmin_admin_pkey; Type: CONSTRAINT; Schema: public; Owner: lesgrandsvoisins
--

ALTER TABLE ONLY public.wagtailadmin_admin
    ADD CONSTRAINT wagtailadmin_admin_pkey PRIMARY KEY (id);


--
-- Name: wagtailadmin_editingsession wagtailadmin_editingsession_pkey; Type: CONSTRAINT; Schema: public; Owner: lesgrandsvoisins
--

ALTER TABLE ONLY public.wagtailadmin_editingsession
    ADD CONSTRAINT wagtailadmin_editingsession_pkey PRIMARY KEY (id);


--
-- Name: wagtailcore_collection wagtailcore_collection_path_key; Type: CONSTRAINT; Schema: public; Owner: lesgrandsvoisins
--

ALTER TABLE ONLY public.wagtailcore_collection
    ADD CONSTRAINT wagtailcore_collection_path_key UNIQUE (path);


--
-- Name: wagtailcore_collection wagtailcore_collection_pkey; Type: CONSTRAINT; Schema: public; Owner: lesgrandsvoisins
--

ALTER TABLE ONLY public.wagtailcore_collection
    ADD CONSTRAINT wagtailcore_collection_pkey PRIMARY KEY (id);


--
-- Name: wagtailcore_collectionviewrestriction_groups wagtailcore_collectionvi_collectionviewrestrictio_988995ae_uniq; Type: CONSTRAINT; Schema: public; Owner: lesgrandsvoisins
--

ALTER TABLE ONLY public.wagtailcore_collectionviewrestriction_groups
    ADD CONSTRAINT wagtailcore_collectionvi_collectionviewrestrictio_988995ae_uniq UNIQUE (collectionviewrestriction_id, group_id);


--
-- Name: wagtailcore_collectionviewrestriction_groups wagtailcore_collectionviewrestriction_groups_pkey; Type: CONSTRAINT; Schema: public; Owner: lesgrandsvoisins
--

ALTER TABLE ONLY public.wagtailcore_collectionviewrestriction_groups
    ADD CONSTRAINT wagtailcore_collectionviewrestriction_groups_pkey PRIMARY KEY (id);


--
-- Name: wagtailcore_collectionviewrestriction wagtailcore_collectionviewrestriction_pkey; Type: CONSTRAINT; Schema: public; Owner: lesgrandsvoisins
--

ALTER TABLE ONLY public.wagtailcore_collectionviewrestriction
    ADD CONSTRAINT wagtailcore_collectionviewrestriction_pkey PRIMARY KEY (id);


--
-- Name: wagtailcore_comment wagtailcore_comment_pkey; Type: CONSTRAINT; Schema: public; Owner: lesgrandsvoisins
--

ALTER TABLE ONLY public.wagtailcore_comment
    ADD CONSTRAINT wagtailcore_comment_pkey PRIMARY KEY (id);


--
-- Name: wagtailcore_commentreply wagtailcore_commentreply_pkey; Type: CONSTRAINT; Schema: public; Owner: lesgrandsvoisins
--

ALTER TABLE ONLY public.wagtailcore_commentreply
    ADD CONSTRAINT wagtailcore_commentreply_pkey PRIMARY KEY (id);


--
-- Name: wagtailcore_groupapprovaltask_groups wagtailcore_groupapprova_groupapprovaltask_id_gro_bb5ee7eb_uniq; Type: CONSTRAINT; Schema: public; Owner: lesgrandsvoisins
--

ALTER TABLE ONLY public.wagtailcore_groupapprovaltask_groups
    ADD CONSTRAINT wagtailcore_groupapprova_groupapprovaltask_id_gro_bb5ee7eb_uniq UNIQUE (groupapprovaltask_id, group_id);


--
-- Name: wagtailcore_groupapprovaltask_groups wagtailcore_groupapprovaltask_groups_pkey; Type: CONSTRAINT; Schema: public; Owner: lesgrandsvoisins
--

ALTER TABLE ONLY public.wagtailcore_groupapprovaltask_groups
    ADD CONSTRAINT wagtailcore_groupapprovaltask_groups_pkey PRIMARY KEY (id);


--
-- Name: wagtailcore_groupapprovaltask wagtailcore_groupapprovaltask_pkey; Type: CONSTRAINT; Schema: public; Owner: lesgrandsvoisins
--

ALTER TABLE ONLY public.wagtailcore_groupapprovaltask
    ADD CONSTRAINT wagtailcore_groupapprovaltask_pkey PRIMARY KEY (task_ptr_id);


--
-- Name: wagtailcore_groupcollectionpermission wagtailcore_groupcollect_group_id_collection_id_p_a21cefe9_uniq; Type: CONSTRAINT; Schema: public; Owner: lesgrandsvoisins
--

ALTER TABLE ONLY public.wagtailcore_groupcollectionpermission
    ADD CONSTRAINT wagtailcore_groupcollect_group_id_collection_id_p_a21cefe9_uniq UNIQUE (group_id, collection_id, permission_id);


--
-- Name: wagtailcore_groupcollectionpermission wagtailcore_groupcollectionpermission_pkey; Type: CONSTRAINT; Schema: public; Owner: lesgrandsvoisins
--

ALTER TABLE ONLY public.wagtailcore_groupcollectionpermission
    ADD CONSTRAINT wagtailcore_groupcollectionpermission_pkey PRIMARY KEY (id);


--
-- Name: wagtailcore_grouppagepermission wagtailcore_grouppagepermission_pkey; Type: CONSTRAINT; Schema: public; Owner: lesgrandsvoisins
--

ALTER TABLE ONLY public.wagtailcore_grouppagepermission
    ADD CONSTRAINT wagtailcore_grouppagepermission_pkey PRIMARY KEY (id);


--
-- Name: wagtailcore_locale wagtailcore_locale_language_code_key; Type: CONSTRAINT; Schema: public; Owner: lesgrandsvoisins
--

ALTER TABLE ONLY public.wagtailcore_locale
    ADD CONSTRAINT wagtailcore_locale_language_code_key UNIQUE (language_code);


--
-- Name: wagtailcore_locale wagtailcore_locale_pkey; Type: CONSTRAINT; Schema: public; Owner: lesgrandsvoisins
--

ALTER TABLE ONLY public.wagtailcore_locale
    ADD CONSTRAINT wagtailcore_locale_pkey PRIMARY KEY (id);


--
-- Name: wagtailcore_modellogentry wagtailcore_modellogentry_pkey; Type: CONSTRAINT; Schema: public; Owner: lesgrandsvoisins
--

ALTER TABLE ONLY public.wagtailcore_modellogentry
    ADD CONSTRAINT wagtailcore_modellogentry_pkey PRIMARY KEY (id);


--
-- Name: wagtailcore_page wagtailcore_page_path_key; Type: CONSTRAINT; Schema: public; Owner: lesgrandsvoisins
--

ALTER TABLE ONLY public.wagtailcore_page
    ADD CONSTRAINT wagtailcore_page_path_key UNIQUE (path);


--
-- Name: wagtailcore_page wagtailcore_page_pkey; Type: CONSTRAINT; Schema: public; Owner: lesgrandsvoisins
--

ALTER TABLE ONLY public.wagtailcore_page
    ADD CONSTRAINT wagtailcore_page_pkey PRIMARY KEY (id);


--
-- Name: wagtailcore_page wagtailcore_page_translation_key_locale_id_9b041bad_uniq; Type: CONSTRAINT; Schema: public; Owner: lesgrandsvoisins
--

ALTER TABLE ONLY public.wagtailcore_page
    ADD CONSTRAINT wagtailcore_page_translation_key_locale_id_9b041bad_uniq UNIQUE (translation_key, locale_id);


--
-- Name: wagtailcore_pagelogentry wagtailcore_pagelogentry_pkey; Type: CONSTRAINT; Schema: public; Owner: lesgrandsvoisins
--

ALTER TABLE ONLY public.wagtailcore_pagelogentry
    ADD CONSTRAINT wagtailcore_pagelogentry_pkey PRIMARY KEY (id);


--
-- Name: wagtailcore_revision wagtailcore_pagerevision_pkey; Type: CONSTRAINT; Schema: public; Owner: lesgrandsvoisins
--

ALTER TABLE ONLY public.wagtailcore_revision
    ADD CONSTRAINT wagtailcore_pagerevision_pkey PRIMARY KEY (id);


--
-- Name: wagtailcore_pagesubscription wagtailcore_pagesubscription_page_id_user_id_0cef73ed_uniq; Type: CONSTRAINT; Schema: public; Owner: lesgrandsvoisins
--

ALTER TABLE ONLY public.wagtailcore_pagesubscription
    ADD CONSTRAINT wagtailcore_pagesubscription_page_id_user_id_0cef73ed_uniq UNIQUE (page_id, user_id);


--
-- Name: wagtailcore_pagesubscription wagtailcore_pagesubscription_pkey; Type: CONSTRAINT; Schema: public; Owner: lesgrandsvoisins
--

ALTER TABLE ONLY public.wagtailcore_pagesubscription
    ADD CONSTRAINT wagtailcore_pagesubscription_pkey PRIMARY KEY (id);


--
-- Name: wagtailcore_pageviewrestriction_groups wagtailcore_pageviewrest_pageviewrestriction_id_g_d23f80bb_uniq; Type: CONSTRAINT; Schema: public; Owner: lesgrandsvoisins
--

ALTER TABLE ONLY public.wagtailcore_pageviewrestriction_groups
    ADD CONSTRAINT wagtailcore_pageviewrest_pageviewrestriction_id_g_d23f80bb_uniq UNIQUE (pageviewrestriction_id, group_id);


--
-- Name: wagtailcore_pageviewrestriction_groups wagtailcore_pageviewrestriction_groups_pkey; Type: CONSTRAINT; Schema: public; Owner: lesgrandsvoisins
--

ALTER TABLE ONLY public.wagtailcore_pageviewrestriction_groups
    ADD CONSTRAINT wagtailcore_pageviewrestriction_groups_pkey PRIMARY KEY (id);


--
-- Name: wagtailcore_pageviewrestriction wagtailcore_pageviewrestriction_pkey; Type: CONSTRAINT; Schema: public; Owner: lesgrandsvoisins
--

ALTER TABLE ONLY public.wagtailcore_pageviewrestriction
    ADD CONSTRAINT wagtailcore_pageviewrestriction_pkey PRIMARY KEY (id);


--
-- Name: wagtailcore_referenceindex wagtailcore_referenceind_base_content_type_id_obj_9e6ccd6a_uniq; Type: CONSTRAINT; Schema: public; Owner: lesgrandsvoisins
--

ALTER TABLE ONLY public.wagtailcore_referenceindex
    ADD CONSTRAINT wagtailcore_referenceind_base_content_type_id_obj_9e6ccd6a_uniq UNIQUE (base_content_type_id, object_id, to_content_type_id, to_object_id, content_path_hash);


--
-- Name: wagtailcore_referenceindex wagtailcore_referenceindex_pkey; Type: CONSTRAINT; Schema: public; Owner: lesgrandsvoisins
--

ALTER TABLE ONLY public.wagtailcore_referenceindex
    ADD CONSTRAINT wagtailcore_referenceindex_pkey PRIMARY KEY (id);


--
-- Name: wagtailcore_site wagtailcore_site_hostname_port_2c626d70_uniq; Type: CONSTRAINT; Schema: public; Owner: lesgrandsvoisins
--

ALTER TABLE ONLY public.wagtailcore_site
    ADD CONSTRAINT wagtailcore_site_hostname_port_2c626d70_uniq UNIQUE (hostname, port);


--
-- Name: wagtailcore_site wagtailcore_site_pkey; Type: CONSTRAINT; Schema: public; Owner: lesgrandsvoisins
--

ALTER TABLE ONLY public.wagtailcore_site
    ADD CONSTRAINT wagtailcore_site_pkey PRIMARY KEY (id);


--
-- Name: wagtailcore_task wagtailcore_task_pkey; Type: CONSTRAINT; Schema: public; Owner: lesgrandsvoisins
--

ALTER TABLE ONLY public.wagtailcore_task
    ADD CONSTRAINT wagtailcore_task_pkey PRIMARY KEY (id);


--
-- Name: wagtailcore_taskstate wagtailcore_taskstate_pkey; Type: CONSTRAINT; Schema: public; Owner: lesgrandsvoisins
--

ALTER TABLE ONLY public.wagtailcore_taskstate
    ADD CONSTRAINT wagtailcore_taskstate_pkey PRIMARY KEY (id);


--
-- Name: wagtailcore_uploadedfile wagtailcore_uploadedfile_pkey; Type: CONSTRAINT; Schema: public; Owner: lesgrandsvoisins
--

ALTER TABLE ONLY public.wagtailcore_uploadedfile
    ADD CONSTRAINT wagtailcore_uploadedfile_pkey PRIMARY KEY (id);


--
-- Name: wagtailcore_workflow wagtailcore_workflow_pkey; Type: CONSTRAINT; Schema: public; Owner: lesgrandsvoisins
--

ALTER TABLE ONLY public.wagtailcore_workflow
    ADD CONSTRAINT wagtailcore_workflow_pkey PRIMARY KEY (id);


--
-- Name: wagtailcore_workflowcontenttype wagtailcore_workflowcontenttype_pkey; Type: CONSTRAINT; Schema: public; Owner: lesgrandsvoisins
--

ALTER TABLE ONLY public.wagtailcore_workflowcontenttype
    ADD CONSTRAINT wagtailcore_workflowcontenttype_pkey PRIMARY KEY (content_type_id);


--
-- Name: wagtailcore_workflowpage wagtailcore_workflowpage_pkey; Type: CONSTRAINT; Schema: public; Owner: lesgrandsvoisins
--

ALTER TABLE ONLY public.wagtailcore_workflowpage
    ADD CONSTRAINT wagtailcore_workflowpage_pkey PRIMARY KEY (page_id);


--
-- Name: wagtailcore_workflowstate wagtailcore_workflowstate_current_task_state_id_key; Type: CONSTRAINT; Schema: public; Owner: lesgrandsvoisins
--

ALTER TABLE ONLY public.wagtailcore_workflowstate
    ADD CONSTRAINT wagtailcore_workflowstate_current_task_state_id_key UNIQUE (current_task_state_id);


--
-- Name: wagtailcore_workflowstate wagtailcore_workflowstate_pkey; Type: CONSTRAINT; Schema: public; Owner: lesgrandsvoisins
--

ALTER TABLE ONLY public.wagtailcore_workflowstate
    ADD CONSTRAINT wagtailcore_workflowstate_pkey PRIMARY KEY (id);


--
-- Name: wagtailcore_workflowtask wagtailcore_workflowtask_pkey; Type: CONSTRAINT; Schema: public; Owner: lesgrandsvoisins
--

ALTER TABLE ONLY public.wagtailcore_workflowtask
    ADD CONSTRAINT wagtailcore_workflowtask_pkey PRIMARY KEY (id);


--
-- Name: wagtailcore_workflowtask wagtailcore_workflowtask_workflow_id_task_id_4ec7a62b_uniq; Type: CONSTRAINT; Schema: public; Owner: lesgrandsvoisins
--

ALTER TABLE ONLY public.wagtailcore_workflowtask
    ADD CONSTRAINT wagtailcore_workflowtask_workflow_id_task_id_4ec7a62b_uniq UNIQUE (workflow_id, task_id);


--
-- Name: wagtaildocs_document wagtaildocs_document_pkey; Type: CONSTRAINT; Schema: public; Owner: lesgrandsvoisins
--

ALTER TABLE ONLY public.wagtaildocs_document
    ADD CONSTRAINT wagtaildocs_document_pkey PRIMARY KEY (id);


--
-- Name: wagtailembeds_embed wagtailembeds_embed_hash_c9bd8c9a_uniq; Type: CONSTRAINT; Schema: public; Owner: lesgrandsvoisins
--

ALTER TABLE ONLY public.wagtailembeds_embed
    ADD CONSTRAINT wagtailembeds_embed_hash_c9bd8c9a_uniq UNIQUE (hash);


--
-- Name: wagtailembeds_embed wagtailembeds_embed_pkey; Type: CONSTRAINT; Schema: public; Owner: lesgrandsvoisins
--

ALTER TABLE ONLY public.wagtailembeds_embed
    ADD CONSTRAINT wagtailembeds_embed_pkey PRIMARY KEY (id);


--
-- Name: wagtailforms_formsubmission wagtailforms_formsubmission_pkey; Type: CONSTRAINT; Schema: public; Owner: lesgrandsvoisins
--

ALTER TABLE ONLY public.wagtailforms_formsubmission
    ADD CONSTRAINT wagtailforms_formsubmission_pkey PRIMARY KEY (id);


--
-- Name: wagtailimages_image wagtailimages_image_pkey; Type: CONSTRAINT; Schema: public; Owner: lesgrandsvoisins
--

ALTER TABLE ONLY public.wagtailimages_image
    ADD CONSTRAINT wagtailimages_image_pkey PRIMARY KEY (id);


--
-- Name: wagtailimages_rendition wagtailimages_rendition_image_id_filter_spec_foc_323c8fe0_uniq; Type: CONSTRAINT; Schema: public; Owner: lesgrandsvoisins
--

ALTER TABLE ONLY public.wagtailimages_rendition
    ADD CONSTRAINT wagtailimages_rendition_image_id_filter_spec_foc_323c8fe0_uniq UNIQUE (image_id, filter_spec, focal_point_key);


--
-- Name: wagtailimages_rendition wagtailimages_rendition_pkey; Type: CONSTRAINT; Schema: public; Owner: lesgrandsvoisins
--

ALTER TABLE ONLY public.wagtailimages_rendition
    ADD CONSTRAINT wagtailimages_rendition_pkey PRIMARY KEY (id);


--
-- Name: wagtailmenus_flatmenu wagtailmenus_flatmenu_pkey; Type: CONSTRAINT; Schema: public; Owner: lesgrandsvoisins
--

ALTER TABLE ONLY public.wagtailmenus_flatmenu
    ADD CONSTRAINT wagtailmenus_flatmenu_pkey PRIMARY KEY (id);


--
-- Name: wagtailmenus_flatmenu wagtailmenus_flatmenu_site_id_handle_7b0cab3a_uniq; Type: CONSTRAINT; Schema: public; Owner: lesgrandsvoisins
--

ALTER TABLE ONLY public.wagtailmenus_flatmenu
    ADD CONSTRAINT wagtailmenus_flatmenu_site_id_handle_7b0cab3a_uniq UNIQUE (site_id, handle);


--
-- Name: wagtailmenus_flatmenuitem wagtailmenus_flatmenuitem_pkey; Type: CONSTRAINT; Schema: public; Owner: lesgrandsvoisins
--

ALTER TABLE ONLY public.wagtailmenus_flatmenuitem
    ADD CONSTRAINT wagtailmenus_flatmenuitem_pkey PRIMARY KEY (id);


--
-- Name: wagtailmenus_mainmenu wagtailmenus_mainmenu_pkey; Type: CONSTRAINT; Schema: public; Owner: lesgrandsvoisins
--

ALTER TABLE ONLY public.wagtailmenus_mainmenu
    ADD CONSTRAINT wagtailmenus_mainmenu_pkey PRIMARY KEY (id);


--
-- Name: wagtailmenus_mainmenu wagtailmenus_mainmenu_site_id_key; Type: CONSTRAINT; Schema: public; Owner: lesgrandsvoisins
--

ALTER TABLE ONLY public.wagtailmenus_mainmenu
    ADD CONSTRAINT wagtailmenus_mainmenu_site_id_key UNIQUE (site_id);


--
-- Name: wagtailmenus_mainmenuitem wagtailmenus_mainmenuitem_pkey; Type: CONSTRAINT; Schema: public; Owner: lesgrandsvoisins
--

ALTER TABLE ONLY public.wagtailmenus_mainmenuitem
    ADD CONSTRAINT wagtailmenus_mainmenuitem_pkey PRIMARY KEY (id);


--
-- Name: wagtailredirects_redirect wagtailredirects_redirect_old_path_site_id_783622d7_uniq; Type: CONSTRAINT; Schema: public; Owner: lesgrandsvoisins
--

ALTER TABLE ONLY public.wagtailredirects_redirect
    ADD CONSTRAINT wagtailredirects_redirect_old_path_site_id_783622d7_uniq UNIQUE (old_path, site_id);


--
-- Name: wagtailredirects_redirect wagtailredirects_redirect_pkey; Type: CONSTRAINT; Schema: public; Owner: lesgrandsvoisins
--

ALTER TABLE ONLY public.wagtailredirects_redirect
    ADD CONSTRAINT wagtailredirects_redirect_pkey PRIMARY KEY (id);


--
-- Name: wagtailsearch_indexentry wagtailsearch_indexentry_content_type_id_object_i_bcd7ba73_uniq; Type: CONSTRAINT; Schema: public; Owner: lesgrandsvoisins
--

ALTER TABLE ONLY public.wagtailsearch_indexentry
    ADD CONSTRAINT wagtailsearch_indexentry_content_type_id_object_i_bcd7ba73_uniq UNIQUE (content_type_id, object_id);


--
-- Name: wagtailsearch_indexentry wagtailsearch_indexentry_pkey; Type: CONSTRAINT; Schema: public; Owner: lesgrandsvoisins
--

ALTER TABLE ONLY public.wagtailsearch_indexentry
    ADD CONSTRAINT wagtailsearch_indexentry_pkey PRIMARY KEY (id);


--
-- Name: wagtailusers_userprofile wagtailusers_userprofile_pkey; Type: CONSTRAINT; Schema: public; Owner: lesgrandsvoisins
--

ALTER TABLE ONLY public.wagtailusers_userprofile
    ADD CONSTRAINT wagtailusers_userprofile_pkey PRIMARY KEY (id);


--
-- Name: wagtailusers_userprofile wagtailusers_userprofile_user_id_key; Type: CONSTRAINT; Schema: public; Owner: lesgrandsvoisins
--

ALTER TABLE ONLY public.wagtailusers_userprofile
    ADD CONSTRAINT wagtailusers_userprofile_user_id_key UNIQUE (user_id);


--
-- Name: auth_group_name_a6ea08ec_like; Type: INDEX; Schema: public; Owner: lesgrandsvoisins
--

CREATE INDEX auth_group_name_a6ea08ec_like ON public.auth_group USING btree (name varchar_pattern_ops);


--
-- Name: auth_group_permissions_group_id_b120cbf9; Type: INDEX; Schema: public; Owner: lesgrandsvoisins
--

CREATE INDEX auth_group_permissions_group_id_b120cbf9 ON public.auth_group_permissions USING btree (group_id);


--
-- Name: auth_group_permissions_permission_id_84c5c92e; Type: INDEX; Schema: public; Owner: lesgrandsvoisins
--

CREATE INDEX auth_group_permissions_permission_id_84c5c92e ON public.auth_group_permissions USING btree (permission_id);


--
-- Name: auth_permission_content_type_id_2f476e4b; Type: INDEX; Schema: public; Owner: lesgrandsvoisins
--

CREATE INDEX auth_permission_content_type_id_2f476e4b ON public.auth_permission USING btree (content_type_id);


--
-- Name: auth_user_groups_group_id_97559544; Type: INDEX; Schema: public; Owner: lesgrandsvoisins
--

CREATE INDEX auth_user_groups_group_id_97559544 ON public.auth_user_groups USING btree (group_id);


--
-- Name: auth_user_groups_user_id_6a12ed8b; Type: INDEX; Schema: public; Owner: lesgrandsvoisins
--

CREATE INDEX auth_user_groups_user_id_6a12ed8b ON public.auth_user_groups USING btree (user_id);


--
-- Name: auth_user_user_permissions_permission_id_1fbb5f2c; Type: INDEX; Schema: public; Owner: lesgrandsvoisins
--

CREATE INDEX auth_user_user_permissions_permission_id_1fbb5f2c ON public.auth_user_user_permissions USING btree (permission_id);


--
-- Name: auth_user_user_permissions_user_id_a95ead1b; Type: INDEX; Schema: public; Owner: lesgrandsvoisins
--

CREATE INDEX auth_user_user_permissions_user_id_a95ead1b ON public.auth_user_user_permissions USING btree (user_id);


--
-- Name: auth_user_username_6821ab7c_like; Type: INDEX; Schema: public; Owner: lesgrandsvoisins
--

CREATE INDEX auth_user_username_6821ab7c_like ON public.auth_user USING btree (username varchar_pattern_ops);


--
-- Name: base_content_object_idx; Type: INDEX; Schema: public; Owner: lesgrandsvoisins
--

CREATE INDEX base_content_object_idx ON public.wagtailcore_revision USING btree (base_content_type_id, object_id);


--
-- Name: content_object_idx; Type: INDEX; Schema: public; Owner: lesgrandsvoisins
--

CREATE INDEX content_object_idx ON public.wagtailcore_revision USING btree (content_type_id, object_id);


--
-- Name: django_admin_log_content_type_id_c4bce8eb; Type: INDEX; Schema: public; Owner: lesgrandsvoisins
--

CREATE INDEX django_admin_log_content_type_id_c4bce8eb ON public.django_admin_log USING btree (content_type_id);


--
-- Name: django_admin_log_user_id_c564eba6; Type: INDEX; Schema: public; Owner: lesgrandsvoisins
--

CREATE INDEX django_admin_log_user_id_c564eba6 ON public.django_admin_log USING btree (user_id);


--
-- Name: django_session_expire_date_a5c62663; Type: INDEX; Schema: public; Owner: lesgrandsvoisins
--

CREATE INDEX django_session_expire_date_a5c62663 ON public.django_session USING btree (expire_date);


--
-- Name: django_session_session_key_c0390e0f_like; Type: INDEX; Schema: public; Owner: lesgrandsvoisins
--

CREATE INDEX django_session_session_key_c0390e0f_like ON public.django_session USING btree (session_key varchar_pattern_ops);


--
-- Name: django_village_villagesocialmedia_site_config_id_5271831d; Type: INDEX; Schema: public; Owner: lesgrandsvoisins
--

CREATE INDEX django_village_villagesocialmedia_site_config_id_5271831d ON public.django_village_villagesocialmedia USING btree (site_config_id);


--
-- Name: taggit_tag_name_58eb2ed9_like; Type: INDEX; Schema: public; Owner: lesgrandsvoisins
--

CREATE INDEX taggit_tag_name_58eb2ed9_like ON public.taggit_tag USING btree (name varchar_pattern_ops);


--
-- Name: taggit_tag_slug_6be58b2c_like; Type: INDEX; Schema: public; Owner: lesgrandsvoisins
--

CREATE INDEX taggit_tag_slug_6be58b2c_like ON public.taggit_tag USING btree (slug varchar_pattern_ops);


--
-- Name: taggit_tagg_content_8fc721_idx; Type: INDEX; Schema: public; Owner: lesgrandsvoisins
--

CREATE INDEX taggit_tagg_content_8fc721_idx ON public.taggit_taggeditem USING btree (content_type_id, object_id);


--
-- Name: taggit_taggeditem_content_type_id_9957a03c; Type: INDEX; Schema: public; Owner: lesgrandsvoisins
--

CREATE INDEX taggit_taggeditem_content_type_id_9957a03c ON public.taggit_taggeditem USING btree (content_type_id);


--
-- Name: taggit_taggeditem_object_id_e2d7d1df; Type: INDEX; Schema: public; Owner: lesgrandsvoisins
--

CREATE INDEX taggit_taggeditem_object_id_e2d7d1df ON public.taggit_taggeditem USING btree (object_id);


--
-- Name: taggit_taggeditem_tag_id_f4f5b767; Type: INDEX; Schema: public; Owner: lesgrandsvoisins
--

CREATE INDEX taggit_taggeditem_tag_id_f4f5b767 ON public.taggit_taggeditem USING btree (tag_id);


--
-- Name: unique_in_progress_workflow; Type: INDEX; Schema: public; Owner: lesgrandsvoisins
--

CREATE UNIQUE INDEX unique_in_progress_workflow ON public.wagtailcore_workflowstate USING btree (base_content_type_id, object_id) WHERE ((status)::text = ANY ((ARRAY['in_progress'::character varying, 'needs_changes'::character varying])::text[]));


--
-- Name: wagtail_localize_localesynchronization_sync_from_id_1bc4c2eb; Type: INDEX; Schema: public; Owner: lesgrandsvoisins
--

CREATE INDEX wagtail_localize_localesynchronization_sync_from_id_1bc4c2eb ON public.wagtail_localize_localesynchronization USING btree (sync_from_id);


--
-- Name: wagtail_localize_overridablesegment_context_id_eed8c388; Type: INDEX; Schema: public; Owner: lesgrandsvoisins
--

CREATE INDEX wagtail_localize_overridablesegment_context_id_eed8c388 ON public.wagtail_localize_overridablesegment USING btree (context_id);


--
-- Name: wagtail_localize_overridablesegment_source_id_5720ac20; Type: INDEX; Schema: public; Owner: lesgrandsvoisins
--

CREATE INDEX wagtail_localize_overridablesegment_source_id_5720ac20 ON public.wagtail_localize_overridablesegment USING btree (source_id);


--
-- Name: wagtail_localize_relatedobjectsegment_context_id_c0a725be; Type: INDEX; Schema: public; Owner: lesgrandsvoisins
--

CREATE INDEX wagtail_localize_relatedobjectsegment_context_id_c0a725be ON public.wagtail_localize_relatedobjectsegment USING btree (context_id);


--
-- Name: wagtail_localize_relatedobjectsegment_object_id_6c7b58df; Type: INDEX; Schema: public; Owner: lesgrandsvoisins
--

CREATE INDEX wagtail_localize_relatedobjectsegment_object_id_6c7b58df ON public.wagtail_localize_relatedobjectsegment USING btree (object_id);


--
-- Name: wagtail_localize_relatedobjectsegment_source_id_9a3b1373; Type: INDEX; Schema: public; Owner: lesgrandsvoisins
--

CREATE INDEX wagtail_localize_relatedobjectsegment_source_id_9a3b1373 ON public.wagtail_localize_relatedobjectsegment USING btree (source_id);


--
-- Name: wagtail_localize_segmentoverride_context_id_f827efe0; Type: INDEX; Schema: public; Owner: lesgrandsvoisins
--

CREATE INDEX wagtail_localize_segmentoverride_context_id_f827efe0 ON public.wagtail_localize_segmentoverride USING btree (context_id);


--
-- Name: wagtail_localize_segmentoverride_last_translated_by_id_a86448fc; Type: INDEX; Schema: public; Owner: lesgrandsvoisins
--

CREATE INDEX wagtail_localize_segmentoverride_last_translated_by_id_a86448fc ON public.wagtail_localize_segmentoverride USING btree (last_translated_by_id);


--
-- Name: wagtail_localize_segmentoverride_locale_id_b1673d41; Type: INDEX; Schema: public; Owner: lesgrandsvoisins
--

CREATE INDEX wagtail_localize_segmentoverride_locale_id_b1673d41 ON public.wagtail_localize_segmentoverride USING btree (locale_id);


--
-- Name: wagtail_localize_string_locale_id_2cded126; Type: INDEX; Schema: public; Owner: lesgrandsvoisins
--

CREATE INDEX wagtail_localize_string_locale_id_2cded126 ON public.wagtail_localize_string USING btree (locale_id);


--
-- Name: wagtail_localize_stringsegment_context_id_63235539; Type: INDEX; Schema: public; Owner: lesgrandsvoisins
--

CREATE INDEX wagtail_localize_stringsegment_context_id_63235539 ON public.wagtail_localize_stringsegment USING btree (context_id);


--
-- Name: wagtail_localize_stringsegment_source_id_5804129f; Type: INDEX; Schema: public; Owner: lesgrandsvoisins
--

CREATE INDEX wagtail_localize_stringsegment_source_id_5804129f ON public.wagtail_localize_stringsegment USING btree (source_id);


--
-- Name: wagtail_localize_stringsegment_string_id_6356d5ec; Type: INDEX; Schema: public; Owner: lesgrandsvoisins
--

CREATE INDEX wagtail_localize_stringsegment_string_id_6356d5ec ON public.wagtail_localize_stringsegment USING btree (string_id);


--
-- Name: wagtail_localize_stringtra_last_translated_by_id_764c7a3f; Type: INDEX; Schema: public; Owner: lesgrandsvoisins
--

CREATE INDEX wagtail_localize_stringtra_last_translated_by_id_764c7a3f ON public.wagtail_localize_stringtranslation USING btree (last_translated_by_id);


--
-- Name: wagtail_localize_stringtranslation_context_id_3cc13049; Type: INDEX; Schema: public; Owner: lesgrandsvoisins
--

CREATE INDEX wagtail_localize_stringtranslation_context_id_3cc13049 ON public.wagtail_localize_stringtranslation USING btree (context_id);


--
-- Name: wagtail_localize_stringtranslation_locale_id_b9e3730d; Type: INDEX; Schema: public; Owner: lesgrandsvoisins
--

CREATE INDEX wagtail_localize_stringtranslation_locale_id_b9e3730d ON public.wagtail_localize_stringtranslation USING btree (locale_id);


--
-- Name: wagtail_localize_stringtranslation_translation_of_id_8eef01d0; Type: INDEX; Schema: public; Owner: lesgrandsvoisins
--

CREATE INDEX wagtail_localize_stringtranslation_translation_of_id_8eef01d0 ON public.wagtail_localize_stringtranslation USING btree (translation_of_id);


--
-- Name: wagtail_localize_templatesegment_context_id_81456b25; Type: INDEX; Schema: public; Owner: lesgrandsvoisins
--

CREATE INDEX wagtail_localize_templatesegment_context_id_81456b25 ON public.wagtail_localize_templatesegment USING btree (context_id);


--
-- Name: wagtail_localize_templatesegment_source_id_26b89dc6; Type: INDEX; Schema: public; Owner: lesgrandsvoisins
--

CREATE INDEX wagtail_localize_templatesegment_source_id_26b89dc6 ON public.wagtail_localize_templatesegment USING btree (source_id);


--
-- Name: wagtail_localize_templatesegment_template_id_c370b3c8; Type: INDEX; Schema: public; Owner: lesgrandsvoisins
--

CREATE INDEX wagtail_localize_templatesegment_template_id_c370b3c8 ON public.wagtail_localize_templatesegment USING btree (template_id);


--
-- Name: wagtail_localize_translatableobject_content_type_id_0d6c5139; Type: INDEX; Schema: public; Owner: lesgrandsvoisins
--

CREATE INDEX wagtail_localize_translatableobject_content_type_id_0d6c5139 ON public.wagtail_localize_translatableobject USING btree (content_type_id);


--
-- Name: wagtail_localize_translati_specific_content_type_id_3095eb76; Type: INDEX; Schema: public; Owner: lesgrandsvoisins
--

CREATE INDEX wagtail_localize_translati_specific_content_type_id_3095eb76 ON public.wagtail_localize_translationsource USING btree (specific_content_type_id);


--
-- Name: wagtail_localize_translation_source_id_e326e1e3; Type: INDEX; Schema: public; Owner: lesgrandsvoisins
--

CREATE INDEX wagtail_localize_translation_source_id_e326e1e3 ON public.wagtail_localize_translation USING btree (source_id);


--
-- Name: wagtail_localize_translation_target_locale_id_8c524f73; Type: INDEX; Schema: public; Owner: lesgrandsvoisins
--

CREATE INDEX wagtail_localize_translation_target_locale_id_8c524f73 ON public.wagtail_localize_translation USING btree (target_locale_id);


--
-- Name: wagtail_localize_translationcontext_object_id_86263ce7; Type: INDEX; Schema: public; Owner: lesgrandsvoisins
--

CREATE INDEX wagtail_localize_translationcontext_object_id_86263ce7 ON public.wagtail_localize_translationcontext USING btree (object_id);


--
-- Name: wagtail_localize_translationlog_locale_id_37619cb4; Type: INDEX; Schema: public; Owner: lesgrandsvoisins
--

CREATE INDEX wagtail_localize_translationlog_locale_id_37619cb4 ON public.wagtail_localize_translationlog USING btree (locale_id);


--
-- Name: wagtail_localize_translationlog_page_revision_id_b036eea6; Type: INDEX; Schema: public; Owner: lesgrandsvoisins
--

CREATE INDEX wagtail_localize_translationlog_page_revision_id_b036eea6 ON public.wagtail_localize_translationlog USING btree (revision_id);


--
-- Name: wagtail_localize_translationlog_source_id_7228923e; Type: INDEX; Schema: public; Owner: lesgrandsvoisins
--

CREATE INDEX wagtail_localize_translationlog_source_id_7228923e ON public.wagtail_localize_translationlog USING btree (source_id);


--
-- Name: wagtail_localize_translationsource_locale_id_0ac264c0; Type: INDEX; Schema: public; Owner: lesgrandsvoisins
--

CREATE INDEX wagtail_localize_translationsource_locale_id_0ac264c0 ON public.wagtail_localize_translationsource USING btree (locale_id);


--
-- Name: wagtail_localize_translationsource_object_id_6a078fd2; Type: INDEX; Schema: public; Owner: lesgrandsvoisins
--

CREATE INDEX wagtail_localize_translationsource_object_id_6a078fd2 ON public.wagtail_localize_translationsource USING btree (object_id);


--
-- Name: wagtail_transfer_idmapping_content_type_id_2ebc6ffe; Type: INDEX; Schema: public; Owner: lesgrandsvoisins
--

CREATE INDEX wagtail_transfer_idmapping_content_type_id_2ebc6ffe ON public.wagtail_transfer_idmapping USING btree (content_type_id);


--
-- Name: wagtail_village_blog_bloge_blogentrypage_id_bff99efd; Type: INDEX; Schema: public; Owner: lesgrandsvoisins
--

CREATE INDEX wagtail_village_blog_bloge_blogentrypage_id_bff99efd ON public.wagtail_village_blog_blogentrypage_authors USING btree (blogentrypage_id);


--
-- Name: wagtail_village_blog_blogentrypage_authors_person_id_311c8b89; Type: INDEX; Schema: public; Owner: lesgrandsvoisins
--

CREATE INDEX wagtail_village_blog_blogentrypage_authors_person_id_311c8b89 ON public.wagtail_village_blog_blogentrypage_authors USING btree (person_id);


--
-- Name: wagtail_village_blog_category_locale_id_047f5cf4; Type: INDEX; Schema: public; Owner: lesgrandsvoisins
--

CREATE INDEX wagtail_village_blog_category_locale_id_047f5cf4 ON public.wagtail_village_blog_category USING btree (locale_id);


--
-- Name: wagtail_village_blog_category_name_e6b4d5e0_like; Type: INDEX; Schema: public; Owner: lesgrandsvoisins
--

CREATE INDEX wagtail_village_blog_category_name_e6b4d5e0_like ON public.wagtail_village_blog_category USING btree (name varchar_pattern_ops);


--
-- Name: wagtail_village_blog_category_parent_id_a014a7a3; Type: INDEX; Schema: public; Owner: lesgrandsvoisins
--

CREATE INDEX wagtail_village_blog_category_parent_id_a014a7a3 ON public.wagtail_village_blog_category USING btree (parent_id);


--
-- Name: wagtail_village_blog_category_slug_812eb8d4_like; Type: INDEX; Schema: public; Owner: lesgrandsvoisins
--

CREATE INDEX wagtail_village_blog_category_slug_812eb8d4_like ON public.wagtail_village_blog_category USING btree (slug varchar_pattern_ops);


--
-- Name: wagtail_village_blog_categoryentrypage_category_id_b334d5b2; Type: INDEX; Schema: public; Owner: lesgrandsvoisins
--

CREATE INDEX wagtail_village_blog_categoryentrypage_category_id_b334d5b2 ON public.wagtail_village_blog_categoryentrypage USING btree (category_id);


--
-- Name: wagtail_village_blog_categoryentrypage_page_id_51f2f141; Type: INDEX; Schema: public; Owner: lesgrandsvoisins
--

CREATE INDEX wagtail_village_blog_categoryentrypage_page_id_51f2f141 ON public.wagtail_village_blog_categoryentrypage USING btree (page_id);


--
-- Name: wagtail_village_blog_person_image_id_7a7437ba; Type: INDEX; Schema: public; Owner: lesgrandsvoisins
--

CREATE INDEX wagtail_village_blog_person_image_id_7a7437ba ON public.wagtail_village_blog_person USING btree (image_id);


--
-- Name: wagtail_village_blog_tagentrypage_content_object_id_70663a2e; Type: INDEX; Schema: public; Owner: lesgrandsvoisins
--

CREATE INDEX wagtail_village_blog_tagentrypage_content_object_id_70663a2e ON public.wagtail_village_blog_tagentrypage USING btree (content_object_id);


--
-- Name: wagtail_village_blog_tagentrypage_tag_id_5eedb391; Type: INDEX; Schema: public; Owner: lesgrandsvoisins
--

CREATE INDEX wagtail_village_blog_tagentrypage_tag_id_5eedb391 ON public.wagtail_village_blog_tagentrypage USING btree (tag_id);


--
-- Name: wagtail_village_contentpage_header_image_id_4be41c0d; Type: INDEX; Schema: public; Owner: lesgrandsvoisins
--

CREATE INDEX wagtail_village_contentpage_header_image_id_4be41c0d ON public.wagtail_village_contentpage USING btree (header_image_id);


--
-- Name: wagtail_village_forms_formfield_page_id_9859449d; Type: INDEX; Schema: public; Owner: lesgrandsvoisins
--

CREATE INDEX wagtail_village_forms_formfield_page_id_9859449d ON public.wagtail_village_forms_formfield USING btree (page_id);


--
-- Name: wagtail_village_megamenu_parent_menu_item_id_d360fa35; Type: INDEX; Schema: public; Owner: lesgrandsvoisins
--

CREATE INDEX wagtail_village_megamenu_parent_menu_item_id_d360fa35 ON public.wagtail_village_megamenu USING btree (parent_menu_item_id);


--
-- Name: wagtail_village_megamenucategory_category_id_1b2175d5; Type: INDEX; Schema: public; Owner: lesgrandsvoisins
--

CREATE INDEX wagtail_village_megamenucategory_category_id_1b2175d5 ON public.wagtail_village_megamenucategory USING btree (category_id);


--
-- Name: wagtail_village_megamenucategory_mega_menu_id_9de99254; Type: INDEX; Schema: public; Owner: lesgrandsvoisins
--

CREATE INDEX wagtail_village_megamenucategory_mega_menu_id_9de99254 ON public.wagtail_village_megamenucategory USING btree (mega_menu_id);


--
-- Name: wagtail_village_socialmediaitem_site_config_id_4070b2ab; Type: INDEX; Schema: public; Owner: lesgrandsvoisins
--

CREATE INDEX wagtail_village_socialmediaitem_site_config_id_4070b2ab ON public.wagtail_village_socialmediaitem USING btree (site_config_id);


--
-- Name: wagtail_village_tagcontentpage_content_object_id_183d45a2; Type: INDEX; Schema: public; Owner: lesgrandsvoisins
--

CREATE INDEX wagtail_village_tagcontentpage_content_object_id_183d45a2 ON public.wagtail_village_tagcontentpage USING btree (content_object_id);


--
-- Name: wagtail_village_tagcontentpage_tag_id_ceef12ca; Type: INDEX; Schema: public; Owner: lesgrandsvoisins
--

CREATE INDEX wagtail_village_tagcontentpage_tag_id_ceef12ca ON public.wagtail_village_tagcontentpage USING btree (tag_id);


--
-- Name: wagtailadmi_content_717955_idx; Type: INDEX; Schema: public; Owner: lesgrandsvoisins
--

CREATE INDEX wagtailadmi_content_717955_idx ON public.wagtailadmin_editingsession USING btree (content_type_id, object_id);


--
-- Name: wagtailadmin_editingsession_content_type_id_4df7730e; Type: INDEX; Schema: public; Owner: lesgrandsvoisins
--

CREATE INDEX wagtailadmin_editingsession_content_type_id_4df7730e ON public.wagtailadmin_editingsession USING btree (content_type_id);


--
-- Name: wagtailadmin_editingsession_user_id_6e1a9b70; Type: INDEX; Schema: public; Owner: lesgrandsvoisins
--

CREATE INDEX wagtailadmin_editingsession_user_id_6e1a9b70 ON public.wagtailadmin_editingsession USING btree (user_id);


--
-- Name: wagtailcore_collection_path_d848dc19_like; Type: INDEX; Schema: public; Owner: lesgrandsvoisins
--

CREATE INDEX wagtailcore_collection_path_d848dc19_like ON public.wagtailcore_collection USING btree (path varchar_pattern_ops);


--
-- Name: wagtailcore_collectionview_collectionviewrestriction__47320efd; Type: INDEX; Schema: public; Owner: lesgrandsvoisins
--

CREATE INDEX wagtailcore_collectionview_collectionviewrestriction__47320efd ON public.wagtailcore_collectionviewrestriction_groups USING btree (collectionviewrestriction_id);


--
-- Name: wagtailcore_collectionviewrestriction_collection_id_761908ec; Type: INDEX; Schema: public; Owner: lesgrandsvoisins
--

CREATE INDEX wagtailcore_collectionviewrestriction_collection_id_761908ec ON public.wagtailcore_collectionviewrestriction USING btree (collection_id);


--
-- Name: wagtailcore_collectionviewrestriction_groups_group_id_1823f2a3; Type: INDEX; Schema: public; Owner: lesgrandsvoisins
--

CREATE INDEX wagtailcore_collectionviewrestriction_groups_group_id_1823f2a3 ON public.wagtailcore_collectionviewrestriction_groups USING btree (group_id);


--
-- Name: wagtailcore_comment_page_id_108444b5; Type: INDEX; Schema: public; Owner: lesgrandsvoisins
--

CREATE INDEX wagtailcore_comment_page_id_108444b5 ON public.wagtailcore_comment USING btree (page_id);


--
-- Name: wagtailcore_comment_resolved_by_id_a282aa0e; Type: INDEX; Schema: public; Owner: lesgrandsvoisins
--

CREATE INDEX wagtailcore_comment_resolved_by_id_a282aa0e ON public.wagtailcore_comment USING btree (resolved_by_id);


--
-- Name: wagtailcore_comment_revision_created_id_1d058279; Type: INDEX; Schema: public; Owner: lesgrandsvoisins
--

CREATE INDEX wagtailcore_comment_revision_created_id_1d058279 ON public.wagtailcore_comment USING btree (revision_created_id);


--
-- Name: wagtailcore_comment_user_id_0c577ca6; Type: INDEX; Schema: public; Owner: lesgrandsvoisins
--

CREATE INDEX wagtailcore_comment_user_id_0c577ca6 ON public.wagtailcore_comment USING btree (user_id);


--
-- Name: wagtailcore_commentreply_comment_id_afc7e027; Type: INDEX; Schema: public; Owner: lesgrandsvoisins
--

CREATE INDEX wagtailcore_commentreply_comment_id_afc7e027 ON public.wagtailcore_commentreply USING btree (comment_id);


--
-- Name: wagtailcore_commentreply_user_id_d0b3b9c3; Type: INDEX; Schema: public; Owner: lesgrandsvoisins
--

CREATE INDEX wagtailcore_commentreply_user_id_d0b3b9c3 ON public.wagtailcore_commentreply USING btree (user_id);


--
-- Name: wagtailcore_groupapprovalt_groupapprovaltask_id_9a9255ea; Type: INDEX; Schema: public; Owner: lesgrandsvoisins
--

CREATE INDEX wagtailcore_groupapprovalt_groupapprovaltask_id_9a9255ea ON public.wagtailcore_groupapprovaltask_groups USING btree (groupapprovaltask_id);


--
-- Name: wagtailcore_groupapprovaltask_groups_group_id_2e64b61f; Type: INDEX; Schema: public; Owner: lesgrandsvoisins
--

CREATE INDEX wagtailcore_groupapprovaltask_groups_group_id_2e64b61f ON public.wagtailcore_groupapprovaltask_groups USING btree (group_id);


--
-- Name: wagtailcore_groupcollectionpermission_collection_id_5423575a; Type: INDEX; Schema: public; Owner: lesgrandsvoisins
--

CREATE INDEX wagtailcore_groupcollectionpermission_collection_id_5423575a ON public.wagtailcore_groupcollectionpermission USING btree (collection_id);


--
-- Name: wagtailcore_groupcollectionpermission_group_id_05d61460; Type: INDEX; Schema: public; Owner: lesgrandsvoisins
--

CREATE INDEX wagtailcore_groupcollectionpermission_group_id_05d61460 ON public.wagtailcore_groupcollectionpermission USING btree (group_id);


--
-- Name: wagtailcore_groupcollectionpermission_permission_id_1b626275; Type: INDEX; Schema: public; Owner: lesgrandsvoisins
--

CREATE INDEX wagtailcore_groupcollectionpermission_permission_id_1b626275 ON public.wagtailcore_groupcollectionpermission USING btree (permission_id);


--
-- Name: wagtailcore_grouppagepermission_group_id_fc07e671; Type: INDEX; Schema: public; Owner: lesgrandsvoisins
--

CREATE INDEX wagtailcore_grouppagepermission_group_id_fc07e671 ON public.wagtailcore_grouppagepermission USING btree (group_id);


--
-- Name: wagtailcore_grouppagepermission_page_id_710b114a; Type: INDEX; Schema: public; Owner: lesgrandsvoisins
--

CREATE INDEX wagtailcore_grouppagepermission_page_id_710b114a ON public.wagtailcore_grouppagepermission USING btree (page_id);


--
-- Name: wagtailcore_grouppagepermission_permission_id_05acb22e; Type: INDEX; Schema: public; Owner: lesgrandsvoisins
--

CREATE INDEX wagtailcore_grouppagepermission_permission_id_05acb22e ON public.wagtailcore_grouppagepermission USING btree (permission_id);


--
-- Name: wagtailcore_locale_language_code_03149338_like; Type: INDEX; Schema: public; Owner: lesgrandsvoisins
--

CREATE INDEX wagtailcore_locale_language_code_03149338_like ON public.wagtailcore_locale USING btree (language_code varchar_pattern_ops);


--
-- Name: wagtailcore_modellogentry_action_d2d856ee; Type: INDEX; Schema: public; Owner: lesgrandsvoisins
--

CREATE INDEX wagtailcore_modellogentry_action_d2d856ee ON public.wagtailcore_modellogentry USING btree (action);


--
-- Name: wagtailcore_modellogentry_action_d2d856ee_like; Type: INDEX; Schema: public; Owner: lesgrandsvoisins
--

CREATE INDEX wagtailcore_modellogentry_action_d2d856ee_like ON public.wagtailcore_modellogentry USING btree (action varchar_pattern_ops);


--
-- Name: wagtailcore_modellogentry_content_changed_8bc39742; Type: INDEX; Schema: public; Owner: lesgrandsvoisins
--

CREATE INDEX wagtailcore_modellogentry_content_changed_8bc39742 ON public.wagtailcore_modellogentry USING btree (content_changed);


--
-- Name: wagtailcore_modellogentry_content_type_id_68849e77; Type: INDEX; Schema: public; Owner: lesgrandsvoisins
--

CREATE INDEX wagtailcore_modellogentry_content_type_id_68849e77 ON public.wagtailcore_modellogentry USING btree (content_type_id);


--
-- Name: wagtailcore_modellogentry_object_id_e0e7d4ef; Type: INDEX; Schema: public; Owner: lesgrandsvoisins
--

CREATE INDEX wagtailcore_modellogentry_object_id_e0e7d4ef ON public.wagtailcore_modellogentry USING btree (object_id);


--
-- Name: wagtailcore_modellogentry_object_id_e0e7d4ef_like; Type: INDEX; Schema: public; Owner: lesgrandsvoisins
--

CREATE INDEX wagtailcore_modellogentry_object_id_e0e7d4ef_like ON public.wagtailcore_modellogentry USING btree (object_id varchar_pattern_ops);


--
-- Name: wagtailcore_modellogentry_revision_id_df6ca33a; Type: INDEX; Schema: public; Owner: lesgrandsvoisins
--

CREATE INDEX wagtailcore_modellogentry_revision_id_df6ca33a ON public.wagtailcore_modellogentry USING btree (revision_id);


--
-- Name: wagtailcore_modellogentry_timestamp_9694521b; Type: INDEX; Schema: public; Owner: lesgrandsvoisins
--

CREATE INDEX wagtailcore_modellogentry_timestamp_9694521b ON public.wagtailcore_modellogentry USING btree ("timestamp");


--
-- Name: wagtailcore_modellogentry_user_id_0278d1bf; Type: INDEX; Schema: public; Owner: lesgrandsvoisins
--

CREATE INDEX wagtailcore_modellogentry_user_id_0278d1bf ON public.wagtailcore_modellogentry USING btree (user_id);


--
-- Name: wagtailcore_page_alias_of_id_12945502; Type: INDEX; Schema: public; Owner: lesgrandsvoisins
--

CREATE INDEX wagtailcore_page_alias_of_id_12945502 ON public.wagtailcore_page USING btree (alias_of_id);


--
-- Name: wagtailcore_page_content_type_id_c28424df; Type: INDEX; Schema: public; Owner: lesgrandsvoisins
--

CREATE INDEX wagtailcore_page_content_type_id_c28424df ON public.wagtailcore_page USING btree (content_type_id);


--
-- Name: wagtailcore_page_first_published_at_2b5dd637; Type: INDEX; Schema: public; Owner: lesgrandsvoisins
--

CREATE INDEX wagtailcore_page_first_published_at_2b5dd637 ON public.wagtailcore_page USING btree (first_published_at);


--
-- Name: wagtailcore_page_latest_revision_id_e60fef51; Type: INDEX; Schema: public; Owner: lesgrandsvoisins
--

CREATE INDEX wagtailcore_page_latest_revision_id_e60fef51 ON public.wagtailcore_page USING btree (latest_revision_id);


--
-- Name: wagtailcore_page_live_revision_id_930bd822; Type: INDEX; Schema: public; Owner: lesgrandsvoisins
--

CREATE INDEX wagtailcore_page_live_revision_id_930bd822 ON public.wagtailcore_page USING btree (live_revision_id);


--
-- Name: wagtailcore_page_locale_id_3c7e30a6; Type: INDEX; Schema: public; Owner: lesgrandsvoisins
--

CREATE INDEX wagtailcore_page_locale_id_3c7e30a6 ON public.wagtailcore_page USING btree (locale_id);


--
-- Name: wagtailcore_page_locked_by_id_bcb86245; Type: INDEX; Schema: public; Owner: lesgrandsvoisins
--

CREATE INDEX wagtailcore_page_locked_by_id_bcb86245 ON public.wagtailcore_page USING btree (locked_by_id);


--
-- Name: wagtailcore_page_owner_id_fbf7c332; Type: INDEX; Schema: public; Owner: lesgrandsvoisins
--

CREATE INDEX wagtailcore_page_owner_id_fbf7c332 ON public.wagtailcore_page USING btree (owner_id);


--
-- Name: wagtailcore_page_path_98eba2c8_like; Type: INDEX; Schema: public; Owner: lesgrandsvoisins
--

CREATE INDEX wagtailcore_page_path_98eba2c8_like ON public.wagtailcore_page USING btree (path varchar_pattern_ops);


--
-- Name: wagtailcore_page_slug_e7c11b8f; Type: INDEX; Schema: public; Owner: lesgrandsvoisins
--

CREATE INDEX wagtailcore_page_slug_e7c11b8f ON public.wagtailcore_page USING btree (slug);


--
-- Name: wagtailcore_page_slug_e7c11b8f_like; Type: INDEX; Schema: public; Owner: lesgrandsvoisins
--

CREATE INDEX wagtailcore_page_slug_e7c11b8f_like ON public.wagtailcore_page USING btree (slug varchar_pattern_ops);


--
-- Name: wagtailcore_pagelogentry_action_c2408198; Type: INDEX; Schema: public; Owner: lesgrandsvoisins
--

CREATE INDEX wagtailcore_pagelogentry_action_c2408198 ON public.wagtailcore_pagelogentry USING btree (action);


--
-- Name: wagtailcore_pagelogentry_action_c2408198_like; Type: INDEX; Schema: public; Owner: lesgrandsvoisins
--

CREATE INDEX wagtailcore_pagelogentry_action_c2408198_like ON public.wagtailcore_pagelogentry USING btree (action varchar_pattern_ops);


--
-- Name: wagtailcore_pagelogentry_content_changed_99f27ade; Type: INDEX; Schema: public; Owner: lesgrandsvoisins
--

CREATE INDEX wagtailcore_pagelogentry_content_changed_99f27ade ON public.wagtailcore_pagelogentry USING btree (content_changed);


--
-- Name: wagtailcore_pagelogentry_content_type_id_74e7708a; Type: INDEX; Schema: public; Owner: lesgrandsvoisins
--

CREATE INDEX wagtailcore_pagelogentry_content_type_id_74e7708a ON public.wagtailcore_pagelogentry USING btree (content_type_id);


--
-- Name: wagtailcore_pagelogentry_page_id_8464e327; Type: INDEX; Schema: public; Owner: lesgrandsvoisins
--

CREATE INDEX wagtailcore_pagelogentry_page_id_8464e327 ON public.wagtailcore_pagelogentry USING btree (page_id);


--
-- Name: wagtailcore_pagelogentry_revision_id_8043d103; Type: INDEX; Schema: public; Owner: lesgrandsvoisins
--

CREATE INDEX wagtailcore_pagelogentry_revision_id_8043d103 ON public.wagtailcore_pagelogentry USING btree (revision_id);


--
-- Name: wagtailcore_pagelogentry_timestamp_deb774c4; Type: INDEX; Schema: public; Owner: lesgrandsvoisins
--

CREATE INDEX wagtailcore_pagelogentry_timestamp_deb774c4 ON public.wagtailcore_pagelogentry USING btree ("timestamp");


--
-- Name: wagtailcore_pagelogentry_user_id_604ccfd8; Type: INDEX; Schema: public; Owner: lesgrandsvoisins
--

CREATE INDEX wagtailcore_pagelogentry_user_id_604ccfd8 ON public.wagtailcore_pagelogentry USING btree (user_id);


--
-- Name: wagtailcore_pagerevision_approved_go_live_at_e56afc67; Type: INDEX; Schema: public; Owner: lesgrandsvoisins
--

CREATE INDEX wagtailcore_pagerevision_approved_go_live_at_e56afc67 ON public.wagtailcore_revision USING btree (approved_go_live_at);


--
-- Name: wagtailcore_pagerevision_created_at_66954e3b; Type: INDEX; Schema: public; Owner: lesgrandsvoisins
--

CREATE INDEX wagtailcore_pagerevision_created_at_66954e3b ON public.wagtailcore_revision USING btree (created_at);


--
-- Name: wagtailcore_pagerevision_user_id_2409d2f4; Type: INDEX; Schema: public; Owner: lesgrandsvoisins
--

CREATE INDEX wagtailcore_pagerevision_user_id_2409d2f4 ON public.wagtailcore_revision USING btree (user_id);


--
-- Name: wagtailcore_pagesubscription_page_id_a085e7a6; Type: INDEX; Schema: public; Owner: lesgrandsvoisins
--

CREATE INDEX wagtailcore_pagesubscription_page_id_a085e7a6 ON public.wagtailcore_pagesubscription USING btree (page_id);


--
-- Name: wagtailcore_pagesubscription_user_id_89d7def9; Type: INDEX; Schema: public; Owner: lesgrandsvoisins
--

CREATE INDEX wagtailcore_pagesubscription_user_id_89d7def9 ON public.wagtailcore_pagesubscription USING btree (user_id);


--
-- Name: wagtailcore_pageviewrestri_pageviewrestriction_id_f147a99a; Type: INDEX; Schema: public; Owner: lesgrandsvoisins
--

CREATE INDEX wagtailcore_pageviewrestri_pageviewrestriction_id_f147a99a ON public.wagtailcore_pageviewrestriction_groups USING btree (pageviewrestriction_id);


--
-- Name: wagtailcore_pageviewrestriction_groups_group_id_6460f223; Type: INDEX; Schema: public; Owner: lesgrandsvoisins
--

CREATE INDEX wagtailcore_pageviewrestriction_groups_group_id_6460f223 ON public.wagtailcore_pageviewrestriction_groups USING btree (group_id);


--
-- Name: wagtailcore_pageviewrestriction_page_id_15a8bea6; Type: INDEX; Schema: public; Owner: lesgrandsvoisins
--

CREATE INDEX wagtailcore_pageviewrestriction_page_id_15a8bea6 ON public.wagtailcore_pageviewrestriction USING btree (page_id);


--
-- Name: wagtailcore_referenceindex_base_content_type_id_313cf40f; Type: INDEX; Schema: public; Owner: lesgrandsvoisins
--

CREATE INDEX wagtailcore_referenceindex_base_content_type_id_313cf40f ON public.wagtailcore_referenceindex USING btree (base_content_type_id);


--
-- Name: wagtailcore_referenceindex_content_type_id_766e0336; Type: INDEX; Schema: public; Owner: lesgrandsvoisins
--

CREATE INDEX wagtailcore_referenceindex_content_type_id_766e0336 ON public.wagtailcore_referenceindex USING btree (content_type_id);


--
-- Name: wagtailcore_referenceindex_to_content_type_id_93690bbd; Type: INDEX; Schema: public; Owner: lesgrandsvoisins
--

CREATE INDEX wagtailcore_referenceindex_to_content_type_id_93690bbd ON public.wagtailcore_referenceindex USING btree (to_content_type_id);


--
-- Name: wagtailcore_revision_base_content_type_id_5b4ef7bd; Type: INDEX; Schema: public; Owner: lesgrandsvoisins
--

CREATE INDEX wagtailcore_revision_base_content_type_id_5b4ef7bd ON public.wagtailcore_revision USING btree (base_content_type_id);


--
-- Name: wagtailcore_revision_content_type_id_c8cb69c0; Type: INDEX; Schema: public; Owner: lesgrandsvoisins
--

CREATE INDEX wagtailcore_revision_content_type_id_c8cb69c0 ON public.wagtailcore_revision USING btree (content_type_id);


--
-- Name: wagtailcore_site_hostname_96b20b46; Type: INDEX; Schema: public; Owner: lesgrandsvoisins
--

CREATE INDEX wagtailcore_site_hostname_96b20b46 ON public.wagtailcore_site USING btree (hostname);


--
-- Name: wagtailcore_site_hostname_96b20b46_like; Type: INDEX; Schema: public; Owner: lesgrandsvoisins
--

CREATE INDEX wagtailcore_site_hostname_96b20b46_like ON public.wagtailcore_site USING btree (hostname varchar_pattern_ops);


--
-- Name: wagtailcore_site_root_page_id_e02fb95c; Type: INDEX; Schema: public; Owner: lesgrandsvoisins
--

CREATE INDEX wagtailcore_site_root_page_id_e02fb95c ON public.wagtailcore_site USING btree (root_page_id);


--
-- Name: wagtailcore_task_content_type_id_249ab8ba; Type: INDEX; Schema: public; Owner: lesgrandsvoisins
--

CREATE INDEX wagtailcore_task_content_type_id_249ab8ba ON public.wagtailcore_task USING btree (content_type_id);


--
-- Name: wagtailcore_taskstate_content_type_id_0a758fdc; Type: INDEX; Schema: public; Owner: lesgrandsvoisins
--

CREATE INDEX wagtailcore_taskstate_content_type_id_0a758fdc ON public.wagtailcore_taskstate USING btree (content_type_id);


--
-- Name: wagtailcore_taskstate_finished_by_id_13f98229; Type: INDEX; Schema: public; Owner: lesgrandsvoisins
--

CREATE INDEX wagtailcore_taskstate_finished_by_id_13f98229 ON public.wagtailcore_taskstate USING btree (finished_by_id);


--
-- Name: wagtailcore_taskstate_page_revision_id_9f52c88e; Type: INDEX; Schema: public; Owner: lesgrandsvoisins
--

CREATE INDEX wagtailcore_taskstate_page_revision_id_9f52c88e ON public.wagtailcore_taskstate USING btree (revision_id);


--
-- Name: wagtailcore_taskstate_task_id_c3677c34; Type: INDEX; Schema: public; Owner: lesgrandsvoisins
--

CREATE INDEX wagtailcore_taskstate_task_id_c3677c34 ON public.wagtailcore_taskstate USING btree (task_id);


--
-- Name: wagtailcore_taskstate_workflow_state_id_9239a775; Type: INDEX; Schema: public; Owner: lesgrandsvoisins
--

CREATE INDEX wagtailcore_taskstate_workflow_state_id_9239a775 ON public.wagtailcore_taskstate USING btree (workflow_state_id);


--
-- Name: wagtailcore_uploadedfile_for_content_type_id_b0fc87b2; Type: INDEX; Schema: public; Owner: lesgrandsvoisins
--

CREATE INDEX wagtailcore_uploadedfile_for_content_type_id_b0fc87b2 ON public.wagtailcore_uploadedfile USING btree (for_content_type_id);


--
-- Name: wagtailcore_uploadedfile_uploaded_by_user_id_c7580fe8; Type: INDEX; Schema: public; Owner: lesgrandsvoisins
--

CREATE INDEX wagtailcore_uploadedfile_uploaded_by_user_id_c7580fe8 ON public.wagtailcore_uploadedfile USING btree (uploaded_by_user_id);


--
-- Name: wagtailcore_workflowcontenttype_workflow_id_9aad7cd2; Type: INDEX; Schema: public; Owner: lesgrandsvoisins
--

CREATE INDEX wagtailcore_workflowcontenttype_workflow_id_9aad7cd2 ON public.wagtailcore_workflowcontenttype USING btree (workflow_id);


--
-- Name: wagtailcore_workflowpage_workflow_id_56f56ff6; Type: INDEX; Schema: public; Owner: lesgrandsvoisins
--

CREATE INDEX wagtailcore_workflowpage_workflow_id_56f56ff6 ON public.wagtailcore_workflowpage USING btree (workflow_id);


--
-- Name: wagtailcore_workflowstate_base_content_type_id_a30dc576; Type: INDEX; Schema: public; Owner: lesgrandsvoisins
--

CREATE INDEX wagtailcore_workflowstate_base_content_type_id_a30dc576 ON public.wagtailcore_workflowstate USING btree (base_content_type_id);


--
-- Name: wagtailcore_workflowstate_content_type_id_2bb78ce1; Type: INDEX; Schema: public; Owner: lesgrandsvoisins
--

CREATE INDEX wagtailcore_workflowstate_content_type_id_2bb78ce1 ON public.wagtailcore_workflowstate USING btree (content_type_id);


--
-- Name: wagtailcore_workflowstate_requested_by_id_4090bca3; Type: INDEX; Schema: public; Owner: lesgrandsvoisins
--

CREATE INDEX wagtailcore_workflowstate_requested_by_id_4090bca3 ON public.wagtailcore_workflowstate USING btree (requested_by_id);


--
-- Name: wagtailcore_workflowstate_workflow_id_1f18378f; Type: INDEX; Schema: public; Owner: lesgrandsvoisins
--

CREATE INDEX wagtailcore_workflowstate_workflow_id_1f18378f ON public.wagtailcore_workflowstate USING btree (workflow_id);


--
-- Name: wagtailcore_workflowtask_task_id_ce7716fe; Type: INDEX; Schema: public; Owner: lesgrandsvoisins
--

CREATE INDEX wagtailcore_workflowtask_task_id_ce7716fe ON public.wagtailcore_workflowtask USING btree (task_id);


--
-- Name: wagtailcore_workflowtask_workflow_id_b9717175; Type: INDEX; Schema: public; Owner: lesgrandsvoisins
--

CREATE INDEX wagtailcore_workflowtask_workflow_id_b9717175 ON public.wagtailcore_workflowtask USING btree (workflow_id);


--
-- Name: wagtaildocs_document_collection_id_23881625; Type: INDEX; Schema: public; Owner: lesgrandsvoisins
--

CREATE INDEX wagtaildocs_document_collection_id_23881625 ON public.wagtaildocs_document USING btree (collection_id);


--
-- Name: wagtaildocs_document_uploaded_by_user_id_17258b41; Type: INDEX; Schema: public; Owner: lesgrandsvoisins
--

CREATE INDEX wagtaildocs_document_uploaded_by_user_id_17258b41 ON public.wagtaildocs_document USING btree (uploaded_by_user_id);


--
-- Name: wagtailembeds_embed_cache_until_26c94bb0; Type: INDEX; Schema: public; Owner: lesgrandsvoisins
--

CREATE INDEX wagtailembeds_embed_cache_until_26c94bb0 ON public.wagtailembeds_embed USING btree (cache_until);


--
-- Name: wagtailembeds_embed_hash_c9bd8c9a_like; Type: INDEX; Schema: public; Owner: lesgrandsvoisins
--

CREATE INDEX wagtailembeds_embed_hash_c9bd8c9a_like ON public.wagtailembeds_embed USING btree (hash varchar_pattern_ops);


--
-- Name: wagtailforms_formsubmission_page_id_e48e93e7; Type: INDEX; Schema: public; Owner: lesgrandsvoisins
--

CREATE INDEX wagtailforms_formsubmission_page_id_e48e93e7 ON public.wagtailforms_formsubmission USING btree (page_id);


--
-- Name: wagtailimages_image_collection_id_c2f8af7e; Type: INDEX; Schema: public; Owner: lesgrandsvoisins
--

CREATE INDEX wagtailimages_image_collection_id_c2f8af7e ON public.wagtailimages_image USING btree (collection_id);


--
-- Name: wagtailimages_image_created_at_86fa6cd4; Type: INDEX; Schema: public; Owner: lesgrandsvoisins
--

CREATE INDEX wagtailimages_image_created_at_86fa6cd4 ON public.wagtailimages_image USING btree (created_at);


--
-- Name: wagtailimages_image_file_hash_fb5bbb23; Type: INDEX; Schema: public; Owner: lesgrandsvoisins
--

CREATE INDEX wagtailimages_image_file_hash_fb5bbb23 ON public.wagtailimages_image USING btree (file_hash);


--
-- Name: wagtailimages_image_file_hash_fb5bbb23_like; Type: INDEX; Schema: public; Owner: lesgrandsvoisins
--

CREATE INDEX wagtailimages_image_file_hash_fb5bbb23_like ON public.wagtailimages_image USING btree (file_hash varchar_pattern_ops);


--
-- Name: wagtailimages_image_uploaded_by_user_id_5d73dc75; Type: INDEX; Schema: public; Owner: lesgrandsvoisins
--

CREATE INDEX wagtailimages_image_uploaded_by_user_id_5d73dc75 ON public.wagtailimages_image USING btree (uploaded_by_user_id);


--
-- Name: wagtailimages_rendition_filter_spec_1cba3201; Type: INDEX; Schema: public; Owner: lesgrandsvoisins
--

CREATE INDEX wagtailimages_rendition_filter_spec_1cba3201 ON public.wagtailimages_rendition USING btree (filter_spec);


--
-- Name: wagtailimages_rendition_filter_spec_1cba3201_like; Type: INDEX; Schema: public; Owner: lesgrandsvoisins
--

CREATE INDEX wagtailimages_rendition_filter_spec_1cba3201_like ON public.wagtailimages_rendition USING btree (filter_spec varchar_pattern_ops);


--
-- Name: wagtailimages_rendition_image_id_3e1fd774; Type: INDEX; Schema: public; Owner: lesgrandsvoisins
--

CREATE INDEX wagtailimages_rendition_image_id_3e1fd774 ON public.wagtailimages_rendition USING btree (image_id);


--
-- Name: wagtailmenus_flatmenu_handle_fd420cad; Type: INDEX; Schema: public; Owner: lesgrandsvoisins
--

CREATE INDEX wagtailmenus_flatmenu_handle_fd420cad ON public.wagtailmenus_flatmenu USING btree (handle);


--
-- Name: wagtailmenus_flatmenu_handle_fd420cad_like; Type: INDEX; Schema: public; Owner: lesgrandsvoisins
--

CREATE INDEX wagtailmenus_flatmenu_handle_fd420cad_like ON public.wagtailmenus_flatmenu USING btree (handle varchar_pattern_ops);


--
-- Name: wagtailmenus_flatmenu_site_id_516a598d; Type: INDEX; Schema: public; Owner: lesgrandsvoisins
--

CREATE INDEX wagtailmenus_flatmenu_site_id_516a598d ON public.wagtailmenus_flatmenu USING btree (site_id);


--
-- Name: wagtailmenus_flatmenuitem_link_page_id_36779c0f; Type: INDEX; Schema: public; Owner: lesgrandsvoisins
--

CREATE INDEX wagtailmenus_flatmenuitem_link_page_id_36779c0f ON public.wagtailmenus_flatmenuitem USING btree (link_page_id);


--
-- Name: wagtailmenus_flatmenuitem_menu_id_757c39da; Type: INDEX; Schema: public; Owner: lesgrandsvoisins
--

CREATE INDEX wagtailmenus_flatmenuitem_menu_id_757c39da ON public.wagtailmenus_flatmenuitem USING btree (menu_id);


--
-- Name: wagtailmenus_mainmenuitem_link_page_id_208a4a4d; Type: INDEX; Schema: public; Owner: lesgrandsvoisins
--

CREATE INDEX wagtailmenus_mainmenuitem_link_page_id_208a4a4d ON public.wagtailmenus_mainmenuitem USING btree (link_page_id);


--
-- Name: wagtailmenus_mainmenuitem_menu_id_6505d4c4; Type: INDEX; Schema: public; Owner: lesgrandsvoisins
--

CREATE INDEX wagtailmenus_mainmenuitem_menu_id_6505d4c4 ON public.wagtailmenus_mainmenuitem USING btree (menu_id);


--
-- Name: wagtailredirects_redirect_old_path_bb35247b; Type: INDEX; Schema: public; Owner: lesgrandsvoisins
--

CREATE INDEX wagtailredirects_redirect_old_path_bb35247b ON public.wagtailredirects_redirect USING btree (old_path);


--
-- Name: wagtailredirects_redirect_old_path_bb35247b_like; Type: INDEX; Schema: public; Owner: lesgrandsvoisins
--

CREATE INDEX wagtailredirects_redirect_old_path_bb35247b_like ON public.wagtailredirects_redirect USING btree (old_path varchar_pattern_ops);


--
-- Name: wagtailredirects_redirect_redirect_page_id_b5728a8f; Type: INDEX; Schema: public; Owner: lesgrandsvoisins
--

CREATE INDEX wagtailredirects_redirect_redirect_page_id_b5728a8f ON public.wagtailredirects_redirect USING btree (redirect_page_id);


--
-- Name: wagtailredirects_redirect_site_id_780a0e1e; Type: INDEX; Schema: public; Owner: lesgrandsvoisins
--

CREATE INDEX wagtailredirects_redirect_site_id_780a0e1e ON public.wagtailredirects_redirect USING btree (site_id);


--
-- Name: wagtailsear_autocom_476c89_gin; Type: INDEX; Schema: public; Owner: lesgrandsvoisins
--

CREATE INDEX wagtailsear_autocom_476c89_gin ON public.wagtailsearch_indexentry USING gin (autocomplete);


--
-- Name: wagtailsear_body_90c85d_gin; Type: INDEX; Schema: public; Owner: lesgrandsvoisins
--

CREATE INDEX wagtailsear_body_90c85d_gin ON public.wagtailsearch_indexentry USING gin (body);


--
-- Name: wagtailsear_title_9caae0_gin; Type: INDEX; Schema: public; Owner: lesgrandsvoisins
--

CREATE INDEX wagtailsear_title_9caae0_gin ON public.wagtailsearch_indexentry USING gin (title);


--
-- Name: wagtailsearch_indexentry_content_type_id_62ed694f; Type: INDEX; Schema: public; Owner: lesgrandsvoisins
--

CREATE INDEX wagtailsearch_indexentry_content_type_id_62ed694f ON public.wagtailsearch_indexentry USING btree (content_type_id);


--
-- Name: workflowstate_base_ct_id_idx; Type: INDEX; Schema: public; Owner: lesgrandsvoisins
--

CREATE INDEX workflowstate_base_ct_id_idx ON public.wagtailcore_workflowstate USING btree (base_content_type_id, object_id);


--
-- Name: workflowstate_ct_id_idx; Type: INDEX; Schema: public; Owner: lesgrandsvoisins
--

CREATE INDEX workflowstate_ct_id_idx ON public.wagtailcore_workflowstate USING btree (content_type_id, object_id);


--
-- Name: auth_group_permissions auth_group_permissio_permission_id_84c5c92e_fk_auth_perm; Type: FK CONSTRAINT; Schema: public; Owner: lesgrandsvoisins
--

ALTER TABLE ONLY public.auth_group_permissions
    ADD CONSTRAINT auth_group_permissio_permission_id_84c5c92e_fk_auth_perm FOREIGN KEY (permission_id) REFERENCES public.auth_permission(id) DEFERRABLE INITIALLY DEFERRED;


--
-- Name: auth_group_permissions auth_group_permissions_group_id_b120cbf9_fk_auth_group_id; Type: FK CONSTRAINT; Schema: public; Owner: lesgrandsvoisins
--

ALTER TABLE ONLY public.auth_group_permissions
    ADD CONSTRAINT auth_group_permissions_group_id_b120cbf9_fk_auth_group_id FOREIGN KEY (group_id) REFERENCES public.auth_group(id) DEFERRABLE INITIALLY DEFERRED;


--
-- Name: auth_permission auth_permission_content_type_id_2f476e4b_fk_django_co; Type: FK CONSTRAINT; Schema: public; Owner: lesgrandsvoisins
--

ALTER TABLE ONLY public.auth_permission
    ADD CONSTRAINT auth_permission_content_type_id_2f476e4b_fk_django_co FOREIGN KEY (content_type_id) REFERENCES public.django_content_type(id) DEFERRABLE INITIALLY DEFERRED;


--
-- Name: auth_user_groups auth_user_groups_group_id_97559544_fk_auth_group_id; Type: FK CONSTRAINT; Schema: public; Owner: lesgrandsvoisins
--

ALTER TABLE ONLY public.auth_user_groups
    ADD CONSTRAINT auth_user_groups_group_id_97559544_fk_auth_group_id FOREIGN KEY (group_id) REFERENCES public.auth_group(id) DEFERRABLE INITIALLY DEFERRED;


--
-- Name: auth_user_groups auth_user_groups_user_id_6a12ed8b_fk_auth_user_id; Type: FK CONSTRAINT; Schema: public; Owner: lesgrandsvoisins
--

ALTER TABLE ONLY public.auth_user_groups
    ADD CONSTRAINT auth_user_groups_user_id_6a12ed8b_fk_auth_user_id FOREIGN KEY (user_id) REFERENCES public.auth_user(id) DEFERRABLE INITIALLY DEFERRED;


--
-- Name: auth_user_user_permissions auth_user_user_permi_permission_id_1fbb5f2c_fk_auth_perm; Type: FK CONSTRAINT; Schema: public; Owner: lesgrandsvoisins
--

ALTER TABLE ONLY public.auth_user_user_permissions
    ADD CONSTRAINT auth_user_user_permi_permission_id_1fbb5f2c_fk_auth_perm FOREIGN KEY (permission_id) REFERENCES public.auth_permission(id) DEFERRABLE INITIALLY DEFERRED;


--
-- Name: auth_user_user_permissions auth_user_user_permissions_user_id_a95ead1b_fk_auth_user_id; Type: FK CONSTRAINT; Schema: public; Owner: lesgrandsvoisins
--

ALTER TABLE ONLY public.auth_user_user_permissions
    ADD CONSTRAINT auth_user_user_permissions_user_id_a95ead1b_fk_auth_user_id FOREIGN KEY (user_id) REFERENCES public.auth_user(id) DEFERRABLE INITIALLY DEFERRED;


--
-- Name: django_admin_log django_admin_log_content_type_id_c4bce8eb_fk_django_co; Type: FK CONSTRAINT; Schema: public; Owner: lesgrandsvoisins
--

ALTER TABLE ONLY public.django_admin_log
    ADD CONSTRAINT django_admin_log_content_type_id_c4bce8eb_fk_django_co FOREIGN KEY (content_type_id) REFERENCES public.django_content_type(id) DEFERRABLE INITIALLY DEFERRED;


--
-- Name: django_admin_log django_admin_log_user_id_c564eba6_fk_auth_user_id; Type: FK CONSTRAINT; Schema: public; Owner: lesgrandsvoisins
--

ALTER TABLE ONLY public.django_admin_log
    ADD CONSTRAINT django_admin_log_user_id_c564eba6_fk_auth_user_id FOREIGN KEY (user_id) REFERENCES public.auth_user(id) DEFERRABLE INITIALLY DEFERRED;


--
-- Name: django_village_villagesocialmedia django_village_villa_site_config_id_5271831d_fk_django_vi; Type: FK CONSTRAINT; Schema: public; Owner: lesgrandsvoisins
--

ALTER TABLE ONLY public.django_village_villagesocialmedia
    ADD CONSTRAINT django_village_villa_site_config_id_5271831d_fk_django_vi FOREIGN KEY (site_config_id) REFERENCES public.django_village_djangovillageconfig(id) DEFERRABLE INITIALLY DEFERRED;


--
-- Name: taggit_taggeditem taggit_taggeditem_content_type_id_9957a03c_fk_django_co; Type: FK CONSTRAINT; Schema: public; Owner: lesgrandsvoisins
--

ALTER TABLE ONLY public.taggit_taggeditem
    ADD CONSTRAINT taggit_taggeditem_content_type_id_9957a03c_fk_django_co FOREIGN KEY (content_type_id) REFERENCES public.django_content_type(id) DEFERRABLE INITIALLY DEFERRED;


--
-- Name: taggit_taggeditem taggit_taggeditem_tag_id_f4f5b767_fk_taggit_tag_id; Type: FK CONSTRAINT; Schema: public; Owner: lesgrandsvoisins
--

ALTER TABLE ONLY public.taggit_taggeditem
    ADD CONSTRAINT taggit_taggeditem_tag_id_f4f5b767_fk_taggit_tag_id FOREIGN KEY (tag_id) REFERENCES public.taggit_tag(id) DEFERRABLE INITIALLY DEFERRED;


--
-- Name: wagtail_localize_localesynchronization wagtail_localize_loc_locale_id_036a3a20_fk_wagtailco; Type: FK CONSTRAINT; Schema: public; Owner: lesgrandsvoisins
--

ALTER TABLE ONLY public.wagtail_localize_localesynchronization
    ADD CONSTRAINT wagtail_localize_loc_locale_id_036a3a20_fk_wagtailco FOREIGN KEY (locale_id) REFERENCES public.wagtailcore_locale(id) DEFERRABLE INITIALLY DEFERRED;


--
-- Name: wagtail_localize_localesynchronization wagtail_localize_loc_sync_from_id_1bc4c2eb_fk_wagtailco; Type: FK CONSTRAINT; Schema: public; Owner: lesgrandsvoisins
--

ALTER TABLE ONLY public.wagtail_localize_localesynchronization
    ADD CONSTRAINT wagtail_localize_loc_sync_from_id_1bc4c2eb_fk_wagtailco FOREIGN KEY (sync_from_id) REFERENCES public.wagtailcore_locale(id) DEFERRABLE INITIALLY DEFERRED;


--
-- Name: wagtail_localize_overridablesegment wagtail_localize_ove_context_id_eed8c388_fk_wagtail_l; Type: FK CONSTRAINT; Schema: public; Owner: lesgrandsvoisins
--

ALTER TABLE ONLY public.wagtail_localize_overridablesegment
    ADD CONSTRAINT wagtail_localize_ove_context_id_eed8c388_fk_wagtail_l FOREIGN KEY (context_id) REFERENCES public.wagtail_localize_translationcontext(id) DEFERRABLE INITIALLY DEFERRED;


--
-- Name: wagtail_localize_overridablesegment wagtail_localize_ove_source_id_5720ac20_fk_wagtail_l; Type: FK CONSTRAINT; Schema: public; Owner: lesgrandsvoisins
--

ALTER TABLE ONLY public.wagtail_localize_overridablesegment
    ADD CONSTRAINT wagtail_localize_ove_source_id_5720ac20_fk_wagtail_l FOREIGN KEY (source_id) REFERENCES public.wagtail_localize_translationsource(id) DEFERRABLE INITIALLY DEFERRED;


--
-- Name: wagtail_localize_relatedobjectsegment wagtail_localize_rel_context_id_c0a725be_fk_wagtail_l; Type: FK CONSTRAINT; Schema: public; Owner: lesgrandsvoisins
--

ALTER TABLE ONLY public.wagtail_localize_relatedobjectsegment
    ADD CONSTRAINT wagtail_localize_rel_context_id_c0a725be_fk_wagtail_l FOREIGN KEY (context_id) REFERENCES public.wagtail_localize_translationcontext(id) DEFERRABLE INITIALLY DEFERRED;


--
-- Name: wagtail_localize_relatedobjectsegment wagtail_localize_rel_object_id_6c7b58df_fk_wagtail_l; Type: FK CONSTRAINT; Schema: public; Owner: lesgrandsvoisins
--

ALTER TABLE ONLY public.wagtail_localize_relatedobjectsegment
    ADD CONSTRAINT wagtail_localize_rel_object_id_6c7b58df_fk_wagtail_l FOREIGN KEY (object_id) REFERENCES public.wagtail_localize_translatableobject(translation_key) DEFERRABLE INITIALLY DEFERRED;


--
-- Name: wagtail_localize_relatedobjectsegment wagtail_localize_rel_source_id_9a3b1373_fk_wagtail_l; Type: FK CONSTRAINT; Schema: public; Owner: lesgrandsvoisins
--

ALTER TABLE ONLY public.wagtail_localize_relatedobjectsegment
    ADD CONSTRAINT wagtail_localize_rel_source_id_9a3b1373_fk_wagtail_l FOREIGN KEY (source_id) REFERENCES public.wagtail_localize_translationsource(id) DEFERRABLE INITIALLY DEFERRED;


--
-- Name: wagtail_localize_segmentoverride wagtail_localize_seg_context_id_f827efe0_fk_wagtail_l; Type: FK CONSTRAINT; Schema: public; Owner: lesgrandsvoisins
--

ALTER TABLE ONLY public.wagtail_localize_segmentoverride
    ADD CONSTRAINT wagtail_localize_seg_context_id_f827efe0_fk_wagtail_l FOREIGN KEY (context_id) REFERENCES public.wagtail_localize_translationcontext(id) DEFERRABLE INITIALLY DEFERRED;


--
-- Name: wagtail_localize_segmentoverride wagtail_localize_seg_last_translated_by_i_a86448fc_fk_auth_user; Type: FK CONSTRAINT; Schema: public; Owner: lesgrandsvoisins
--

ALTER TABLE ONLY public.wagtail_localize_segmentoverride
    ADD CONSTRAINT wagtail_localize_seg_last_translated_by_i_a86448fc_fk_auth_user FOREIGN KEY (last_translated_by_id) REFERENCES public.auth_user(id) DEFERRABLE INITIALLY DEFERRED;


--
-- Name: wagtail_localize_segmentoverride wagtail_localize_seg_locale_id_b1673d41_fk_wagtailco; Type: FK CONSTRAINT; Schema: public; Owner: lesgrandsvoisins
--

ALTER TABLE ONLY public.wagtail_localize_segmentoverride
    ADD CONSTRAINT wagtail_localize_seg_locale_id_b1673d41_fk_wagtailco FOREIGN KEY (locale_id) REFERENCES public.wagtailcore_locale(id) DEFERRABLE INITIALLY DEFERRED;


--
-- Name: wagtail_localize_stringtranslation wagtail_localize_str_context_id_3cc13049_fk_wagtail_l; Type: FK CONSTRAINT; Schema: public; Owner: lesgrandsvoisins
--

ALTER TABLE ONLY public.wagtail_localize_stringtranslation
    ADD CONSTRAINT wagtail_localize_str_context_id_3cc13049_fk_wagtail_l FOREIGN KEY (context_id) REFERENCES public.wagtail_localize_translationcontext(id) DEFERRABLE INITIALLY DEFERRED;


--
-- Name: wagtail_localize_stringsegment wagtail_localize_str_context_id_63235539_fk_wagtail_l; Type: FK CONSTRAINT; Schema: public; Owner: lesgrandsvoisins
--

ALTER TABLE ONLY public.wagtail_localize_stringsegment
    ADD CONSTRAINT wagtail_localize_str_context_id_63235539_fk_wagtail_l FOREIGN KEY (context_id) REFERENCES public.wagtail_localize_translationcontext(id) DEFERRABLE INITIALLY DEFERRED;


--
-- Name: wagtail_localize_stringtranslation wagtail_localize_str_last_translated_by_i_764c7a3f_fk_auth_user; Type: FK CONSTRAINT; Schema: public; Owner: lesgrandsvoisins
--

ALTER TABLE ONLY public.wagtail_localize_stringtranslation
    ADD CONSTRAINT wagtail_localize_str_last_translated_by_i_764c7a3f_fk_auth_user FOREIGN KEY (last_translated_by_id) REFERENCES public.auth_user(id) DEFERRABLE INITIALLY DEFERRED;


--
-- Name: wagtail_localize_string wagtail_localize_str_locale_id_2cded126_fk_wagtailco; Type: FK CONSTRAINT; Schema: public; Owner: lesgrandsvoisins
--

ALTER TABLE ONLY public.wagtail_localize_string
    ADD CONSTRAINT wagtail_localize_str_locale_id_2cded126_fk_wagtailco FOREIGN KEY (locale_id) REFERENCES public.wagtailcore_locale(id) DEFERRABLE INITIALLY DEFERRED;


--
-- Name: wagtail_localize_stringtranslation wagtail_localize_str_locale_id_b9e3730d_fk_wagtailco; Type: FK CONSTRAINT; Schema: public; Owner: lesgrandsvoisins
--

ALTER TABLE ONLY public.wagtail_localize_stringtranslation
    ADD CONSTRAINT wagtail_localize_str_locale_id_b9e3730d_fk_wagtailco FOREIGN KEY (locale_id) REFERENCES public.wagtailcore_locale(id) DEFERRABLE INITIALLY DEFERRED;


--
-- Name: wagtail_localize_stringsegment wagtail_localize_str_source_id_5804129f_fk_wagtail_l; Type: FK CONSTRAINT; Schema: public; Owner: lesgrandsvoisins
--

ALTER TABLE ONLY public.wagtail_localize_stringsegment
    ADD CONSTRAINT wagtail_localize_str_source_id_5804129f_fk_wagtail_l FOREIGN KEY (source_id) REFERENCES public.wagtail_localize_translationsource(id) DEFERRABLE INITIALLY DEFERRED;


--
-- Name: wagtail_localize_stringsegment wagtail_localize_str_string_id_6356d5ec_fk_wagtail_l; Type: FK CONSTRAINT; Schema: public; Owner: lesgrandsvoisins
--

ALTER TABLE ONLY public.wagtail_localize_stringsegment
    ADD CONSTRAINT wagtail_localize_str_string_id_6356d5ec_fk_wagtail_l FOREIGN KEY (string_id) REFERENCES public.wagtail_localize_string(id) DEFERRABLE INITIALLY DEFERRED;


--
-- Name: wagtail_localize_stringtranslation wagtail_localize_str_translation_of_id_8eef01d0_fk_wagtail_l; Type: FK CONSTRAINT; Schema: public; Owner: lesgrandsvoisins
--

ALTER TABLE ONLY public.wagtail_localize_stringtranslation
    ADD CONSTRAINT wagtail_localize_str_translation_of_id_8eef01d0_fk_wagtail_l FOREIGN KEY (translation_of_id) REFERENCES public.wagtail_localize_string(id) DEFERRABLE INITIALLY DEFERRED;


--
-- Name: wagtail_localize_templatesegment wagtail_localize_tem_context_id_81456b25_fk_wagtail_l; Type: FK CONSTRAINT; Schema: public; Owner: lesgrandsvoisins
--

ALTER TABLE ONLY public.wagtail_localize_templatesegment
    ADD CONSTRAINT wagtail_localize_tem_context_id_81456b25_fk_wagtail_l FOREIGN KEY (context_id) REFERENCES public.wagtail_localize_translationcontext(id) DEFERRABLE INITIALLY DEFERRED;


--
-- Name: wagtail_localize_templatesegment wagtail_localize_tem_source_id_26b89dc6_fk_wagtail_l; Type: FK CONSTRAINT; Schema: public; Owner: lesgrandsvoisins
--

ALTER TABLE ONLY public.wagtail_localize_templatesegment
    ADD CONSTRAINT wagtail_localize_tem_source_id_26b89dc6_fk_wagtail_l FOREIGN KEY (source_id) REFERENCES public.wagtail_localize_translationsource(id) DEFERRABLE INITIALLY DEFERRED;


--
-- Name: wagtail_localize_templatesegment wagtail_localize_tem_template_id_c370b3c8_fk_wagtail_l; Type: FK CONSTRAINT; Schema: public; Owner: lesgrandsvoisins
--

ALTER TABLE ONLY public.wagtail_localize_templatesegment
    ADD CONSTRAINT wagtail_localize_tem_template_id_c370b3c8_fk_wagtail_l FOREIGN KEY (template_id) REFERENCES public.wagtail_localize_template(id) DEFERRABLE INITIALLY DEFERRED;


--
-- Name: wagtail_localize_translatableobject wagtail_localize_tra_content_type_id_0d6c5139_fk_django_co; Type: FK CONSTRAINT; Schema: public; Owner: lesgrandsvoisins
--

ALTER TABLE ONLY public.wagtail_localize_translatableobject
    ADD CONSTRAINT wagtail_localize_tra_content_type_id_0d6c5139_fk_django_co FOREIGN KEY (content_type_id) REFERENCES public.django_content_type(id) DEFERRABLE INITIALLY DEFERRED;


--
-- Name: wagtail_localize_translationsource wagtail_localize_tra_locale_id_0ac264c0_fk_wagtailco; Type: FK CONSTRAINT; Schema: public; Owner: lesgrandsvoisins
--

ALTER TABLE ONLY public.wagtail_localize_translationsource
    ADD CONSTRAINT wagtail_localize_tra_locale_id_0ac264c0_fk_wagtailco FOREIGN KEY (locale_id) REFERENCES public.wagtailcore_locale(id) DEFERRABLE INITIALLY DEFERRED;


--
-- Name: wagtail_localize_translationlog wagtail_localize_tra_locale_id_37619cb4_fk_wagtailco; Type: FK CONSTRAINT; Schema: public; Owner: lesgrandsvoisins
--

ALTER TABLE ONLY public.wagtail_localize_translationlog
    ADD CONSTRAINT wagtail_localize_tra_locale_id_37619cb4_fk_wagtailco FOREIGN KEY (locale_id) REFERENCES public.wagtailcore_locale(id) DEFERRABLE INITIALLY DEFERRED;


--
-- Name: wagtail_localize_translationsource wagtail_localize_tra_object_id_6a078fd2_fk_wagtail_l; Type: FK CONSTRAINT; Schema: public; Owner: lesgrandsvoisins
--

ALTER TABLE ONLY public.wagtail_localize_translationsource
    ADD CONSTRAINT wagtail_localize_tra_object_id_6a078fd2_fk_wagtail_l FOREIGN KEY (object_id) REFERENCES public.wagtail_localize_translatableobject(translation_key) DEFERRABLE INITIALLY DEFERRED;


--
-- Name: wagtail_localize_translationcontext wagtail_localize_tra_object_id_86263ce7_fk_wagtail_l; Type: FK CONSTRAINT; Schema: public; Owner: lesgrandsvoisins
--

ALTER TABLE ONLY public.wagtail_localize_translationcontext
    ADD CONSTRAINT wagtail_localize_tra_object_id_86263ce7_fk_wagtail_l FOREIGN KEY (object_id) REFERENCES public.wagtail_localize_translatableobject(translation_key) DEFERRABLE INITIALLY DEFERRED;


--
-- Name: wagtail_localize_translationlog wagtail_localize_tra_revision_id_e3b62278_fk_wagtailco; Type: FK CONSTRAINT; Schema: public; Owner: lesgrandsvoisins
--

ALTER TABLE ONLY public.wagtail_localize_translationlog
    ADD CONSTRAINT wagtail_localize_tra_revision_id_e3b62278_fk_wagtailco FOREIGN KEY (revision_id) REFERENCES public.wagtailcore_revision(id) DEFERRABLE INITIALLY DEFERRED;


--
-- Name: wagtail_localize_translationlog wagtail_localize_tra_source_id_7228923e_fk_wagtail_l; Type: FK CONSTRAINT; Schema: public; Owner: lesgrandsvoisins
--

ALTER TABLE ONLY public.wagtail_localize_translationlog
    ADD CONSTRAINT wagtail_localize_tra_source_id_7228923e_fk_wagtail_l FOREIGN KEY (source_id) REFERENCES public.wagtail_localize_translationsource(id) DEFERRABLE INITIALLY DEFERRED;


--
-- Name: wagtail_localize_translation wagtail_localize_tra_source_id_e326e1e3_fk_wagtail_l; Type: FK CONSTRAINT; Schema: public; Owner: lesgrandsvoisins
--

ALTER TABLE ONLY public.wagtail_localize_translation
    ADD CONSTRAINT wagtail_localize_tra_source_id_e326e1e3_fk_wagtail_l FOREIGN KEY (source_id) REFERENCES public.wagtail_localize_translationsource(id) DEFERRABLE INITIALLY DEFERRED;


--
-- Name: wagtail_localize_translationsource wagtail_localize_tra_specific_content_typ_3095eb76_fk_django_co; Type: FK CONSTRAINT; Schema: public; Owner: lesgrandsvoisins
--

ALTER TABLE ONLY public.wagtail_localize_translationsource
    ADD CONSTRAINT wagtail_localize_tra_specific_content_typ_3095eb76_fk_django_co FOREIGN KEY (specific_content_type_id) REFERENCES public.django_content_type(id) DEFERRABLE INITIALLY DEFERRED;


--
-- Name: wagtail_localize_translation wagtail_localize_tra_target_locale_id_8c524f73_fk_wagtailco; Type: FK CONSTRAINT; Schema: public; Owner: lesgrandsvoisins
--

ALTER TABLE ONLY public.wagtail_localize_translation
    ADD CONSTRAINT wagtail_localize_tra_target_locale_id_8c524f73_fk_wagtailco FOREIGN KEY (target_locale_id) REFERENCES public.wagtailcore_locale(id) DEFERRABLE INITIALLY DEFERRED;


--
-- Name: wagtail_transfer_idmapping wagtail_transfer_idm_content_type_id_2ebc6ffe_fk_django_co; Type: FK CONSTRAINT; Schema: public; Owner: lesgrandsvoisins
--

ALTER TABLE ONLY public.wagtail_transfer_idmapping
    ADD CONSTRAINT wagtail_transfer_idm_content_type_id_2ebc6ffe_fk_django_co FOREIGN KEY (content_type_id) REFERENCES public.django_content_type(id) DEFERRABLE INITIALLY DEFERRED;


--
-- Name: wagtail_village_analyticssettings wagtail_village_anal_site_id_eb939419_fk_wagtailco; Type: FK CONSTRAINT; Schema: public; Owner: lesgrandsvoisins
--

ALTER TABLE ONLY public.wagtail_village_analyticssettings
    ADD CONSTRAINT wagtail_village_anal_site_id_eb939419_fk_wagtailco FOREIGN KEY (site_id) REFERENCES public.wagtailcore_site(id) DEFERRABLE INITIALLY DEFERRED;


--
-- Name: wagtail_village_blog_blogentrypage_authors wagtail_village_blog_blogentrypage_id_bff99efd_fk_wagtail_v; Type: FK CONSTRAINT; Schema: public; Owner: lesgrandsvoisins
--

ALTER TABLE ONLY public.wagtail_village_blog_blogentrypage_authors
    ADD CONSTRAINT wagtail_village_blog_blogentrypage_id_bff99efd_fk_wagtail_v FOREIGN KEY (blogentrypage_id) REFERENCES public.wagtail_village_blog_blogentrypage(contentpage_ptr_id) DEFERRABLE INITIALLY DEFERRED;


--
-- Name: wagtail_village_blog_directoryentrypage wagtail_village_blog_blogentrypage_ptr_id_d030b915_fk_wagtail_v; Type: FK CONSTRAINT; Schema: public; Owner: lesgrandsvoisins
--

ALTER TABLE ONLY public.wagtail_village_blog_directoryentrypage
    ADD CONSTRAINT wagtail_village_blog_blogentrypage_ptr_id_d030b915_fk_wagtail_v FOREIGN KEY (blogentrypage_ptr_id) REFERENCES public.wagtail_village_blog_blogentrypage(contentpage_ptr_id) DEFERRABLE INITIALLY DEFERRED;


--
-- Name: wagtail_village_blog_directoryindexpage wagtail_village_blog_blogindexpage_ptr_id_3a391751_fk_wagtail_v; Type: FK CONSTRAINT; Schema: public; Owner: lesgrandsvoisins
--

ALTER TABLE ONLY public.wagtail_village_blog_directoryindexpage
    ADD CONSTRAINT wagtail_village_blog_blogindexpage_ptr_id_3a391751_fk_wagtail_v FOREIGN KEY (blogindexpage_ptr_id) REFERENCES public.wagtail_village_blog_blogindexpage(contentpage_ptr_id) DEFERRABLE INITIALLY DEFERRED;


--
-- Name: wagtail_village_blog_categoryentrypage wagtail_village_blog_category_id_b334d5b2_fk_wagtail_v; Type: FK CONSTRAINT; Schema: public; Owner: lesgrandsvoisins
--

ALTER TABLE ONLY public.wagtail_village_blog_categoryentrypage
    ADD CONSTRAINT wagtail_village_blog_category_id_b334d5b2_fk_wagtail_v FOREIGN KEY (category_id) REFERENCES public.wagtail_village_blog_category(id) DEFERRABLE INITIALLY DEFERRED;


--
-- Name: wagtail_village_blog_tagentrypage wagtail_village_blog_content_object_id_70663a2e_fk_wagtail_v; Type: FK CONSTRAINT; Schema: public; Owner: lesgrandsvoisins
--

ALTER TABLE ONLY public.wagtail_village_blog_tagentrypage
    ADD CONSTRAINT wagtail_village_blog_content_object_id_70663a2e_fk_wagtail_v FOREIGN KEY (content_object_id) REFERENCES public.wagtail_village_blog_blogentrypage(contentpage_ptr_id) DEFERRABLE INITIALLY DEFERRED;


--
-- Name: wagtail_village_blog_blogentrypage wagtail_village_blog_contentpage_ptr_id_7592c5ca_fk_wagtail_v; Type: FK CONSTRAINT; Schema: public; Owner: lesgrandsvoisins
--

ALTER TABLE ONLY public.wagtail_village_blog_blogentrypage
    ADD CONSTRAINT wagtail_village_blog_contentpage_ptr_id_7592c5ca_fk_wagtail_v FOREIGN KEY (contentpage_ptr_id) REFERENCES public.wagtail_village_contentpage(page_ptr_id) DEFERRABLE INITIALLY DEFERRED;


--
-- Name: wagtail_village_blog_blogindexpage wagtail_village_blog_contentpage_ptr_id_a99a9228_fk_wagtail_v; Type: FK CONSTRAINT; Schema: public; Owner: lesgrandsvoisins
--

ALTER TABLE ONLY public.wagtail_village_blog_blogindexpage
    ADD CONSTRAINT wagtail_village_blog_contentpage_ptr_id_a99a9228_fk_wagtail_v FOREIGN KEY (contentpage_ptr_id) REFERENCES public.wagtail_village_contentpage(page_ptr_id) DEFERRABLE INITIALLY DEFERRED;


--
-- Name: wagtail_village_blog_person wagtail_village_blog_image_id_7a7437ba_fk_wagtailim; Type: FK CONSTRAINT; Schema: public; Owner: lesgrandsvoisins
--

ALTER TABLE ONLY public.wagtail_village_blog_person
    ADD CONSTRAINT wagtail_village_blog_image_id_7a7437ba_fk_wagtailim FOREIGN KEY (image_id) REFERENCES public.wagtailimages_image(id) DEFERRABLE INITIALLY DEFERRED;


--
-- Name: wagtail_village_blog_category wagtail_village_blog_locale_id_047f5cf4_fk_wagtailco; Type: FK CONSTRAINT; Schema: public; Owner: lesgrandsvoisins
--

ALTER TABLE ONLY public.wagtail_village_blog_category
    ADD CONSTRAINT wagtail_village_blog_locale_id_047f5cf4_fk_wagtailco FOREIGN KEY (locale_id) REFERENCES public.wagtailcore_locale(id) DEFERRABLE INITIALLY DEFERRED;


--
-- Name: wagtail_village_blog_categoryentrypage wagtail_village_blog_page_id_51f2f141_fk_wagtail_v; Type: FK CONSTRAINT; Schema: public; Owner: lesgrandsvoisins
--

ALTER TABLE ONLY public.wagtail_village_blog_categoryentrypage
    ADD CONSTRAINT wagtail_village_blog_page_id_51f2f141_fk_wagtail_v FOREIGN KEY (page_id) REFERENCES public.wagtail_village_blog_blogentrypage(contentpage_ptr_id) DEFERRABLE INITIALLY DEFERRED;


--
-- Name: wagtail_village_blog_category wagtail_village_blog_parent_id_a014a7a3_fk_wagtail_v; Type: FK CONSTRAINT; Schema: public; Owner: lesgrandsvoisins
--

ALTER TABLE ONLY public.wagtail_village_blog_category
    ADD CONSTRAINT wagtail_village_blog_parent_id_a014a7a3_fk_wagtail_v FOREIGN KEY (parent_id) REFERENCES public.wagtail_village_blog_category(id) DEFERRABLE INITIALLY DEFERRED;


--
-- Name: wagtail_village_blog_blogentrypage_authors wagtail_village_blog_person_id_311c8b89_fk_wagtail_v; Type: FK CONSTRAINT; Schema: public; Owner: lesgrandsvoisins
--

ALTER TABLE ONLY public.wagtail_village_blog_blogentrypage_authors
    ADD CONSTRAINT wagtail_village_blog_person_id_311c8b89_fk_wagtail_v FOREIGN KEY (person_id) REFERENCES public.wagtail_village_blog_person(id) DEFERRABLE INITIALLY DEFERRED;


--
-- Name: wagtail_village_blog_tagentrypage wagtail_village_blog_tag_id_5eedb391_fk_taggit_ta; Type: FK CONSTRAINT; Schema: public; Owner: lesgrandsvoisins
--

ALTER TABLE ONLY public.wagtail_village_blog_tagentrypage
    ADD CONSTRAINT wagtail_village_blog_tag_id_5eedb391_fk_taggit_ta FOREIGN KEY (tag_id) REFERENCES public.taggit_tag(id) DEFERRABLE INITIALLY DEFERRED;


--
-- Name: wagtail_village_contentpage wagtail_village_cont_header_image_id_4be41c0d_fk_wagtailim; Type: FK CONSTRAINT; Schema: public; Owner: lesgrandsvoisins
--

ALTER TABLE ONLY public.wagtail_village_contentpage
    ADD CONSTRAINT wagtail_village_cont_header_image_id_4be41c0d_fk_wagtailim FOREIGN KEY (header_image_id) REFERENCES public.wagtailimages_image(id) DEFERRABLE INITIALLY DEFERRED;


--
-- Name: wagtail_village_contentpage wagtail_village_cont_page_ptr_id_61446681_fk_wagtailco; Type: FK CONSTRAINT; Schema: public; Owner: lesgrandsvoisins
--

ALTER TABLE ONLY public.wagtail_village_contentpage
    ADD CONSTRAINT wagtail_village_cont_page_ptr_id_61446681_fk_wagtailco FOREIGN KEY (page_ptr_id) REFERENCES public.wagtailcore_page(id) DEFERRABLE INITIALLY DEFERRED;


--
-- Name: wagtail_village_forms_formpage wagtail_village_form_contentpage_ptr_id_23dd4800_fk_wagtail_v; Type: FK CONSTRAINT; Schema: public; Owner: lesgrandsvoisins
--

ALTER TABLE ONLY public.wagtail_village_forms_formpage
    ADD CONSTRAINT wagtail_village_form_contentpage_ptr_id_23dd4800_fk_wagtail_v FOREIGN KEY (contentpage_ptr_id) REFERENCES public.wagtail_village_contentpage(page_ptr_id) DEFERRABLE INITIALLY DEFERRED;


--
-- Name: wagtail_village_forms_formfield wagtail_village_form_page_id_9859449d_fk_wagtail_v; Type: FK CONSTRAINT; Schema: public; Owner: lesgrandsvoisins
--

ALTER TABLE ONLY public.wagtail_village_forms_formfield
    ADD CONSTRAINT wagtail_village_form_page_id_9859449d_fk_wagtail_v FOREIGN KEY (page_id) REFERENCES public.wagtail_village_forms_formpage(contentpage_ptr_id) DEFERRABLE INITIALLY DEFERRED;


--
-- Name: wagtail_village_lesgrandsvoisins_wagtailvillagelesgrandsvoi7288 wagtail_village_lesg_contentpage_ptr_id_bf14696d_fk_wagtail_v; Type: FK CONSTRAINT; Schema: public; Owner: lesgrandsvoisins
--

ALTER TABLE ONLY public.wagtail_village_lesgrandsvoisins_wagtailvillagelesgrandsvoi7288
    ADD CONSTRAINT wagtail_village_lesg_contentpage_ptr_id_bf14696d_fk_wagtail_v FOREIGN KEY (contentpage_ptr_id) REFERENCES public.wagtail_village_contentpage(page_ptr_id) DEFERRABLE INITIALLY DEFERRED;


--
-- Name: wagtail_village_megamenucategory wagtail_village_mega_category_id_1b2175d5_fk_wagtailme; Type: FK CONSTRAINT; Schema: public; Owner: lesgrandsvoisins
--

ALTER TABLE ONLY public.wagtail_village_megamenucategory
    ADD CONSTRAINT wagtail_village_mega_category_id_1b2175d5_fk_wagtailme FOREIGN KEY (category_id) REFERENCES public.wagtailmenus_flatmenu(id) DEFERRABLE INITIALLY DEFERRED;


--
-- Name: wagtail_village_megamenucategory wagtail_village_mega_mega_menu_id_9de99254_fk_wagtail_v; Type: FK CONSTRAINT; Schema: public; Owner: lesgrandsvoisins
--

ALTER TABLE ONLY public.wagtail_village_megamenucategory
    ADD CONSTRAINT wagtail_village_mega_mega_menu_id_9de99254_fk_wagtail_v FOREIGN KEY (mega_menu_id) REFERENCES public.wagtail_village_megamenu(id) DEFERRABLE INITIALLY DEFERRED;


--
-- Name: wagtail_village_megamenu wagtail_village_mega_parent_menu_item_id_d360fa35_fk_wagtailme; Type: FK CONSTRAINT; Schema: public; Owner: lesgrandsvoisins
--

ALTER TABLE ONLY public.wagtail_village_megamenu
    ADD CONSTRAINT wagtail_village_mega_parent_menu_item_id_d360fa35_fk_wagtailme FOREIGN KEY (parent_menu_item_id) REFERENCES public.wagtailmenus_mainmenuitem(id) DEFERRABLE INITIALLY DEFERRED;


--
-- Name: wagtail_village_socialmediaitem wagtail_village_soci_site_config_id_4070b2ab_fk_wagtail_v; Type: FK CONSTRAINT; Schema: public; Owner: lesgrandsvoisins
--

ALTER TABLE ONLY public.wagtail_village_socialmediaitem
    ADD CONSTRAINT wagtail_village_soci_site_config_id_4070b2ab_fk_wagtail_v FOREIGN KEY (site_config_id) REFERENCES public.wagtail_village_wagtailvillageconfig(djangovillageconfig_ptr_id) DEFERRABLE INITIALLY DEFERRED;


--
-- Name: wagtail_village_tagcontentpage wagtail_village_tagc_content_object_id_183d45a2_fk_wagtail_v; Type: FK CONSTRAINT; Schema: public; Owner: lesgrandsvoisins
--

ALTER TABLE ONLY public.wagtail_village_tagcontentpage
    ADD CONSTRAINT wagtail_village_tagc_content_object_id_183d45a2_fk_wagtail_v FOREIGN KEY (content_object_id) REFERENCES public.wagtail_village_contentpage(page_ptr_id) DEFERRABLE INITIALLY DEFERRED;


--
-- Name: wagtail_village_tagcontentpage wagtail_village_tagcontentpage_tag_id_ceef12ca_fk_taggit_tag_id; Type: FK CONSTRAINT; Schema: public; Owner: lesgrandsvoisins
--

ALTER TABLE ONLY public.wagtail_village_tagcontentpage
    ADD CONSTRAINT wagtail_village_tagcontentpage_tag_id_ceef12ca_fk_taggit_tag_id FOREIGN KEY (tag_id) REFERENCES public.taggit_tag(id) DEFERRABLE INITIALLY DEFERRED;


--
-- Name: wagtail_village_wagtailvillageconfig wagtail_village_wagt_djangovillageconfig__e8e600ae_fk_django_vi; Type: FK CONSTRAINT; Schema: public; Owner: lesgrandsvoisins
--

ALTER TABLE ONLY public.wagtail_village_wagtailvillageconfig
    ADD CONSTRAINT wagtail_village_wagt_djangovillageconfig__e8e600ae_fk_django_vi FOREIGN KEY (djangovillageconfig_ptr_id) REFERENCES public.django_village_djangovillageconfig(id) DEFERRABLE INITIALLY DEFERRED;


--
-- Name: wagtail_village_wagtailvillageconfig wagtail_village_wagt_site_id_e8aff941_fk_wagtailco; Type: FK CONSTRAINT; Schema: public; Owner: lesgrandsvoisins
--

ALTER TABLE ONLY public.wagtail_village_wagtailvillageconfig
    ADD CONSTRAINT wagtail_village_wagt_site_id_e8aff941_fk_wagtailco FOREIGN KEY (site_id) REFERENCES public.wagtailcore_site(id) DEFERRABLE INITIALLY DEFERRED;


--
-- Name: wagtailadmin_editingsession wagtailadmin_editing_content_type_id_4df7730e_fk_django_co; Type: FK CONSTRAINT; Schema: public; Owner: lesgrandsvoisins
--

ALTER TABLE ONLY public.wagtailadmin_editingsession
    ADD CONSTRAINT wagtailadmin_editing_content_type_id_4df7730e_fk_django_co FOREIGN KEY (content_type_id) REFERENCES public.django_content_type(id) DEFERRABLE INITIALLY DEFERRED;


--
-- Name: wagtailadmin_editingsession wagtailadmin_editingsession_user_id_6e1a9b70_fk_auth_user_id; Type: FK CONSTRAINT; Schema: public; Owner: lesgrandsvoisins
--

ALTER TABLE ONLY public.wagtailadmin_editingsession
    ADD CONSTRAINT wagtailadmin_editingsession_user_id_6e1a9b70_fk_auth_user_id FOREIGN KEY (user_id) REFERENCES public.auth_user(id) DEFERRABLE INITIALLY DEFERRED;


--
-- Name: wagtailcore_collectionviewrestriction wagtailcore_collecti_collection_id_761908ec_fk_wagtailco; Type: FK CONSTRAINT; Schema: public; Owner: lesgrandsvoisins
--

ALTER TABLE ONLY public.wagtailcore_collectionviewrestriction
    ADD CONSTRAINT wagtailcore_collecti_collection_id_761908ec_fk_wagtailco FOREIGN KEY (collection_id) REFERENCES public.wagtailcore_collection(id) DEFERRABLE INITIALLY DEFERRED;


--
-- Name: wagtailcore_collectionviewrestriction_groups wagtailcore_collecti_collectionviewrestri_47320efd_fk_wagtailco; Type: FK CONSTRAINT; Schema: public; Owner: lesgrandsvoisins
--

ALTER TABLE ONLY public.wagtailcore_collectionviewrestriction_groups
    ADD CONSTRAINT wagtailcore_collecti_collectionviewrestri_47320efd_fk_wagtailco FOREIGN KEY (collectionviewrestriction_id) REFERENCES public.wagtailcore_collectionviewrestriction(id) DEFERRABLE INITIALLY DEFERRED;


--
-- Name: wagtailcore_collectionviewrestriction_groups wagtailcore_collecti_group_id_1823f2a3_fk_auth_grou; Type: FK CONSTRAINT; Schema: public; Owner: lesgrandsvoisins
--

ALTER TABLE ONLY public.wagtailcore_collectionviewrestriction_groups
    ADD CONSTRAINT wagtailcore_collecti_group_id_1823f2a3_fk_auth_grou FOREIGN KEY (group_id) REFERENCES public.auth_group(id) DEFERRABLE INITIALLY DEFERRED;


--
-- Name: wagtailcore_comment wagtailcore_comment_page_id_108444b5_fk_wagtailcore_page_id; Type: FK CONSTRAINT; Schema: public; Owner: lesgrandsvoisins
--

ALTER TABLE ONLY public.wagtailcore_comment
    ADD CONSTRAINT wagtailcore_comment_page_id_108444b5_fk_wagtailcore_page_id FOREIGN KEY (page_id) REFERENCES public.wagtailcore_page(id) DEFERRABLE INITIALLY DEFERRED;


--
-- Name: wagtailcore_comment wagtailcore_comment_resolved_by_id_a282aa0e_fk_auth_user_id; Type: FK CONSTRAINT; Schema: public; Owner: lesgrandsvoisins
--

ALTER TABLE ONLY public.wagtailcore_comment
    ADD CONSTRAINT wagtailcore_comment_resolved_by_id_a282aa0e_fk_auth_user_id FOREIGN KEY (resolved_by_id) REFERENCES public.auth_user(id) DEFERRABLE INITIALLY DEFERRED;


--
-- Name: wagtailcore_comment wagtailcore_comment_revision_created_id_1d058279_fk_wagtailco; Type: FK CONSTRAINT; Schema: public; Owner: lesgrandsvoisins
--

ALTER TABLE ONLY public.wagtailcore_comment
    ADD CONSTRAINT wagtailcore_comment_revision_created_id_1d058279_fk_wagtailco FOREIGN KEY (revision_created_id) REFERENCES public.wagtailcore_revision(id) DEFERRABLE INITIALLY DEFERRED;


--
-- Name: wagtailcore_comment wagtailcore_comment_user_id_0c577ca6_fk_auth_user_id; Type: FK CONSTRAINT; Schema: public; Owner: lesgrandsvoisins
--

ALTER TABLE ONLY public.wagtailcore_comment
    ADD CONSTRAINT wagtailcore_comment_user_id_0c577ca6_fk_auth_user_id FOREIGN KEY (user_id) REFERENCES public.auth_user(id) DEFERRABLE INITIALLY DEFERRED;


--
-- Name: wagtailcore_commentreply wagtailcore_commentr_comment_id_afc7e027_fk_wagtailco; Type: FK CONSTRAINT; Schema: public; Owner: lesgrandsvoisins
--

ALTER TABLE ONLY public.wagtailcore_commentreply
    ADD CONSTRAINT wagtailcore_commentr_comment_id_afc7e027_fk_wagtailco FOREIGN KEY (comment_id) REFERENCES public.wagtailcore_comment(id) DEFERRABLE INITIALLY DEFERRED;


--
-- Name: wagtailcore_commentreply wagtailcore_commentreply_user_id_d0b3b9c3_fk_auth_user_id; Type: FK CONSTRAINT; Schema: public; Owner: lesgrandsvoisins
--

ALTER TABLE ONLY public.wagtailcore_commentreply
    ADD CONSTRAINT wagtailcore_commentreply_user_id_d0b3b9c3_fk_auth_user_id FOREIGN KEY (user_id) REFERENCES public.auth_user(id) DEFERRABLE INITIALLY DEFERRED;


--
-- Name: wagtailcore_groupapprovaltask_groups wagtailcore_groupapp_group_id_2e64b61f_fk_auth_grou; Type: FK CONSTRAINT; Schema: public; Owner: lesgrandsvoisins
--

ALTER TABLE ONLY public.wagtailcore_groupapprovaltask_groups
    ADD CONSTRAINT wagtailcore_groupapp_group_id_2e64b61f_fk_auth_grou FOREIGN KEY (group_id) REFERENCES public.auth_group(id) DEFERRABLE INITIALLY DEFERRED;


--
-- Name: wagtailcore_groupapprovaltask_groups wagtailcore_groupapp_groupapprovaltask_id_9a9255ea_fk_wagtailco; Type: FK CONSTRAINT; Schema: public; Owner: lesgrandsvoisins
--

ALTER TABLE ONLY public.wagtailcore_groupapprovaltask_groups
    ADD CONSTRAINT wagtailcore_groupapp_groupapprovaltask_id_9a9255ea_fk_wagtailco FOREIGN KEY (groupapprovaltask_id) REFERENCES public.wagtailcore_groupapprovaltask(task_ptr_id) DEFERRABLE INITIALLY DEFERRED;


--
-- Name: wagtailcore_groupapprovaltask wagtailcore_groupapp_task_ptr_id_cfe58781_fk_wagtailco; Type: FK CONSTRAINT; Schema: public; Owner: lesgrandsvoisins
--

ALTER TABLE ONLY public.wagtailcore_groupapprovaltask
    ADD CONSTRAINT wagtailcore_groupapp_task_ptr_id_cfe58781_fk_wagtailco FOREIGN KEY (task_ptr_id) REFERENCES public.wagtailcore_task(id) DEFERRABLE INITIALLY DEFERRED;


--
-- Name: wagtailcore_groupcollectionpermission wagtailcore_groupcol_collection_id_5423575a_fk_wagtailco; Type: FK CONSTRAINT; Schema: public; Owner: lesgrandsvoisins
--

ALTER TABLE ONLY public.wagtailcore_groupcollectionpermission
    ADD CONSTRAINT wagtailcore_groupcol_collection_id_5423575a_fk_wagtailco FOREIGN KEY (collection_id) REFERENCES public.wagtailcore_collection(id) DEFERRABLE INITIALLY DEFERRED;


--
-- Name: wagtailcore_groupcollectionpermission wagtailcore_groupcol_group_id_05d61460_fk_auth_grou; Type: FK CONSTRAINT; Schema: public; Owner: lesgrandsvoisins
--

ALTER TABLE ONLY public.wagtailcore_groupcollectionpermission
    ADD CONSTRAINT wagtailcore_groupcol_group_id_05d61460_fk_auth_grou FOREIGN KEY (group_id) REFERENCES public.auth_group(id) DEFERRABLE INITIALLY DEFERRED;


--
-- Name: wagtailcore_groupcollectionpermission wagtailcore_groupcol_permission_id_1b626275_fk_auth_perm; Type: FK CONSTRAINT; Schema: public; Owner: lesgrandsvoisins
--

ALTER TABLE ONLY public.wagtailcore_groupcollectionpermission
    ADD CONSTRAINT wagtailcore_groupcol_permission_id_1b626275_fk_auth_perm FOREIGN KEY (permission_id) REFERENCES public.auth_permission(id) DEFERRABLE INITIALLY DEFERRED;


--
-- Name: wagtailcore_grouppagepermission wagtailcore_grouppag_group_id_fc07e671_fk_auth_grou; Type: FK CONSTRAINT; Schema: public; Owner: lesgrandsvoisins
--

ALTER TABLE ONLY public.wagtailcore_grouppagepermission
    ADD CONSTRAINT wagtailcore_grouppag_group_id_fc07e671_fk_auth_grou FOREIGN KEY (group_id) REFERENCES public.auth_group(id) DEFERRABLE INITIALLY DEFERRED;


--
-- Name: wagtailcore_grouppagepermission wagtailcore_grouppag_page_id_710b114a_fk_wagtailco; Type: FK CONSTRAINT; Schema: public; Owner: lesgrandsvoisins
--

ALTER TABLE ONLY public.wagtailcore_grouppagepermission
    ADD CONSTRAINT wagtailcore_grouppag_page_id_710b114a_fk_wagtailco FOREIGN KEY (page_id) REFERENCES public.wagtailcore_page(id) DEFERRABLE INITIALLY DEFERRED;


--
-- Name: wagtailcore_grouppagepermission wagtailcore_grouppag_permission_id_05acb22e_fk_auth_perm; Type: FK CONSTRAINT; Schema: public; Owner: lesgrandsvoisins
--

ALTER TABLE ONLY public.wagtailcore_grouppagepermission
    ADD CONSTRAINT wagtailcore_grouppag_permission_id_05acb22e_fk_auth_perm FOREIGN KEY (permission_id) REFERENCES public.auth_permission(id) DEFERRABLE INITIALLY DEFERRED;


--
-- Name: wagtailcore_modellogentry wagtailcore_modellog_content_type_id_68849e77_fk_django_co; Type: FK CONSTRAINT; Schema: public; Owner: lesgrandsvoisins
--

ALTER TABLE ONLY public.wagtailcore_modellogentry
    ADD CONSTRAINT wagtailcore_modellog_content_type_id_68849e77_fk_django_co FOREIGN KEY (content_type_id) REFERENCES public.django_content_type(id) DEFERRABLE INITIALLY DEFERRED;


--
-- Name: wagtailcore_page wagtailcore_page_alias_of_id_12945502_fk_wagtailcore_page_id; Type: FK CONSTRAINT; Schema: public; Owner: lesgrandsvoisins
--

ALTER TABLE ONLY public.wagtailcore_page
    ADD CONSTRAINT wagtailcore_page_alias_of_id_12945502_fk_wagtailcore_page_id FOREIGN KEY (alias_of_id) REFERENCES public.wagtailcore_page(id) DEFERRABLE INITIALLY DEFERRED;


--
-- Name: wagtailcore_page wagtailcore_page_content_type_id_c28424df_fk_django_co; Type: FK CONSTRAINT; Schema: public; Owner: lesgrandsvoisins
--

ALTER TABLE ONLY public.wagtailcore_page
    ADD CONSTRAINT wagtailcore_page_content_type_id_c28424df_fk_django_co FOREIGN KEY (content_type_id) REFERENCES public.django_content_type(id) DEFERRABLE INITIALLY DEFERRED;


--
-- Name: wagtailcore_page wagtailcore_page_latest_revision_id_e60fef51_fk_wagtailco; Type: FK CONSTRAINT; Schema: public; Owner: lesgrandsvoisins
--

ALTER TABLE ONLY public.wagtailcore_page
    ADD CONSTRAINT wagtailcore_page_latest_revision_id_e60fef51_fk_wagtailco FOREIGN KEY (latest_revision_id) REFERENCES public.wagtailcore_revision(id) DEFERRABLE INITIALLY DEFERRED;


--
-- Name: wagtailcore_page wagtailcore_page_live_revision_id_930bd822_fk_wagtailco; Type: FK CONSTRAINT; Schema: public; Owner: lesgrandsvoisins
--

ALTER TABLE ONLY public.wagtailcore_page
    ADD CONSTRAINT wagtailcore_page_live_revision_id_930bd822_fk_wagtailco FOREIGN KEY (live_revision_id) REFERENCES public.wagtailcore_revision(id) DEFERRABLE INITIALLY DEFERRED;


--
-- Name: wagtailcore_page wagtailcore_page_locale_id_3c7e30a6_fk_wagtailcore_locale_id; Type: FK CONSTRAINT; Schema: public; Owner: lesgrandsvoisins
--

ALTER TABLE ONLY public.wagtailcore_page
    ADD CONSTRAINT wagtailcore_page_locale_id_3c7e30a6_fk_wagtailcore_locale_id FOREIGN KEY (locale_id) REFERENCES public.wagtailcore_locale(id) DEFERRABLE INITIALLY DEFERRED;


--
-- Name: wagtailcore_page wagtailcore_page_locked_by_id_bcb86245_fk_auth_user_id; Type: FK CONSTRAINT; Schema: public; Owner: lesgrandsvoisins
--

ALTER TABLE ONLY public.wagtailcore_page
    ADD CONSTRAINT wagtailcore_page_locked_by_id_bcb86245_fk_auth_user_id FOREIGN KEY (locked_by_id) REFERENCES public.auth_user(id) DEFERRABLE INITIALLY DEFERRED;


--
-- Name: wagtailcore_page wagtailcore_page_owner_id_fbf7c332_fk_auth_user_id; Type: FK CONSTRAINT; Schema: public; Owner: lesgrandsvoisins
--

ALTER TABLE ONLY public.wagtailcore_page
    ADD CONSTRAINT wagtailcore_page_owner_id_fbf7c332_fk_auth_user_id FOREIGN KEY (owner_id) REFERENCES public.auth_user(id) DEFERRABLE INITIALLY DEFERRED;


--
-- Name: wagtailcore_pagelogentry wagtailcore_pageloge_content_type_id_74e7708a_fk_django_co; Type: FK CONSTRAINT; Schema: public; Owner: lesgrandsvoisins
--

ALTER TABLE ONLY public.wagtailcore_pagelogentry
    ADD CONSTRAINT wagtailcore_pageloge_content_type_id_74e7708a_fk_django_co FOREIGN KEY (content_type_id) REFERENCES public.django_content_type(id) DEFERRABLE INITIALLY DEFERRED;


--
-- Name: wagtailcore_revision wagtailcore_pagerevision_user_id_2409d2f4_fk_auth_user_id; Type: FK CONSTRAINT; Schema: public; Owner: lesgrandsvoisins
--

ALTER TABLE ONLY public.wagtailcore_revision
    ADD CONSTRAINT wagtailcore_pagerevision_user_id_2409d2f4_fk_auth_user_id FOREIGN KEY (user_id) REFERENCES public.auth_user(id) DEFERRABLE INITIALLY DEFERRED;


--
-- Name: wagtailcore_pagesubscription wagtailcore_pagesubs_page_id_a085e7a6_fk_wagtailco; Type: FK CONSTRAINT; Schema: public; Owner: lesgrandsvoisins
--

ALTER TABLE ONLY public.wagtailcore_pagesubscription
    ADD CONSTRAINT wagtailcore_pagesubs_page_id_a085e7a6_fk_wagtailco FOREIGN KEY (page_id) REFERENCES public.wagtailcore_page(id) DEFERRABLE INITIALLY DEFERRED;


--
-- Name: wagtailcore_pagesubscription wagtailcore_pagesubscription_user_id_89d7def9_fk_auth_user_id; Type: FK CONSTRAINT; Schema: public; Owner: lesgrandsvoisins
--

ALTER TABLE ONLY public.wagtailcore_pagesubscription
    ADD CONSTRAINT wagtailcore_pagesubscription_user_id_89d7def9_fk_auth_user_id FOREIGN KEY (user_id) REFERENCES public.auth_user(id) DEFERRABLE INITIALLY DEFERRED;


--
-- Name: wagtailcore_pageviewrestriction_groups wagtailcore_pageview_group_id_6460f223_fk_auth_grou; Type: FK CONSTRAINT; Schema: public; Owner: lesgrandsvoisins
--

ALTER TABLE ONLY public.wagtailcore_pageviewrestriction_groups
    ADD CONSTRAINT wagtailcore_pageview_group_id_6460f223_fk_auth_grou FOREIGN KEY (group_id) REFERENCES public.auth_group(id) DEFERRABLE INITIALLY DEFERRED;


--
-- Name: wagtailcore_pageviewrestriction wagtailcore_pageview_page_id_15a8bea6_fk_wagtailco; Type: FK CONSTRAINT; Schema: public; Owner: lesgrandsvoisins
--

ALTER TABLE ONLY public.wagtailcore_pageviewrestriction
    ADD CONSTRAINT wagtailcore_pageview_page_id_15a8bea6_fk_wagtailco FOREIGN KEY (page_id) REFERENCES public.wagtailcore_page(id) DEFERRABLE INITIALLY DEFERRED;


--
-- Name: wagtailcore_pageviewrestriction_groups wagtailcore_pageview_pageviewrestriction__f147a99a_fk_wagtailco; Type: FK CONSTRAINT; Schema: public; Owner: lesgrandsvoisins
--

ALTER TABLE ONLY public.wagtailcore_pageviewrestriction_groups
    ADD CONSTRAINT wagtailcore_pageview_pageviewrestriction__f147a99a_fk_wagtailco FOREIGN KEY (pageviewrestriction_id) REFERENCES public.wagtailcore_pageviewrestriction(id) DEFERRABLE INITIALLY DEFERRED;


--
-- Name: wagtailcore_referenceindex wagtailcore_referenc_base_content_type_id_313cf40f_fk_django_co; Type: FK CONSTRAINT; Schema: public; Owner: lesgrandsvoisins
--

ALTER TABLE ONLY public.wagtailcore_referenceindex
    ADD CONSTRAINT wagtailcore_referenc_base_content_type_id_313cf40f_fk_django_co FOREIGN KEY (base_content_type_id) REFERENCES public.django_content_type(id) DEFERRABLE INITIALLY DEFERRED;


--
-- Name: wagtailcore_referenceindex wagtailcore_referenc_content_type_id_766e0336_fk_django_co; Type: FK CONSTRAINT; Schema: public; Owner: lesgrandsvoisins
--

ALTER TABLE ONLY public.wagtailcore_referenceindex
    ADD CONSTRAINT wagtailcore_referenc_content_type_id_766e0336_fk_django_co FOREIGN KEY (content_type_id) REFERENCES public.django_content_type(id) DEFERRABLE INITIALLY DEFERRED;


--
-- Name: wagtailcore_referenceindex wagtailcore_referenc_to_content_type_id_93690bbd_fk_django_co; Type: FK CONSTRAINT; Schema: public; Owner: lesgrandsvoisins
--

ALTER TABLE ONLY public.wagtailcore_referenceindex
    ADD CONSTRAINT wagtailcore_referenc_to_content_type_id_93690bbd_fk_django_co FOREIGN KEY (to_content_type_id) REFERENCES public.django_content_type(id) DEFERRABLE INITIALLY DEFERRED;


--
-- Name: wagtailcore_revision wagtailcore_revision_base_content_type_id_5b4ef7bd_fk_django_co; Type: FK CONSTRAINT; Schema: public; Owner: lesgrandsvoisins
--

ALTER TABLE ONLY public.wagtailcore_revision
    ADD CONSTRAINT wagtailcore_revision_base_content_type_id_5b4ef7bd_fk_django_co FOREIGN KEY (base_content_type_id) REFERENCES public.django_content_type(id) DEFERRABLE INITIALLY DEFERRED;


--
-- Name: wagtailcore_revision wagtailcore_revision_content_type_id_c8cb69c0_fk_django_co; Type: FK CONSTRAINT; Schema: public; Owner: lesgrandsvoisins
--

ALTER TABLE ONLY public.wagtailcore_revision
    ADD CONSTRAINT wagtailcore_revision_content_type_id_c8cb69c0_fk_django_co FOREIGN KEY (content_type_id) REFERENCES public.django_content_type(id) DEFERRABLE INITIALLY DEFERRED;


--
-- Name: wagtailcore_site wagtailcore_site_root_page_id_e02fb95c_fk_wagtailcore_page_id; Type: FK CONSTRAINT; Schema: public; Owner: lesgrandsvoisins
--

ALTER TABLE ONLY public.wagtailcore_site
    ADD CONSTRAINT wagtailcore_site_root_page_id_e02fb95c_fk_wagtailcore_page_id FOREIGN KEY (root_page_id) REFERENCES public.wagtailcore_page(id) DEFERRABLE INITIALLY DEFERRED;


--
-- Name: wagtailcore_task wagtailcore_task_content_type_id_249ab8ba_fk_django_co; Type: FK CONSTRAINT; Schema: public; Owner: lesgrandsvoisins
--

ALTER TABLE ONLY public.wagtailcore_task
    ADD CONSTRAINT wagtailcore_task_content_type_id_249ab8ba_fk_django_co FOREIGN KEY (content_type_id) REFERENCES public.django_content_type(id) DEFERRABLE INITIALLY DEFERRED;


--
-- Name: wagtailcore_taskstate wagtailcore_taskstat_content_type_id_0a758fdc_fk_django_co; Type: FK CONSTRAINT; Schema: public; Owner: lesgrandsvoisins
--

ALTER TABLE ONLY public.wagtailcore_taskstate
    ADD CONSTRAINT wagtailcore_taskstat_content_type_id_0a758fdc_fk_django_co FOREIGN KEY (content_type_id) REFERENCES public.django_content_type(id) DEFERRABLE INITIALLY DEFERRED;


--
-- Name: wagtailcore_taskstate wagtailcore_taskstat_revision_id_df25a499_fk_wagtailco; Type: FK CONSTRAINT; Schema: public; Owner: lesgrandsvoisins
--

ALTER TABLE ONLY public.wagtailcore_taskstate
    ADD CONSTRAINT wagtailcore_taskstat_revision_id_df25a499_fk_wagtailco FOREIGN KEY (revision_id) REFERENCES public.wagtailcore_revision(id) DEFERRABLE INITIALLY DEFERRED;


--
-- Name: wagtailcore_taskstate wagtailcore_taskstat_workflow_state_id_9239a775_fk_wagtailco; Type: FK CONSTRAINT; Schema: public; Owner: lesgrandsvoisins
--

ALTER TABLE ONLY public.wagtailcore_taskstate
    ADD CONSTRAINT wagtailcore_taskstat_workflow_state_id_9239a775_fk_wagtailco FOREIGN KEY (workflow_state_id) REFERENCES public.wagtailcore_workflowstate(id) DEFERRABLE INITIALLY DEFERRED;


--
-- Name: wagtailcore_taskstate wagtailcore_taskstate_finished_by_id_13f98229_fk_auth_user_id; Type: FK CONSTRAINT; Schema: public; Owner: lesgrandsvoisins
--

ALTER TABLE ONLY public.wagtailcore_taskstate
    ADD CONSTRAINT wagtailcore_taskstate_finished_by_id_13f98229_fk_auth_user_id FOREIGN KEY (finished_by_id) REFERENCES public.auth_user(id) DEFERRABLE INITIALLY DEFERRED;


--
-- Name: wagtailcore_taskstate wagtailcore_taskstate_task_id_c3677c34_fk_wagtailcore_task_id; Type: FK CONSTRAINT; Schema: public; Owner: lesgrandsvoisins
--

ALTER TABLE ONLY public.wagtailcore_taskstate
    ADD CONSTRAINT wagtailcore_taskstate_task_id_c3677c34_fk_wagtailcore_task_id FOREIGN KEY (task_id) REFERENCES public.wagtailcore_task(id) DEFERRABLE INITIALLY DEFERRED;


--
-- Name: wagtailcore_uploadedfile wagtailcore_uploaded_for_content_type_id_b0fc87b2_fk_django_co; Type: FK CONSTRAINT; Schema: public; Owner: lesgrandsvoisins
--

ALTER TABLE ONLY public.wagtailcore_uploadedfile
    ADD CONSTRAINT wagtailcore_uploaded_for_content_type_id_b0fc87b2_fk_django_co FOREIGN KEY (for_content_type_id) REFERENCES public.django_content_type(id) DEFERRABLE INITIALLY DEFERRED;


--
-- Name: wagtailcore_uploadedfile wagtailcore_uploaded_uploaded_by_user_id_c7580fe8_fk_auth_user; Type: FK CONSTRAINT; Schema: public; Owner: lesgrandsvoisins
--

ALTER TABLE ONLY public.wagtailcore_uploadedfile
    ADD CONSTRAINT wagtailcore_uploaded_uploaded_by_user_id_c7580fe8_fk_auth_user FOREIGN KEY (uploaded_by_user_id) REFERENCES public.auth_user(id) DEFERRABLE INITIALLY DEFERRED;


--
-- Name: wagtailcore_workflowstate wagtailcore_workflow_base_content_type_id_a30dc576_fk_django_co; Type: FK CONSTRAINT; Schema: public; Owner: lesgrandsvoisins
--

ALTER TABLE ONLY public.wagtailcore_workflowstate
    ADD CONSTRAINT wagtailcore_workflow_base_content_type_id_a30dc576_fk_django_co FOREIGN KEY (base_content_type_id) REFERENCES public.django_content_type(id) DEFERRABLE INITIALLY DEFERRED;


--
-- Name: wagtailcore_workflowstate wagtailcore_workflow_content_type_id_2bb78ce1_fk_django_co; Type: FK CONSTRAINT; Schema: public; Owner: lesgrandsvoisins
--

ALTER TABLE ONLY public.wagtailcore_workflowstate
    ADD CONSTRAINT wagtailcore_workflow_content_type_id_2bb78ce1_fk_django_co FOREIGN KEY (content_type_id) REFERENCES public.django_content_type(id) DEFERRABLE INITIALLY DEFERRED;


--
-- Name: wagtailcore_workflowcontenttype wagtailcore_workflow_content_type_id_b261bb37_fk_django_co; Type: FK CONSTRAINT; Schema: public; Owner: lesgrandsvoisins
--

ALTER TABLE ONLY public.wagtailcore_workflowcontenttype
    ADD CONSTRAINT wagtailcore_workflow_content_type_id_b261bb37_fk_django_co FOREIGN KEY (content_type_id) REFERENCES public.django_content_type(id) DEFERRABLE INITIALLY DEFERRED;


--
-- Name: wagtailcore_workflowstate wagtailcore_workflow_current_task_state_i_3a1a0632_fk_wagtailco; Type: FK CONSTRAINT; Schema: public; Owner: lesgrandsvoisins
--

ALTER TABLE ONLY public.wagtailcore_workflowstate
    ADD CONSTRAINT wagtailcore_workflow_current_task_state_i_3a1a0632_fk_wagtailco FOREIGN KEY (current_task_state_id) REFERENCES public.wagtailcore_taskstate(id) DEFERRABLE INITIALLY DEFERRED;


--
-- Name: wagtailcore_workflowpage wagtailcore_workflow_page_id_81e7bab6_fk_wagtailco; Type: FK CONSTRAINT; Schema: public; Owner: lesgrandsvoisins
--

ALTER TABLE ONLY public.wagtailcore_workflowpage
    ADD CONSTRAINT wagtailcore_workflow_page_id_81e7bab6_fk_wagtailco FOREIGN KEY (page_id) REFERENCES public.wagtailcore_page(id) DEFERRABLE INITIALLY DEFERRED;


--
-- Name: wagtailcore_workflowstate wagtailcore_workflow_requested_by_id_4090bca3_fk_auth_user; Type: FK CONSTRAINT; Schema: public; Owner: lesgrandsvoisins
--

ALTER TABLE ONLY public.wagtailcore_workflowstate
    ADD CONSTRAINT wagtailcore_workflow_requested_by_id_4090bca3_fk_auth_user FOREIGN KEY (requested_by_id) REFERENCES public.auth_user(id) DEFERRABLE INITIALLY DEFERRED;


--
-- Name: wagtailcore_workflowtask wagtailcore_workflow_task_id_ce7716fe_fk_wagtailco; Type: FK CONSTRAINT; Schema: public; Owner: lesgrandsvoisins
--

ALTER TABLE ONLY public.wagtailcore_workflowtask
    ADD CONSTRAINT wagtailcore_workflow_task_id_ce7716fe_fk_wagtailco FOREIGN KEY (task_id) REFERENCES public.wagtailcore_task(id) DEFERRABLE INITIALLY DEFERRED;


--
-- Name: wagtailcore_workflowstate wagtailcore_workflow_workflow_id_1f18378f_fk_wagtailco; Type: FK CONSTRAINT; Schema: public; Owner: lesgrandsvoisins
--

ALTER TABLE ONLY public.wagtailcore_workflowstate
    ADD CONSTRAINT wagtailcore_workflow_workflow_id_1f18378f_fk_wagtailco FOREIGN KEY (workflow_id) REFERENCES public.wagtailcore_workflow(id) DEFERRABLE INITIALLY DEFERRED;


--
-- Name: wagtailcore_workflowpage wagtailcore_workflow_workflow_id_56f56ff6_fk_wagtailco; Type: FK CONSTRAINT; Schema: public; Owner: lesgrandsvoisins
--

ALTER TABLE ONLY public.wagtailcore_workflowpage
    ADD CONSTRAINT wagtailcore_workflow_workflow_id_56f56ff6_fk_wagtailco FOREIGN KEY (workflow_id) REFERENCES public.wagtailcore_workflow(id) DEFERRABLE INITIALLY DEFERRED;


--
-- Name: wagtailcore_workflowcontenttype wagtailcore_workflow_workflow_id_9aad7cd2_fk_wagtailco; Type: FK CONSTRAINT; Schema: public; Owner: lesgrandsvoisins
--

ALTER TABLE ONLY public.wagtailcore_workflowcontenttype
    ADD CONSTRAINT wagtailcore_workflow_workflow_id_9aad7cd2_fk_wagtailco FOREIGN KEY (workflow_id) REFERENCES public.wagtailcore_workflow(id) DEFERRABLE INITIALLY DEFERRED;


--
-- Name: wagtailcore_workflowtask wagtailcore_workflow_workflow_id_b9717175_fk_wagtailco; Type: FK CONSTRAINT; Schema: public; Owner: lesgrandsvoisins
--

ALTER TABLE ONLY public.wagtailcore_workflowtask
    ADD CONSTRAINT wagtailcore_workflow_workflow_id_b9717175_fk_wagtailco FOREIGN KEY (workflow_id) REFERENCES public.wagtailcore_workflow(id) DEFERRABLE INITIALLY DEFERRED;


--
-- Name: wagtaildocs_document wagtaildocs_document_collection_id_23881625_fk_wagtailco; Type: FK CONSTRAINT; Schema: public; Owner: lesgrandsvoisins
--

ALTER TABLE ONLY public.wagtaildocs_document
    ADD CONSTRAINT wagtaildocs_document_collection_id_23881625_fk_wagtailco FOREIGN KEY (collection_id) REFERENCES public.wagtailcore_collection(id) DEFERRABLE INITIALLY DEFERRED;


--
-- Name: wagtaildocs_document wagtaildocs_document_uploaded_by_user_id_17258b41_fk_auth_user; Type: FK CONSTRAINT; Schema: public; Owner: lesgrandsvoisins
--

ALTER TABLE ONLY public.wagtaildocs_document
    ADD CONSTRAINT wagtaildocs_document_uploaded_by_user_id_17258b41_fk_auth_user FOREIGN KEY (uploaded_by_user_id) REFERENCES public.auth_user(id) DEFERRABLE INITIALLY DEFERRED;


--
-- Name: wagtailforms_formsubmission wagtailforms_formsub_page_id_e48e93e7_fk_wagtailco; Type: FK CONSTRAINT; Schema: public; Owner: lesgrandsvoisins
--

ALTER TABLE ONLY public.wagtailforms_formsubmission
    ADD CONSTRAINT wagtailforms_formsub_page_id_e48e93e7_fk_wagtailco FOREIGN KEY (page_id) REFERENCES public.wagtailcore_page(id) DEFERRABLE INITIALLY DEFERRED;


--
-- Name: wagtailimages_image wagtailimages_image_collection_id_c2f8af7e_fk_wagtailco; Type: FK CONSTRAINT; Schema: public; Owner: lesgrandsvoisins
--

ALTER TABLE ONLY public.wagtailimages_image
    ADD CONSTRAINT wagtailimages_image_collection_id_c2f8af7e_fk_wagtailco FOREIGN KEY (collection_id) REFERENCES public.wagtailcore_collection(id) DEFERRABLE INITIALLY DEFERRED;


--
-- Name: wagtailimages_image wagtailimages_image_uploaded_by_user_id_5d73dc75_fk_auth_user; Type: FK CONSTRAINT; Schema: public; Owner: lesgrandsvoisins
--

ALTER TABLE ONLY public.wagtailimages_image
    ADD CONSTRAINT wagtailimages_image_uploaded_by_user_id_5d73dc75_fk_auth_user FOREIGN KEY (uploaded_by_user_id) REFERENCES public.auth_user(id) DEFERRABLE INITIALLY DEFERRED;


--
-- Name: wagtailimages_rendition wagtailimages_rendit_image_id_3e1fd774_fk_wagtailim; Type: FK CONSTRAINT; Schema: public; Owner: lesgrandsvoisins
--

ALTER TABLE ONLY public.wagtailimages_rendition
    ADD CONSTRAINT wagtailimages_rendit_image_id_3e1fd774_fk_wagtailim FOREIGN KEY (image_id) REFERENCES public.wagtailimages_image(id) DEFERRABLE INITIALLY DEFERRED;


--
-- Name: wagtailmenus_flatmenuitem wagtailmenus_flatmen_link_page_id_36779c0f_fk_wagtailco; Type: FK CONSTRAINT; Schema: public; Owner: lesgrandsvoisins
--

ALTER TABLE ONLY public.wagtailmenus_flatmenuitem
    ADD CONSTRAINT wagtailmenus_flatmen_link_page_id_36779c0f_fk_wagtailco FOREIGN KEY (link_page_id) REFERENCES public.wagtailcore_page(id) DEFERRABLE INITIALLY DEFERRED;


--
-- Name: wagtailmenus_flatmenuitem wagtailmenus_flatmen_menu_id_757c39da_fk_wagtailme; Type: FK CONSTRAINT; Schema: public; Owner: lesgrandsvoisins
--

ALTER TABLE ONLY public.wagtailmenus_flatmenuitem
    ADD CONSTRAINT wagtailmenus_flatmen_menu_id_757c39da_fk_wagtailme FOREIGN KEY (menu_id) REFERENCES public.wagtailmenus_flatmenu(id) DEFERRABLE INITIALLY DEFERRED;


--
-- Name: wagtailmenus_flatmenu wagtailmenus_flatmenu_site_id_516a598d_fk_wagtailcore_site_id; Type: FK CONSTRAINT; Schema: public; Owner: lesgrandsvoisins
--

ALTER TABLE ONLY public.wagtailmenus_flatmenu
    ADD CONSTRAINT wagtailmenus_flatmenu_site_id_516a598d_fk_wagtailcore_site_id FOREIGN KEY (site_id) REFERENCES public.wagtailcore_site(id) DEFERRABLE INITIALLY DEFERRED;


--
-- Name: wagtailmenus_mainmenuitem wagtailmenus_mainmen_link_page_id_208a4a4d_fk_wagtailco; Type: FK CONSTRAINT; Schema: public; Owner: lesgrandsvoisins
--

ALTER TABLE ONLY public.wagtailmenus_mainmenuitem
    ADD CONSTRAINT wagtailmenus_mainmen_link_page_id_208a4a4d_fk_wagtailco FOREIGN KEY (link_page_id) REFERENCES public.wagtailcore_page(id) DEFERRABLE INITIALLY DEFERRED;


--
-- Name: wagtailmenus_mainmenuitem wagtailmenus_mainmen_menu_id_6505d4c4_fk_wagtailme; Type: FK CONSTRAINT; Schema: public; Owner: lesgrandsvoisins
--

ALTER TABLE ONLY public.wagtailmenus_mainmenuitem
    ADD CONSTRAINT wagtailmenus_mainmen_menu_id_6505d4c4_fk_wagtailme FOREIGN KEY (menu_id) REFERENCES public.wagtailmenus_mainmenu(id) DEFERRABLE INITIALLY DEFERRED;


--
-- Name: wagtailmenus_mainmenu wagtailmenus_mainmenu_site_id_84b0fde4_fk_wagtailcore_site_id; Type: FK CONSTRAINT; Schema: public; Owner: lesgrandsvoisins
--

ALTER TABLE ONLY public.wagtailmenus_mainmenu
    ADD CONSTRAINT wagtailmenus_mainmenu_site_id_84b0fde4_fk_wagtailcore_site_id FOREIGN KEY (site_id) REFERENCES public.wagtailcore_site(id) DEFERRABLE INITIALLY DEFERRED;


--
-- Name: wagtailredirects_redirect wagtailredirects_red_redirect_page_id_b5728a8f_fk_wagtailco; Type: FK CONSTRAINT; Schema: public; Owner: lesgrandsvoisins
--

ALTER TABLE ONLY public.wagtailredirects_redirect
    ADD CONSTRAINT wagtailredirects_red_redirect_page_id_b5728a8f_fk_wagtailco FOREIGN KEY (redirect_page_id) REFERENCES public.wagtailcore_page(id) DEFERRABLE INITIALLY DEFERRED;


--
-- Name: wagtailredirects_redirect wagtailredirects_red_site_id_780a0e1e_fk_wagtailco; Type: FK CONSTRAINT; Schema: public; Owner: lesgrandsvoisins
--

ALTER TABLE ONLY public.wagtailredirects_redirect
    ADD CONSTRAINT wagtailredirects_red_site_id_780a0e1e_fk_wagtailco FOREIGN KEY (site_id) REFERENCES public.wagtailcore_site(id) DEFERRABLE INITIALLY DEFERRED;


--
-- Name: wagtailsearch_indexentry wagtailsearch_indexe_content_type_id_62ed694f_fk_django_co; Type: FK CONSTRAINT; Schema: public; Owner: lesgrandsvoisins
--

ALTER TABLE ONLY public.wagtailsearch_indexentry
    ADD CONSTRAINT wagtailsearch_indexe_content_type_id_62ed694f_fk_django_co FOREIGN KEY (content_type_id) REFERENCES public.django_content_type(id) DEFERRABLE INITIALLY DEFERRED;


--
-- Name: wagtailusers_userprofile wagtailusers_userprofile_user_id_59c92331_fk_auth_user_id; Type: FK CONSTRAINT; Schema: public; Owner: lesgrandsvoisins
--

ALTER TABLE ONLY public.wagtailusers_userprofile
    ADD CONSTRAINT wagtailusers_userprofile_user_id_59c92331_fk_auth_user_id FOREIGN KEY (user_id) REFERENCES public.auth_user(id) DEFERRABLE INITIALLY DEFERRED;


--
-- PostgreSQL database dump complete
--

