--
-- PostgreSQL database dump
--

-- Dumped from database version 16.1
-- Dumped by pg_dump version 16.1

SET statement_timeout = 0;
SET lock_timeout = 0;
SET idle_in_transaction_session_timeout = 0;
SET client_encoding = 'UTF8';
SET standard_conforming_strings = on;
SELECT pg_catalog.set_config('search_path', '', false);
SET check_function_bodies = false;
SET xmloption = content;
SET client_min_messages = warning;
SET row_security = off;

SET default_tablespace = '';

SET default_table_access_method = heap;

--
-- Name: auth_group; Type: TABLE; Schema: public; Owner: wagtailvillage
--

CREATE TABLE public.auth_group (
    id integer NOT NULL,
    name character varying(150) NOT NULL
);


ALTER TABLE public.auth_group OWNER TO wagtailvillage;

--
-- Name: auth_group_id_seq; Type: SEQUENCE; Schema: public; Owner: wagtailvillage
--

ALTER TABLE public.auth_group ALTER COLUMN id ADD GENERATED BY DEFAULT AS IDENTITY (
    SEQUENCE NAME public.auth_group_id_seq
    START WITH 1
    INCREMENT BY 1
    NO MINVALUE
    NO MAXVALUE
    CACHE 1
);


--
-- Name: auth_group_permissions; Type: TABLE; Schema: public; Owner: wagtailvillage
--

CREATE TABLE public.auth_group_permissions (
    id integer NOT NULL,
    group_id integer NOT NULL,
    permission_id integer NOT NULL
);


ALTER TABLE public.auth_group_permissions OWNER TO wagtailvillage;

--
-- Name: auth_group_permissions_id_seq; Type: SEQUENCE; Schema: public; Owner: wagtailvillage
--

ALTER TABLE public.auth_group_permissions ALTER COLUMN id ADD GENERATED BY DEFAULT AS IDENTITY (
    SEQUENCE NAME public.auth_group_permissions_id_seq
    START WITH 1
    INCREMENT BY 1
    NO MINVALUE
    NO MAXVALUE
    CACHE 1
);


--
-- Name: auth_permission; Type: TABLE; Schema: public; Owner: wagtailvillage
--

CREATE TABLE public.auth_permission (
    id integer NOT NULL,
    name character varying(255) NOT NULL,
    content_type_id integer NOT NULL,
    codename character varying(100) NOT NULL
);


ALTER TABLE public.auth_permission OWNER TO wagtailvillage;

--
-- Name: auth_permission_id_seq; Type: SEQUENCE; Schema: public; Owner: wagtailvillage
--

ALTER TABLE public.auth_permission ALTER COLUMN id ADD GENERATED BY DEFAULT AS IDENTITY (
    SEQUENCE NAME public.auth_permission_id_seq
    START WITH 1
    INCREMENT BY 1
    NO MINVALUE
    NO MAXVALUE
    CACHE 1
);


--
-- Name: auth_user; Type: TABLE; Schema: public; Owner: wagtailvillage
--

CREATE TABLE public.auth_user (
    id integer NOT NULL,
    password character varying(128) NOT NULL,
    last_login timestamp with time zone,
    is_superuser boolean NOT NULL,
    username character varying(150) NOT NULL,
    first_name character varying(150) NOT NULL,
    last_name character varying(150) NOT NULL,
    email character varying(254) NOT NULL,
    is_staff boolean NOT NULL,
    is_active boolean NOT NULL,
    date_joined timestamp with time zone NOT NULL
);


ALTER TABLE public.auth_user OWNER TO wagtailvillage;

--
-- Name: auth_user_groups; Type: TABLE; Schema: public; Owner: wagtailvillage
--

CREATE TABLE public.auth_user_groups (
    id integer NOT NULL,
    user_id integer NOT NULL,
    group_id integer NOT NULL
);


ALTER TABLE public.auth_user_groups OWNER TO wagtailvillage;

--
-- Name: auth_user_groups_id_seq; Type: SEQUENCE; Schema: public; Owner: wagtailvillage
--

ALTER TABLE public.auth_user_groups ALTER COLUMN id ADD GENERATED BY DEFAULT AS IDENTITY (
    SEQUENCE NAME public.auth_user_groups_id_seq
    START WITH 1
    INCREMENT BY 1
    NO MINVALUE
    NO MAXVALUE
    CACHE 1
);


--
-- Name: auth_user_id_seq; Type: SEQUENCE; Schema: public; Owner: wagtailvillage
--

ALTER TABLE public.auth_user ALTER COLUMN id ADD GENERATED BY DEFAULT AS IDENTITY (
    SEQUENCE NAME public.auth_user_id_seq
    START WITH 1
    INCREMENT BY 1
    NO MINVALUE
    NO MAXVALUE
    CACHE 1
);


--
-- Name: auth_user_user_permissions; Type: TABLE; Schema: public; Owner: wagtailvillage
--

CREATE TABLE public.auth_user_user_permissions (
    id integer NOT NULL,
    user_id integer NOT NULL,
    permission_id integer NOT NULL
);


ALTER TABLE public.auth_user_user_permissions OWNER TO wagtailvillage;

--
-- Name: auth_user_user_permissions_id_seq; Type: SEQUENCE; Schema: public; Owner: wagtailvillage
--

ALTER TABLE public.auth_user_user_permissions ALTER COLUMN id ADD GENERATED BY DEFAULT AS IDENTITY (
    SEQUENCE NAME public.auth_user_user_permissions_id_seq
    START WITH 1
    INCREMENT BY 1
    NO MINVALUE
    NO MAXVALUE
    CACHE 1
);


--
-- Name: blog_blogentrypage; Type: TABLE; Schema: public; Owner: wagtailvillage
--

CREATE TABLE public.blog_blogentrypage (
    contentpage_ptr_id integer NOT NULL,
    date timestamp with time zone NOT NULL
);


ALTER TABLE public.blog_blogentrypage OWNER TO wagtailvillage;

--
-- Name: blog_blogentrypage_authors; Type: TABLE; Schema: public; Owner: wagtailvillage
--

CREATE TABLE public.blog_blogentrypage_authors (
    id integer NOT NULL,
    blogentrypage_id integer NOT NULL,
    person_id bigint NOT NULL
);


ALTER TABLE public.blog_blogentrypage_authors OWNER TO wagtailvillage;

--
-- Name: blog_blogentrypage_authors_id_seq; Type: SEQUENCE; Schema: public; Owner: wagtailvillage
--

ALTER TABLE public.blog_blogentrypage_authors ALTER COLUMN id ADD GENERATED BY DEFAULT AS IDENTITY (
    SEQUENCE NAME public.blog_blogentrypage_authors_id_seq
    START WITH 1
    INCREMENT BY 1
    NO MINVALUE
    NO MAXVALUE
    CACHE 1
);


--
-- Name: blog_blogindexpage; Type: TABLE; Schema: public; Owner: wagtailvillage
--

CREATE TABLE public.blog_blogindexpage (
    page_ptr_id integer NOT NULL,
    body jsonb NOT NULL,
    header_with_title boolean NOT NULL,
    header_color_class character varying,
    header_large boolean NOT NULL,
    header_darken boolean NOT NULL,
    header_cta_text character varying,
    header_cta_label character varying,
    header_cta_link character varying(200),
    posts_per_page smallint NOT NULL,
    header_image_id integer,
    CONSTRAINT blog_blogindexpage_posts_per_page_check CHECK ((posts_per_page >= 0))
);


ALTER TABLE public.blog_blogindexpage OWNER TO wagtailvillage;

--
-- Name: blog_category; Type: TABLE; Schema: public; Owner: wagtailvillage
--

CREATE TABLE public.blog_category (
    id bigint NOT NULL,
    translation_key uuid NOT NULL,
    name character varying(80) NOT NULL,
    slug character varying(80) NOT NULL,
    description character varying(500) NOT NULL,
    colophon jsonb NOT NULL,
    locale_id integer NOT NULL,
    parent_id bigint
);


ALTER TABLE public.blog_category OWNER TO wagtailvillage;

--
-- Name: blog_category_id_seq; Type: SEQUENCE; Schema: public; Owner: wagtailvillage
--

ALTER TABLE public.blog_category ALTER COLUMN id ADD GENERATED BY DEFAULT AS IDENTITY (
    SEQUENCE NAME public.blog_category_id_seq
    START WITH 1
    INCREMENT BY 1
    NO MINVALUE
    NO MAXVALUE
    CACHE 1
);


--
-- Name: blog_categoryentrypage; Type: TABLE; Schema: public; Owner: wagtailvillage
--

CREATE TABLE public.blog_categoryentrypage (
    id bigint NOT NULL,
    category_id bigint NOT NULL,
    page_id integer NOT NULL
);


ALTER TABLE public.blog_categoryentrypage OWNER TO wagtailvillage;

--
-- Name: blog_categoryentrypage_id_seq; Type: SEQUENCE; Schema: public; Owner: wagtailvillage
--

ALTER TABLE public.blog_categoryentrypage ALTER COLUMN id ADD GENERATED BY DEFAULT AS IDENTITY (
    SEQUENCE NAME public.blog_categoryentrypage_id_seq
    START WITH 1
    INCREMENT BY 1
    NO MINVALUE
    NO MAXVALUE
    CACHE 1
);


--
-- Name: blog_person; Type: TABLE; Schema: public; Owner: wagtailvillage
--

CREATE TABLE public.blog_person (
    id bigint NOT NULL,
    name character varying(255) NOT NULL,
    role character varying(255) NOT NULL,
    organization character varying(255) NOT NULL,
    contact_info character varying(500) NOT NULL,
    image_id integer
);


ALTER TABLE public.blog_person OWNER TO wagtailvillage;

--
-- Name: blog_person_id_seq; Type: SEQUENCE; Schema: public; Owner: wagtailvillage
--

ALTER TABLE public.blog_person ALTER COLUMN id ADD GENERATED BY DEFAULT AS IDENTITY (
    SEQUENCE NAME public.blog_person_id_seq
    START WITH 1
    INCREMENT BY 1
    NO MINVALUE
    NO MAXVALUE
    CACHE 1
);


--
-- Name: blog_tagentrypage; Type: TABLE; Schema: public; Owner: wagtailvillage
--

CREATE TABLE public.blog_tagentrypage (
    id bigint NOT NULL,
    content_object_id integer NOT NULL,
    tag_id integer NOT NULL
);


ALTER TABLE public.blog_tagentrypage OWNER TO wagtailvillage;

--
-- Name: blog_tagentrypage_id_seq; Type: SEQUENCE; Schema: public; Owner: wagtailvillage
--

ALTER TABLE public.blog_tagentrypage ALTER COLUMN id ADD GENERATED BY DEFAULT AS IDENTITY (
    SEQUENCE NAME public.blog_tagentrypage_id_seq
    START WITH 1
    INCREMENT BY 1
    NO MINVALUE
    NO MAXVALUE
    CACHE 1
);


--
-- Name: django_content_type; Type: TABLE; Schema: public; Owner: wagtailvillage
--

CREATE TABLE public.django_content_type (
    id integer NOT NULL,
    app_label character varying(100) NOT NULL,
    model character varying(100) NOT NULL
);


ALTER TABLE public.django_content_type OWNER TO wagtailvillage;

--
-- Name: django_content_type_id_seq; Type: SEQUENCE; Schema: public; Owner: wagtailvillage
--

ALTER TABLE public.django_content_type ALTER COLUMN id ADD GENERATED BY DEFAULT AS IDENTITY (
    SEQUENCE NAME public.django_content_type_id_seq
    START WITH 1
    INCREMENT BY 1
    NO MINVALUE
    NO MAXVALUE
    CACHE 1
);


--
-- Name: django_migrations; Type: TABLE; Schema: public; Owner: wagtailvillage
--

CREATE TABLE public.django_migrations (
    id integer NOT NULL,
    app character varying(255) NOT NULL,
    name character varying(255) NOT NULL,
    applied timestamp with time zone NOT NULL
);


ALTER TABLE public.django_migrations OWNER TO wagtailvillage;

--
-- Name: django_migrations_id_seq; Type: SEQUENCE; Schema: public; Owner: wagtailvillage
--

ALTER TABLE public.django_migrations ALTER COLUMN id ADD GENERATED BY DEFAULT AS IDENTITY (
    SEQUENCE NAME public.django_migrations_id_seq
    START WITH 1
    INCREMENT BY 1
    NO MINVALUE
    NO MAXVALUE
    CACHE 1
);


--
-- Name: django_session; Type: TABLE; Schema: public; Owner: wagtailvillage
--

CREATE TABLE public.django_session (
    session_key character varying(40) NOT NULL,
    session_data text NOT NULL,
    expire_date timestamp with time zone NOT NULL
);


ALTER TABLE public.django_session OWNER TO wagtailvillage;

--
-- Name: django_village_djangovillageconfig; Type: TABLE; Schema: public; Owner: wagtailvillage
--

CREATE TABLE public.django_village_djangovillageconfig (
    id bigint NOT NULL,
    language character varying(7) NOT NULL,
    site_title character varying(200) NOT NULL,
    site_tagline character varying(200) NOT NULL,
    notice text NOT NULL,
    header_brand character varying(200) NOT NULL,
    header_brand_html character varying(200) NOT NULL,
    beta_tag boolean NOT NULL,
    footer_brand character varying(200) NOT NULL,
    footer_brand_html character varying(200) NOT NULL,
    footer_description text NOT NULL,
    newsletter_description text NOT NULL,
    newsletter_url character varying(200) NOT NULL,
    operator_logo_file character varying(100),
    operator_logo_alt character varying(200) NOT NULL,
    operator_logo_width numeric(3,1),
    mourning boolean NOT NULL,
    accessibility_status character varying(4) NOT NULL
);


ALTER TABLE public.django_village_djangovillageconfig OWNER TO wagtailvillage;

--
-- Name: django_village_djangovillageconfig_id_seq; Type: SEQUENCE; Schema: public; Owner: wagtailvillage
--

ALTER TABLE public.django_village_djangovillageconfig ALTER COLUMN id ADD GENERATED BY DEFAULT AS IDENTITY (
    SEQUENCE NAME public.django_village_djangovillageconfig_id_seq
    START WITH 1
    INCREMENT BY 1
    NO MINVALUE
    NO MAXVALUE
    CACHE 1
);


--
-- Name: django_village_villagesocialmedia; Type: TABLE; Schema: public; Owner: wagtailvillage
--

CREATE TABLE public.django_village_villagesocialmedia (
    id bigint NOT NULL,
    title character varying(200) NOT NULL,
    url character varying(200) NOT NULL,
    icon_class character varying(200) NOT NULL,
    site_config_id bigint
);


ALTER TABLE public.django_village_villagesocialmedia OWNER TO wagtailvillage;

--
-- Name: django_village_villagesocialmedia_id_seq; Type: SEQUENCE; Schema: public; Owner: wagtailvillage
--

ALTER TABLE public.django_village_villagesocialmedia ALTER COLUMN id ADD GENERATED BY DEFAULT AS IDENTITY (
    SEQUENCE NAME public.django_village_villagesocialmedia_id_seq
    START WITH 1
    INCREMENT BY 1
    NO MINVALUE
    NO MAXVALUE
    CACHE 1
);


--
-- Name: taggit_tag; Type: TABLE; Schema: public; Owner: wagtailvillage
--

CREATE TABLE public.taggit_tag (
    id integer NOT NULL,
    name character varying(100) NOT NULL,
    slug character varying(100) NOT NULL
);


ALTER TABLE public.taggit_tag OWNER TO wagtailvillage;

--
-- Name: taggit_tag_id_seq; Type: SEQUENCE; Schema: public; Owner: wagtailvillage
--

ALTER TABLE public.taggit_tag ALTER COLUMN id ADD GENERATED BY DEFAULT AS IDENTITY (
    SEQUENCE NAME public.taggit_tag_id_seq
    START WITH 1
    INCREMENT BY 1
    NO MINVALUE
    NO MAXVALUE
    CACHE 1
);


--
-- Name: taggit_taggeditem; Type: TABLE; Schema: public; Owner: wagtailvillage
--

CREATE TABLE public.taggit_taggeditem (
    id integer NOT NULL,
    object_id integer NOT NULL,
    content_type_id integer NOT NULL,
    tag_id integer NOT NULL
);


ALTER TABLE public.taggit_taggeditem OWNER TO wagtailvillage;

--
-- Name: taggit_taggeditem_id_seq; Type: SEQUENCE; Schema: public; Owner: wagtailvillage
--

ALTER TABLE public.taggit_taggeditem ALTER COLUMN id ADD GENERATED BY DEFAULT AS IDENTITY (
    SEQUENCE NAME public.taggit_taggeditem_id_seq
    START WITH 1
    INCREMENT BY 1
    NO MINVALUE
    NO MAXVALUE
    CACHE 1
);


--
-- Name: wagtail_localize_localesynchronization; Type: TABLE; Schema: public; Owner: wagtailvillage
--

CREATE TABLE public.wagtail_localize_localesynchronization (
    id integer NOT NULL,
    locale_id integer NOT NULL,
    sync_from_id integer NOT NULL
);


ALTER TABLE public.wagtail_localize_localesynchronization OWNER TO wagtailvillage;

--
-- Name: wagtail_localize_localesynchronization_id_seq; Type: SEQUENCE; Schema: public; Owner: wagtailvillage
--

ALTER TABLE public.wagtail_localize_localesynchronization ALTER COLUMN id ADD GENERATED BY DEFAULT AS IDENTITY (
    SEQUENCE NAME public.wagtail_localize_localesynchronization_id_seq
    START WITH 1
    INCREMENT BY 1
    NO MINVALUE
    NO MAXVALUE
    CACHE 1
);


--
-- Name: wagtail_localize_overridablesegment; Type: TABLE; Schema: public; Owner: wagtailvillage
--

CREATE TABLE public.wagtail_localize_overridablesegment (
    id integer NOT NULL,
    "order" integer NOT NULL,
    data_json text NOT NULL,
    context_id integer NOT NULL,
    source_id integer NOT NULL,
    CONSTRAINT wagtail_localize_overridablesegment_order_check CHECK (("order" >= 0))
);


ALTER TABLE public.wagtail_localize_overridablesegment OWNER TO wagtailvillage;

--
-- Name: wagtail_localize_overridablesegment_id_seq; Type: SEQUENCE; Schema: public; Owner: wagtailvillage
--

ALTER TABLE public.wagtail_localize_overridablesegment ALTER COLUMN id ADD GENERATED BY DEFAULT AS IDENTITY (
    SEQUENCE NAME public.wagtail_localize_overridablesegment_id_seq
    START WITH 1
    INCREMENT BY 1
    NO MINVALUE
    NO MAXVALUE
    CACHE 1
);


--
-- Name: wagtail_localize_relatedobjectsegment; Type: TABLE; Schema: public; Owner: wagtailvillage
--

CREATE TABLE public.wagtail_localize_relatedobjectsegment (
    id integer NOT NULL,
    "order" integer NOT NULL,
    context_id integer NOT NULL,
    object_id uuid NOT NULL,
    source_id integer NOT NULL,
    CONSTRAINT wagtail_localize_relatedobjectsegment_order_check CHECK (("order" >= 0))
);


ALTER TABLE public.wagtail_localize_relatedobjectsegment OWNER TO wagtailvillage;

--
-- Name: wagtail_localize_relatedobjectsegment_id_seq; Type: SEQUENCE; Schema: public; Owner: wagtailvillage
--

ALTER TABLE public.wagtail_localize_relatedobjectsegment ALTER COLUMN id ADD GENERATED BY DEFAULT AS IDENTITY (
    SEQUENCE NAME public.wagtail_localize_relatedobjectsegment_id_seq
    START WITH 1
    INCREMENT BY 1
    NO MINVALUE
    NO MAXVALUE
    CACHE 1
);


--
-- Name: wagtail_localize_segmentoverride; Type: TABLE; Schema: public; Owner: wagtailvillage
--

CREATE TABLE public.wagtail_localize_segmentoverride (
    id integer NOT NULL,
    created_at timestamp with time zone NOT NULL,
    updated_at timestamp with time zone NOT NULL,
    data_json text NOT NULL,
    has_error boolean NOT NULL,
    field_error text NOT NULL,
    context_id integer,
    last_translated_by_id integer,
    locale_id integer NOT NULL
);


ALTER TABLE public.wagtail_localize_segmentoverride OWNER TO wagtailvillage;

--
-- Name: wagtail_localize_segmentoverride_id_seq; Type: SEQUENCE; Schema: public; Owner: wagtailvillage
--

ALTER TABLE public.wagtail_localize_segmentoverride ALTER COLUMN id ADD GENERATED BY DEFAULT AS IDENTITY (
    SEQUENCE NAME public.wagtail_localize_segmentoverride_id_seq
    START WITH 1
    INCREMENT BY 1
    NO MINVALUE
    NO MAXVALUE
    CACHE 1
);


--
-- Name: wagtail_localize_string; Type: TABLE; Schema: public; Owner: wagtailvillage
--

CREATE TABLE public.wagtail_localize_string (
    id integer NOT NULL,
    data_hash uuid NOT NULL,
    data text NOT NULL,
    locale_id integer NOT NULL
);


ALTER TABLE public.wagtail_localize_string OWNER TO wagtailvillage;

--
-- Name: wagtail_localize_string_id_seq; Type: SEQUENCE; Schema: public; Owner: wagtailvillage
--

ALTER TABLE public.wagtail_localize_string ALTER COLUMN id ADD GENERATED BY DEFAULT AS IDENTITY (
    SEQUENCE NAME public.wagtail_localize_string_id_seq
    START WITH 1
    INCREMENT BY 1
    NO MINVALUE
    NO MAXVALUE
    CACHE 1
);


--
-- Name: wagtail_localize_stringsegment; Type: TABLE; Schema: public; Owner: wagtailvillage
--

CREATE TABLE public.wagtail_localize_stringsegment (
    id integer NOT NULL,
    "order" integer NOT NULL,
    attrs text NOT NULL,
    context_id integer NOT NULL,
    source_id integer NOT NULL,
    string_id integer NOT NULL,
    CONSTRAINT wagtail_localize_stringsegment_order_check CHECK (("order" >= 0))
);


ALTER TABLE public.wagtail_localize_stringsegment OWNER TO wagtailvillage;

--
-- Name: wagtail_localize_stringsegment_id_seq; Type: SEQUENCE; Schema: public; Owner: wagtailvillage
--

ALTER TABLE public.wagtail_localize_stringsegment ALTER COLUMN id ADD GENERATED BY DEFAULT AS IDENTITY (
    SEQUENCE NAME public.wagtail_localize_stringsegment_id_seq
    START WITH 1
    INCREMENT BY 1
    NO MINVALUE
    NO MAXVALUE
    CACHE 1
);


--
-- Name: wagtail_localize_stringtranslation; Type: TABLE; Schema: public; Owner: wagtailvillage
--

CREATE TABLE public.wagtail_localize_stringtranslation (
    id integer NOT NULL,
    data text NOT NULL,
    created_at timestamp with time zone NOT NULL,
    updated_at timestamp with time zone NOT NULL,
    context_id integer,
    locale_id integer NOT NULL,
    translation_of_id integer NOT NULL,
    tool_name character varying(255) NOT NULL,
    translation_type character varying(20) NOT NULL,
    last_translated_by_id integer,
    field_error text NOT NULL,
    has_error boolean NOT NULL
);


ALTER TABLE public.wagtail_localize_stringtranslation OWNER TO wagtailvillage;

--
-- Name: wagtail_localize_stringtranslation_id_seq; Type: SEQUENCE; Schema: public; Owner: wagtailvillage
--

ALTER TABLE public.wagtail_localize_stringtranslation ALTER COLUMN id ADD GENERATED BY DEFAULT AS IDENTITY (
    SEQUENCE NAME public.wagtail_localize_stringtranslation_id_seq
    START WITH 1
    INCREMENT BY 1
    NO MINVALUE
    NO MAXVALUE
    CACHE 1
);


--
-- Name: wagtail_localize_template; Type: TABLE; Schema: public; Owner: wagtailvillage
--

CREATE TABLE public.wagtail_localize_template (
    id integer NOT NULL,
    uuid uuid NOT NULL,
    template text NOT NULL,
    template_format character varying(100) NOT NULL,
    string_count integer NOT NULL,
    CONSTRAINT wagtail_localize_template_string_count_check CHECK ((string_count >= 0))
);


ALTER TABLE public.wagtail_localize_template OWNER TO wagtailvillage;

--
-- Name: wagtail_localize_template_id_seq; Type: SEQUENCE; Schema: public; Owner: wagtailvillage
--

ALTER TABLE public.wagtail_localize_template ALTER COLUMN id ADD GENERATED BY DEFAULT AS IDENTITY (
    SEQUENCE NAME public.wagtail_localize_template_id_seq
    START WITH 1
    INCREMENT BY 1
    NO MINVALUE
    NO MAXVALUE
    CACHE 1
);


--
-- Name: wagtail_localize_templatesegment; Type: TABLE; Schema: public; Owner: wagtailvillage
--

CREATE TABLE public.wagtail_localize_templatesegment (
    id integer NOT NULL,
    "order" integer NOT NULL,
    context_id integer NOT NULL,
    source_id integer NOT NULL,
    template_id integer NOT NULL,
    CONSTRAINT wagtail_localize_templatesegment_order_check CHECK (("order" >= 0))
);


ALTER TABLE public.wagtail_localize_templatesegment OWNER TO wagtailvillage;

--
-- Name: wagtail_localize_templatesegment_id_seq; Type: SEQUENCE; Schema: public; Owner: wagtailvillage
--

ALTER TABLE public.wagtail_localize_templatesegment ALTER COLUMN id ADD GENERATED BY DEFAULT AS IDENTITY (
    SEQUENCE NAME public.wagtail_localize_templatesegment_id_seq
    START WITH 1
    INCREMENT BY 1
    NO MINVALUE
    NO MAXVALUE
    CACHE 1
);


--
-- Name: wagtail_localize_translatableobject; Type: TABLE; Schema: public; Owner: wagtailvillage
--

CREATE TABLE public.wagtail_localize_translatableobject (
    translation_key uuid NOT NULL,
    content_type_id integer NOT NULL
);


ALTER TABLE public.wagtail_localize_translatableobject OWNER TO wagtailvillage;

--
-- Name: wagtail_localize_translation; Type: TABLE; Schema: public; Owner: wagtailvillage
--

CREATE TABLE public.wagtail_localize_translation (
    id integer NOT NULL,
    uuid uuid NOT NULL,
    created_at timestamp with time zone NOT NULL,
    translations_last_updated_at timestamp with time zone,
    destination_last_updated_at timestamp with time zone,
    enabled boolean NOT NULL,
    source_id integer NOT NULL,
    target_locale_id integer NOT NULL
);


ALTER TABLE public.wagtail_localize_translation OWNER TO wagtailvillage;

--
-- Name: wagtail_localize_translation_id_seq; Type: SEQUENCE; Schema: public; Owner: wagtailvillage
--

ALTER TABLE public.wagtail_localize_translation ALTER COLUMN id ADD GENERATED BY DEFAULT AS IDENTITY (
    SEQUENCE NAME public.wagtail_localize_translation_id_seq
    START WITH 1
    INCREMENT BY 1
    NO MINVALUE
    NO MAXVALUE
    CACHE 1
);


--
-- Name: wagtail_localize_translationcontext; Type: TABLE; Schema: public; Owner: wagtailvillage
--

CREATE TABLE public.wagtail_localize_translationcontext (
    id integer NOT NULL,
    path_id uuid NOT NULL,
    path text NOT NULL,
    object_id uuid NOT NULL,
    field_path text NOT NULL
);


ALTER TABLE public.wagtail_localize_translationcontext OWNER TO wagtailvillage;

--
-- Name: wagtail_localize_translationcontext_id_seq; Type: SEQUENCE; Schema: public; Owner: wagtailvillage
--

ALTER TABLE public.wagtail_localize_translationcontext ALTER COLUMN id ADD GENERATED BY DEFAULT AS IDENTITY (
    SEQUENCE NAME public.wagtail_localize_translationcontext_id_seq
    START WITH 1
    INCREMENT BY 1
    NO MINVALUE
    NO MAXVALUE
    CACHE 1
);


--
-- Name: wagtail_localize_translationlog; Type: TABLE; Schema: public; Owner: wagtailvillage
--

CREATE TABLE public.wagtail_localize_translationlog (
    id integer NOT NULL,
    created_at timestamp with time zone NOT NULL,
    locale_id integer NOT NULL,
    revision_id integer,
    source_id integer NOT NULL
);


ALTER TABLE public.wagtail_localize_translationlog OWNER TO wagtailvillage;

--
-- Name: wagtail_localize_translationlog_id_seq; Type: SEQUENCE; Schema: public; Owner: wagtailvillage
--

ALTER TABLE public.wagtail_localize_translationlog ALTER COLUMN id ADD GENERATED BY DEFAULT AS IDENTITY (
    SEQUENCE NAME public.wagtail_localize_translationlog_id_seq
    START WITH 1
    INCREMENT BY 1
    NO MINVALUE
    NO MAXVALUE
    CACHE 1
);


--
-- Name: wagtail_localize_translationsource; Type: TABLE; Schema: public; Owner: wagtailvillage
--

CREATE TABLE public.wagtail_localize_translationsource (
    id integer NOT NULL,
    object_repr text NOT NULL,
    content_json text NOT NULL,
    created_at timestamp with time zone NOT NULL,
    locale_id integer NOT NULL,
    object_id uuid NOT NULL,
    specific_content_type_id integer NOT NULL,
    last_updated_at timestamp with time zone NOT NULL,
    schema_version character varying(255) NOT NULL
);


ALTER TABLE public.wagtail_localize_translationsource OWNER TO wagtailvillage;

--
-- Name: wagtail_localize_translationsource_id_seq; Type: SEQUENCE; Schema: public; Owner: wagtailvillage
--

ALTER TABLE public.wagtail_localize_translationsource ALTER COLUMN id ADD GENERATED BY DEFAULT AS IDENTITY (
    SEQUENCE NAME public.wagtail_localize_translationsource_id_seq
    START WITH 1
    INCREMENT BY 1
    NO MINVALUE
    NO MAXVALUE
    CACHE 1
);


--
-- Name: sites_faciles_analyticssettings; Type: TABLE; Schema: public; Owner: wagtailvillage
--

CREATE TABLE public.sites_faciles_analyticssettings (
    id bigint NOT NULL,
    head_scripts text,
    body_scripts text,
    site_id integer NOT NULL
);


ALTER TABLE public.sites_faciles_analyticssettings OWNER TO wagtailvillage;

--
-- Name: sites_faciles_analyticssettings_id_seq; Type: SEQUENCE; Schema: public; Owner: wagtailvillage
--

ALTER TABLE public.sites_faciles_analyticssettings ALTER COLUMN id ADD GENERATED BY DEFAULT AS IDENTITY (
    SEQUENCE NAME public.sites_faciles_analyticssettings_id_seq
    START WITH 1
    INCREMENT BY 1
    NO MINVALUE
    NO MAXVALUE
    CACHE 1
);


--
-- Name: sites_faciles_contentpage; Type: TABLE; Schema: public; Owner: wagtailvillage
--

CREATE TABLE public.sites_faciles_contentpage (
    page_ptr_id integer NOT NULL,
    body jsonb NOT NULL,
    header_with_title boolean NOT NULL,
    header_color_class character varying,
    header_large boolean NOT NULL,
    header_darken boolean NOT NULL,
    header_cta_text character varying,
    header_cta_label character varying,
    header_cta_link character varying(200),
    header_image_id integer
);


ALTER TABLE public.sites_faciles_contentpage OWNER TO wagtailvillage;

--
-- Name: sites_faciles_formfield; Type: TABLE; Schema: public; Owner: wagtailvillage
--

CREATE TABLE public.sites_faciles_formfield (
    id bigint NOT NULL,
    sort_order integer,
    clean_name character varying(255) NOT NULL,
    label character varying(255) NOT NULL,
    field_type character varying(16) NOT NULL,
    required boolean NOT NULL,
    choices text NOT NULL,
    default_value text NOT NULL,
    help_text character varying(255) NOT NULL,
    page_id integer NOT NULL
);


ALTER TABLE public.sites_faciles_formfield OWNER TO wagtailvillage;

--
-- Name: sites_faciles_formfield_id_seq; Type: SEQUENCE; Schema: public; Owner: wagtailvillage
--

ALTER TABLE public.sites_faciles_formfield ALTER COLUMN id ADD GENERATED BY DEFAULT AS IDENTITY (
    SEQUENCE NAME public.sites_faciles_formfield_id_seq
    START WITH 1
    INCREMENT BY 1
    NO MINVALUE
    NO MAXVALUE
    CACHE 1
);


--
-- Name: sites_faciles_formpage; Type: TABLE; Schema: public; Owner: wagtailvillage
--

CREATE TABLE public.sites_faciles_formpage (
    page_ptr_id integer NOT NULL,
    to_address character varying(255) NOT NULL,
    from_address character varying(255) NOT NULL,
    subject character varying(255) NOT NULL,
    intro text NOT NULL,
    thank_you_text text NOT NULL
);


ALTER TABLE public.sites_faciles_formpage OWNER TO wagtailvillage;

--
-- Name: sites_faciles_megamenu; Type: TABLE; Schema: public; Owner: wagtailvillage
--

CREATE TABLE public.sites_faciles_megamenu (
    id bigint NOT NULL,
    name character varying(255) NOT NULL,
    description text NOT NULL,
    main_link character varying(200),
    parent_menu_item_id integer NOT NULL
);


ALTER TABLE public.sites_faciles_megamenu OWNER TO wagtailvillage;

--
-- Name: sites_faciles_megamenu_id_seq; Type: SEQUENCE; Schema: public; Owner: wagtailvillage
--

ALTER TABLE public.sites_faciles_megamenu ALTER COLUMN id ADD GENERATED BY DEFAULT AS IDENTITY (
    SEQUENCE NAME public.sites_faciles_megamenu_id_seq
    START WITH 1
    INCREMENT BY 1
    NO MINVALUE
    NO MAXVALUE
    CACHE 1
);


--
-- Name: sites_faciles_megamenucategory; Type: TABLE; Schema: public; Owner: wagtailvillage
--

CREATE TABLE public.sites_faciles_megamenucategory (
    id bigint NOT NULL,
    sort_order integer,
    category_id integer NOT NULL,
    mega_menu_id bigint NOT NULL
);


ALTER TABLE public.sites_faciles_megamenucategory OWNER TO wagtailvillage;

--
-- Name: sites_faciles_megamenucategory_id_seq; Type: SEQUENCE; Schema: public; Owner: wagtailvillage
--

ALTER TABLE public.sites_faciles_megamenucategory ALTER COLUMN id ADD GENERATED BY DEFAULT AS IDENTITY (
    SEQUENCE NAME public.sites_faciles_megamenucategory_id_seq
    START WITH 1
    INCREMENT BY 1
    NO MINVALUE
    NO MAXVALUE
    CACHE 1
);


--
-- Name: sites_faciles_socialmediaitem; Type: TABLE; Schema: public; Owner: wagtailvillage
--

CREATE TABLE public.sites_faciles_socialmediaitem (
    id bigint NOT NULL,
    sort_order integer,
    title character varying(200) NOT NULL,
    url character varying(200) NOT NULL,
    icon_class character varying(200) NOT NULL,
    site_config_id bigint NOT NULL
);


ALTER TABLE public.sites_faciles_socialmediaitem OWNER TO wagtailvillage;

--
-- Name: sites_faciles_socialmediaitem_id_seq; Type: SEQUENCE; Schema: public; Owner: wagtailvillage
--

ALTER TABLE public.sites_faciles_socialmediaitem ALTER COLUMN id ADD GENERATED BY DEFAULT AS IDENTITY (
    SEQUENCE NAME public.sites_faciles_socialmediaitem_id_seq
    START WITH 1
    INCREMENT BY 1
    NO MINVALUE
    NO MAXVALUE
    CACHE 1
);


--
-- Name: sites_faciles_tagcontentpage; Type: TABLE; Schema: public; Owner: wagtailvillage
--

CREATE TABLE public.sites_faciles_tagcontentpage (
    id bigint NOT NULL,
    content_object_id integer NOT NULL,
    tag_id integer NOT NULL
);


ALTER TABLE public.sites_faciles_tagcontentpage OWNER TO wagtailvillage;

--
-- Name: sites_faciles_tagcontentpage_id_seq; Type: SEQUENCE; Schema: public; Owner: wagtailvillage
--

ALTER TABLE public.sites_faciles_tagcontentpage ALTER COLUMN id ADD GENERATED BY DEFAULT AS IDENTITY (
    SEQUENCE NAME public.sites_faciles_tagcontentpage_id_seq
    START WITH 1
    INCREMENT BY 1
    NO MINVALUE
    NO MAXVALUE
    CACHE 1
);


--
-- Name: sites_faciles_wagtailvillageconfig; Type: TABLE; Schema: public; Owner: wagtailvillage
--

CREATE TABLE public.sites_faciles_wagtailvillageconfig (
    djangovillageconfig_ptr_id bigint NOT NULL,
    footer_description_wagtail text NOT NULL,
    search_bar boolean NOT NULL,
    theme_modale_button boolean NOT NULL,
    site_id integer NOT NULL
);


ALTER TABLE public.sites_faciles_wagtailvillageconfig OWNER TO wagtailvillage;

--
-- Name: wagtailadmin_admin; Type: TABLE; Schema: public; Owner: wagtailvillage
--

CREATE TABLE public.wagtailadmin_admin (
    id integer NOT NULL
);


ALTER TABLE public.wagtailadmin_admin OWNER TO wagtailvillage;

--
-- Name: wagtailadmin_admin_id_seq; Type: SEQUENCE; Schema: public; Owner: wagtailvillage
--

ALTER TABLE public.wagtailadmin_admin ALTER COLUMN id ADD GENERATED BY DEFAULT AS IDENTITY (
    SEQUENCE NAME public.wagtailadmin_admin_id_seq
    START WITH 1
    INCREMENT BY 1
    NO MINVALUE
    NO MAXVALUE
    CACHE 1
);


--
-- Name: wagtailcore_collection; Type: TABLE; Schema: public; Owner: wagtailvillage
--

CREATE TABLE public.wagtailcore_collection (
    id integer NOT NULL,
    path character varying(255) NOT NULL COLLATE pg_catalog."C",
    depth integer NOT NULL,
    numchild integer NOT NULL,
    name character varying(255) NOT NULL,
    CONSTRAINT wagtailcore_collection_depth_check CHECK ((depth >= 0)),
    CONSTRAINT wagtailcore_collection_numchild_check CHECK ((numchild >= 0))
);


ALTER TABLE public.wagtailcore_collection OWNER TO wagtailvillage;

--
-- Name: wagtailcore_collection_id_seq; Type: SEQUENCE; Schema: public; Owner: wagtailvillage
--

ALTER TABLE public.wagtailcore_collection ALTER COLUMN id ADD GENERATED BY DEFAULT AS IDENTITY (
    SEQUENCE NAME public.wagtailcore_collection_id_seq
    START WITH 1
    INCREMENT BY 1
    NO MINVALUE
    NO MAXVALUE
    CACHE 1
);


--
-- Name: wagtailcore_collectionviewrestriction; Type: TABLE; Schema: public; Owner: wagtailvillage
--

CREATE TABLE public.wagtailcore_collectionviewrestriction (
    id integer NOT NULL,
    restriction_type character varying(20) NOT NULL,
    password character varying(255) NOT NULL,
    collection_id integer NOT NULL
);


ALTER TABLE public.wagtailcore_collectionviewrestriction OWNER TO wagtailvillage;

--
-- Name: wagtailcore_collectionviewrestriction_groups; Type: TABLE; Schema: public; Owner: wagtailvillage
--

CREATE TABLE public.wagtailcore_collectionviewrestriction_groups (
    id integer NOT NULL,
    collectionviewrestriction_id integer NOT NULL,
    group_id integer NOT NULL
);


ALTER TABLE public.wagtailcore_collectionviewrestriction_groups OWNER TO wagtailvillage;

--
-- Name: wagtailcore_collectionviewrestriction_groups_id_seq; Type: SEQUENCE; Schema: public; Owner: wagtailvillage
--

ALTER TABLE public.wagtailcore_collectionviewrestriction_groups ALTER COLUMN id ADD GENERATED BY DEFAULT AS IDENTITY (
    SEQUENCE NAME public.wagtailcore_collectionviewrestriction_groups_id_seq
    START WITH 1
    INCREMENT BY 1
    NO MINVALUE
    NO MAXVALUE
    CACHE 1
);


--
-- Name: wagtailcore_collectionviewrestriction_id_seq; Type: SEQUENCE; Schema: public; Owner: wagtailvillage
--

ALTER TABLE public.wagtailcore_collectionviewrestriction ALTER COLUMN id ADD GENERATED BY DEFAULT AS IDENTITY (
    SEQUENCE NAME public.wagtailcore_collectionviewrestriction_id_seq
    START WITH 1
    INCREMENT BY 1
    NO MINVALUE
    NO MAXVALUE
    CACHE 1
);


--
-- Name: wagtailcore_comment; Type: TABLE; Schema: public; Owner: wagtailvillage
--

CREATE TABLE public.wagtailcore_comment (
    id integer NOT NULL,
    text text NOT NULL,
    contentpath text NOT NULL,
    "position" text NOT NULL,
    created_at timestamp with time zone NOT NULL,
    updated_at timestamp with time zone NOT NULL,
    resolved_at timestamp with time zone,
    page_id integer NOT NULL,
    resolved_by_id integer,
    revision_created_id integer,
    user_id integer NOT NULL
);


ALTER TABLE public.wagtailcore_comment OWNER TO wagtailvillage;

--
-- Name: wagtailcore_comment_id_seq; Type: SEQUENCE; Schema: public; Owner: wagtailvillage
--

ALTER TABLE public.wagtailcore_comment ALTER COLUMN id ADD GENERATED BY DEFAULT AS IDENTITY (
    SEQUENCE NAME public.wagtailcore_comment_id_seq
    START WITH 1
    INCREMENT BY 1
    NO MINVALUE
    NO MAXVALUE
    CACHE 1
);


--
-- Name: wagtailcore_commentreply; Type: TABLE; Schema: public; Owner: wagtailvillage
--

CREATE TABLE public.wagtailcore_commentreply (
    id integer NOT NULL,
    text text NOT NULL,
    created_at timestamp with time zone NOT NULL,
    updated_at timestamp with time zone NOT NULL,
    comment_id integer NOT NULL,
    user_id integer NOT NULL
);


ALTER TABLE public.wagtailcore_commentreply OWNER TO wagtailvillage;

--
-- Name: wagtailcore_commentreply_id_seq; Type: SEQUENCE; Schema: public; Owner: wagtailvillage
--

ALTER TABLE public.wagtailcore_commentreply ALTER COLUMN id ADD GENERATED BY DEFAULT AS IDENTITY (
    SEQUENCE NAME public.wagtailcore_commentreply_id_seq
    START WITH 1
    INCREMENT BY 1
    NO MINVALUE
    NO MAXVALUE
    CACHE 1
);


--
-- Name: wagtailcore_groupapprovaltask; Type: TABLE; Schema: public; Owner: wagtailvillage
--

CREATE TABLE public.wagtailcore_groupapprovaltask (
    task_ptr_id integer NOT NULL
);


ALTER TABLE public.wagtailcore_groupapprovaltask OWNER TO wagtailvillage;

--
-- Name: wagtailcore_groupapprovaltask_groups; Type: TABLE; Schema: public; Owner: wagtailvillage
--

CREATE TABLE public.wagtailcore_groupapprovaltask_groups (
    id integer NOT NULL,
    groupapprovaltask_id integer NOT NULL,
    group_id integer NOT NULL
);


ALTER TABLE public.wagtailcore_groupapprovaltask_groups OWNER TO wagtailvillage;

--
-- Name: wagtailcore_groupapprovaltask_groups_id_seq; Type: SEQUENCE; Schema: public; Owner: wagtailvillage
--

ALTER TABLE public.wagtailcore_groupapprovaltask_groups ALTER COLUMN id ADD GENERATED BY DEFAULT AS IDENTITY (
    SEQUENCE NAME public.wagtailcore_groupapprovaltask_groups_id_seq
    START WITH 1
    INCREMENT BY 1
    NO MINVALUE
    NO MAXVALUE
    CACHE 1
);


--
-- Name: wagtailcore_groupcollectionpermission; Type: TABLE; Schema: public; Owner: wagtailvillage
--

CREATE TABLE public.wagtailcore_groupcollectionpermission (
    id integer NOT NULL,
    collection_id integer NOT NULL,
    group_id integer NOT NULL,
    permission_id integer NOT NULL
);


ALTER TABLE public.wagtailcore_groupcollectionpermission OWNER TO wagtailvillage;

--
-- Name: wagtailcore_groupcollectionpermission_id_seq; Type: SEQUENCE; Schema: public; Owner: wagtailvillage
--

ALTER TABLE public.wagtailcore_groupcollectionpermission ALTER COLUMN id ADD GENERATED BY DEFAULT AS IDENTITY (
    SEQUENCE NAME public.wagtailcore_groupcollectionpermission_id_seq
    START WITH 1
    INCREMENT BY 1
    NO MINVALUE
    NO MAXVALUE
    CACHE 1
);


--
-- Name: wagtailcore_grouppagepermission; Type: TABLE; Schema: public; Owner: wagtailvillage
--

CREATE TABLE public.wagtailcore_grouppagepermission (
    id integer NOT NULL,
    group_id integer NOT NULL,
    page_id integer NOT NULL,
    permission_id integer NOT NULL
);


ALTER TABLE public.wagtailcore_grouppagepermission OWNER TO wagtailvillage;

--
-- Name: wagtailcore_grouppagepermission_id_seq; Type: SEQUENCE; Schema: public; Owner: wagtailvillage
--

ALTER TABLE public.wagtailcore_grouppagepermission ALTER COLUMN id ADD GENERATED BY DEFAULT AS IDENTITY (
    SEQUENCE NAME public.wagtailcore_grouppagepermission_id_seq
    START WITH 1
    INCREMENT BY 1
    NO MINVALUE
    NO MAXVALUE
    CACHE 1
);


--
-- Name: wagtailcore_locale; Type: TABLE; Schema: public; Owner: wagtailvillage
--

CREATE TABLE public.wagtailcore_locale (
    id integer NOT NULL,
    language_code character varying(100) NOT NULL
);


ALTER TABLE public.wagtailcore_locale OWNER TO wagtailvillage;

--
-- Name: wagtailcore_locale_id_seq; Type: SEQUENCE; Schema: public; Owner: wagtailvillage
--

ALTER TABLE public.wagtailcore_locale ALTER COLUMN id ADD GENERATED BY DEFAULT AS IDENTITY (
    SEQUENCE NAME public.wagtailcore_locale_id_seq
    START WITH 1
    INCREMENT BY 1
    NO MINVALUE
    NO MAXVALUE
    CACHE 1
);


--
-- Name: wagtailcore_modellogentry; Type: TABLE; Schema: public; Owner: wagtailvillage
--

CREATE TABLE public.wagtailcore_modellogentry (
    id integer NOT NULL,
    label text NOT NULL,
    action character varying(255) NOT NULL,
    data jsonb NOT NULL,
    "timestamp" timestamp with time zone NOT NULL,
    content_changed boolean NOT NULL,
    deleted boolean NOT NULL,
    object_id character varying(255) NOT NULL,
    content_type_id integer,
    user_id integer,
    uuid uuid,
    revision_id integer
);


ALTER TABLE public.wagtailcore_modellogentry OWNER TO wagtailvillage;

--
-- Name: wagtailcore_modellogentry_id_seq; Type: SEQUENCE; Schema: public; Owner: wagtailvillage
--

ALTER TABLE public.wagtailcore_modellogentry ALTER COLUMN id ADD GENERATED BY DEFAULT AS IDENTITY (
    SEQUENCE NAME public.wagtailcore_modellogentry_id_seq
    START WITH 1
    INCREMENT BY 1
    NO MINVALUE
    NO MAXVALUE
    CACHE 1
);


--
-- Name: wagtailcore_page; Type: TABLE; Schema: public; Owner: wagtailvillage
--

CREATE TABLE public.wagtailcore_page (
    id integer NOT NULL,
    path character varying(255) NOT NULL COLLATE pg_catalog."C",
    depth integer NOT NULL,
    numchild integer NOT NULL,
    title character varying(255) NOT NULL,
    slug character varying(255) NOT NULL,
    live boolean NOT NULL,
    has_unpublished_changes boolean NOT NULL,
    url_path text NOT NULL,
    seo_title character varying(255) NOT NULL,
    show_in_menus boolean NOT NULL,
    search_description text NOT NULL,
    go_live_at timestamp with time zone,
    expire_at timestamp with time zone,
    expired boolean NOT NULL,
    content_type_id integer NOT NULL,
    owner_id integer,
    locked boolean NOT NULL,
    latest_revision_created_at timestamp with time zone,
    first_published_at timestamp with time zone,
    live_revision_id integer,
    last_published_at timestamp with time zone,
    draft_title character varying(255) NOT NULL,
    locked_at timestamp with time zone,
    locked_by_id integer,
    translation_key uuid NOT NULL,
    locale_id integer NOT NULL,
    alias_of_id integer,
    latest_revision_id integer,
    CONSTRAINT wagtailcore_page_depth_check CHECK ((depth >= 0)),
    CONSTRAINT wagtailcore_page_numchild_check CHECK ((numchild >= 0))
);


ALTER TABLE public.wagtailcore_page OWNER TO wagtailvillage;

--
-- Name: wagtailcore_page_id_seq; Type: SEQUENCE; Schema: public; Owner: wagtailvillage
--

ALTER TABLE public.wagtailcore_page ALTER COLUMN id ADD GENERATED BY DEFAULT AS IDENTITY (
    SEQUENCE NAME public.wagtailcore_page_id_seq
    START WITH 1
    INCREMENT BY 1
    NO MINVALUE
    NO MAXVALUE
    CACHE 1
);


--
-- Name: wagtailcore_pagelogentry; Type: TABLE; Schema: public; Owner: wagtailvillage
--

CREATE TABLE public.wagtailcore_pagelogentry (
    id integer NOT NULL,
    label text NOT NULL,
    action character varying(255) NOT NULL,
    data jsonb NOT NULL,
    "timestamp" timestamp with time zone NOT NULL,
    content_changed boolean NOT NULL,
    deleted boolean NOT NULL,
    content_type_id integer,
    page_id integer NOT NULL,
    revision_id integer,
    user_id integer,
    uuid uuid
);


ALTER TABLE public.wagtailcore_pagelogentry OWNER TO wagtailvillage;

--
-- Name: wagtailcore_pagelogentry_id_seq; Type: SEQUENCE; Schema: public; Owner: wagtailvillage
--

ALTER TABLE public.wagtailcore_pagelogentry ALTER COLUMN id ADD GENERATED BY DEFAULT AS IDENTITY (
    SEQUENCE NAME public.wagtailcore_pagelogentry_id_seq
    START WITH 1
    INCREMENT BY 1
    NO MINVALUE
    NO MAXVALUE
    CACHE 1
);


--
-- Name: wagtailcore_revision; Type: TABLE; Schema: public; Owner: wagtailvillage
--

CREATE TABLE public.wagtailcore_revision (
    id integer NOT NULL,
    created_at timestamp with time zone NOT NULL,
    content jsonb NOT NULL,
    approved_go_live_at timestamp with time zone,
    object_id character varying(255) NOT NULL,
    user_id integer,
    content_type_id integer NOT NULL,
    base_content_type_id integer NOT NULL,
    object_str text NOT NULL
);


ALTER TABLE public.wagtailcore_revision OWNER TO wagtailvillage;

--
-- Name: wagtailcore_pagerevision_id_seq; Type: SEQUENCE; Schema: public; Owner: wagtailvillage
--

ALTER TABLE public.wagtailcore_revision ALTER COLUMN id ADD GENERATED BY DEFAULT AS IDENTITY (
    SEQUENCE NAME public.wagtailcore_pagerevision_id_seq
    START WITH 1
    INCREMENT BY 1
    NO MINVALUE
    NO MAXVALUE
    CACHE 1
);


--
-- Name: wagtailcore_pagesubscription; Type: TABLE; Schema: public; Owner: wagtailvillage
--

CREATE TABLE public.wagtailcore_pagesubscription (
    id integer NOT NULL,
    comment_notifications boolean NOT NULL,
    page_id integer NOT NULL,
    user_id integer NOT NULL
);


ALTER TABLE public.wagtailcore_pagesubscription OWNER TO wagtailvillage;

--
-- Name: wagtailcore_pagesubscription_id_seq; Type: SEQUENCE; Schema: public; Owner: wagtailvillage
--

ALTER TABLE public.wagtailcore_pagesubscription ALTER COLUMN id ADD GENERATED BY DEFAULT AS IDENTITY (
    SEQUENCE NAME public.wagtailcore_pagesubscription_id_seq
    START WITH 1
    INCREMENT BY 1
    NO MINVALUE
    NO MAXVALUE
    CACHE 1
);


--
-- Name: wagtailcore_pageviewrestriction; Type: TABLE; Schema: public; Owner: wagtailvillage
--

CREATE TABLE public.wagtailcore_pageviewrestriction (
    id integer NOT NULL,
    password character varying(255) NOT NULL,
    page_id integer NOT NULL,
    restriction_type character varying(20) NOT NULL
);


ALTER TABLE public.wagtailcore_pageviewrestriction OWNER TO wagtailvillage;

--
-- Name: wagtailcore_pageviewrestriction_groups; Type: TABLE; Schema: public; Owner: wagtailvillage
--

CREATE TABLE public.wagtailcore_pageviewrestriction_groups (
    id integer NOT NULL,
    pageviewrestriction_id integer NOT NULL,
    group_id integer NOT NULL
);


ALTER TABLE public.wagtailcore_pageviewrestriction_groups OWNER TO wagtailvillage;

--
-- Name: wagtailcore_pageviewrestriction_groups_id_seq; Type: SEQUENCE; Schema: public; Owner: wagtailvillage
--

ALTER TABLE public.wagtailcore_pageviewrestriction_groups ALTER COLUMN id ADD GENERATED BY DEFAULT AS IDENTITY (
    SEQUENCE NAME public.wagtailcore_pageviewrestriction_groups_id_seq
    START WITH 1
    INCREMENT BY 1
    NO MINVALUE
    NO MAXVALUE
    CACHE 1
);


--
-- Name: wagtailcore_pageviewrestriction_id_seq; Type: SEQUENCE; Schema: public; Owner: wagtailvillage
--

ALTER TABLE public.wagtailcore_pageviewrestriction ALTER COLUMN id ADD GENERATED BY DEFAULT AS IDENTITY (
    SEQUENCE NAME public.wagtailcore_pageviewrestriction_id_seq
    START WITH 1
    INCREMENT BY 1
    NO MINVALUE
    NO MAXVALUE
    CACHE 1
);


--
-- Name: wagtailcore_referenceindex; Type: TABLE; Schema: public; Owner: wagtailvillage
--

CREATE TABLE public.wagtailcore_referenceindex (
    id integer NOT NULL,
    object_id character varying(255) NOT NULL,
    to_object_id character varying(255) NOT NULL,
    model_path text NOT NULL,
    content_path text NOT NULL,
    content_path_hash uuid NOT NULL,
    base_content_type_id integer NOT NULL,
    content_type_id integer NOT NULL,
    to_content_type_id integer NOT NULL
);


ALTER TABLE public.wagtailcore_referenceindex OWNER TO wagtailvillage;

--
-- Name: wagtailcore_referenceindex_id_seq; Type: SEQUENCE; Schema: public; Owner: wagtailvillage
--

ALTER TABLE public.wagtailcore_referenceindex ALTER COLUMN id ADD GENERATED BY DEFAULT AS IDENTITY (
    SEQUENCE NAME public.wagtailcore_referenceindex_id_seq
    START WITH 1
    INCREMENT BY 1
    NO MINVALUE
    NO MAXVALUE
    CACHE 1
);


--
-- Name: wagtailcore_site; Type: TABLE; Schema: public; Owner: wagtailvillage
--

CREATE TABLE public.wagtailcore_site (
    id integer NOT NULL,
    hostname character varying(255) NOT NULL,
    port integer NOT NULL,
    is_default_site boolean NOT NULL,
    root_page_id integer NOT NULL,
    site_name character varying(255) NOT NULL
);


ALTER TABLE public.wagtailcore_site OWNER TO wagtailvillage;

--
-- Name: wagtailcore_site_id_seq; Type: SEQUENCE; Schema: public; Owner: wagtailvillage
--

ALTER TABLE public.wagtailcore_site ALTER COLUMN id ADD GENERATED BY DEFAULT AS IDENTITY (
    SEQUENCE NAME public.wagtailcore_site_id_seq
    START WITH 1
    INCREMENT BY 1
    NO MINVALUE
    NO MAXVALUE
    CACHE 1
);


--
-- Name: wagtailcore_task; Type: TABLE; Schema: public; Owner: wagtailvillage
--

CREATE TABLE public.wagtailcore_task (
    id integer NOT NULL,
    name character varying(255) NOT NULL,
    active boolean NOT NULL,
    content_type_id integer NOT NULL
);


ALTER TABLE public.wagtailcore_task OWNER TO wagtailvillage;

--
-- Name: wagtailcore_task_id_seq; Type: SEQUENCE; Schema: public; Owner: wagtailvillage
--

ALTER TABLE public.wagtailcore_task ALTER COLUMN id ADD GENERATED BY DEFAULT AS IDENTITY (
    SEQUENCE NAME public.wagtailcore_task_id_seq
    START WITH 1
    INCREMENT BY 1
    NO MINVALUE
    NO MAXVALUE
    CACHE 1
);


--
-- Name: wagtailcore_taskstate; Type: TABLE; Schema: public; Owner: wagtailvillage
--

CREATE TABLE public.wagtailcore_taskstate (
    id integer NOT NULL,
    status character varying(50) NOT NULL,
    started_at timestamp with time zone NOT NULL,
    finished_at timestamp with time zone,
    content_type_id integer NOT NULL,
    revision_id integer NOT NULL,
    task_id integer NOT NULL,
    workflow_state_id integer NOT NULL,
    finished_by_id integer,
    comment text NOT NULL
);


ALTER TABLE public.wagtailcore_taskstate OWNER TO wagtailvillage;

--
-- Name: wagtailcore_taskstate_id_seq; Type: SEQUENCE; Schema: public; Owner: wagtailvillage
--

ALTER TABLE public.wagtailcore_taskstate ALTER COLUMN id ADD GENERATED BY DEFAULT AS IDENTITY (
    SEQUENCE NAME public.wagtailcore_taskstate_id_seq
    START WITH 1
    INCREMENT BY 1
    NO MINVALUE
    NO MAXVALUE
    CACHE 1
);


--
-- Name: wagtailcore_uploadedfile; Type: TABLE; Schema: public; Owner: wagtailvillage
--

CREATE TABLE public.wagtailcore_uploadedfile (
    id integer NOT NULL,
    file character varying(200) NOT NULL,
    for_content_type_id integer,
    uploaded_by_user_id integer
);


ALTER TABLE public.wagtailcore_uploadedfile OWNER TO wagtailvillage;

--
-- Name: wagtailcore_uploadedfile_id_seq; Type: SEQUENCE; Schema: public; Owner: wagtailvillage
--

ALTER TABLE public.wagtailcore_uploadedfile ALTER COLUMN id ADD GENERATED BY DEFAULT AS IDENTITY (
    SEQUENCE NAME public.wagtailcore_uploadedfile_id_seq
    START WITH 1
    INCREMENT BY 1
    NO MINVALUE
    NO MAXVALUE
    CACHE 1
);


--
-- Name: wagtailcore_workflow; Type: TABLE; Schema: public; Owner: wagtailvillage
--

CREATE TABLE public.wagtailcore_workflow (
    id integer NOT NULL,
    name character varying(255) NOT NULL,
    active boolean NOT NULL
);


ALTER TABLE public.wagtailcore_workflow OWNER TO wagtailvillage;

--
-- Name: wagtailcore_workflow_id_seq; Type: SEQUENCE; Schema: public; Owner: wagtailvillage
--

ALTER TABLE public.wagtailcore_workflow ALTER COLUMN id ADD GENERATED BY DEFAULT AS IDENTITY (
    SEQUENCE NAME public.wagtailcore_workflow_id_seq
    START WITH 1
    INCREMENT BY 1
    NO MINVALUE
    NO MAXVALUE
    CACHE 1
);


--
-- Name: wagtailcore_workflowcontenttype; Type: TABLE; Schema: public; Owner: wagtailvillage
--

CREATE TABLE public.wagtailcore_workflowcontenttype (
    content_type_id integer NOT NULL,
    workflow_id integer NOT NULL
);


ALTER TABLE public.wagtailcore_workflowcontenttype OWNER TO wagtailvillage;

--
-- Name: wagtailcore_workflowpage; Type: TABLE; Schema: public; Owner: wagtailvillage
--

CREATE TABLE public.wagtailcore_workflowpage (
    page_id integer NOT NULL,
    workflow_id integer NOT NULL
);


ALTER TABLE public.wagtailcore_workflowpage OWNER TO wagtailvillage;

--
-- Name: wagtailcore_workflowstate; Type: TABLE; Schema: public; Owner: wagtailvillage
--

CREATE TABLE public.wagtailcore_workflowstate (
    id integer NOT NULL,
    status character varying(50) NOT NULL,
    created_at timestamp with time zone NOT NULL,
    current_task_state_id integer,
    object_id character varying(255) NOT NULL,
    requested_by_id integer,
    workflow_id integer NOT NULL,
    content_type_id integer NOT NULL,
    base_content_type_id integer NOT NULL
);


ALTER TABLE public.wagtailcore_workflowstate OWNER TO wagtailvillage;

--
-- Name: wagtailcore_workflowstate_id_seq; Type: SEQUENCE; Schema: public; Owner: wagtailvillage
--

ALTER TABLE public.wagtailcore_workflowstate ALTER COLUMN id ADD GENERATED BY DEFAULT AS IDENTITY (
    SEQUENCE NAME public.wagtailcore_workflowstate_id_seq
    START WITH 1
    INCREMENT BY 1
    NO MINVALUE
    NO MAXVALUE
    CACHE 1
);


--
-- Name: wagtailcore_workflowtask; Type: TABLE; Schema: public; Owner: wagtailvillage
--

CREATE TABLE public.wagtailcore_workflowtask (
    id integer NOT NULL,
    sort_order integer,
    task_id integer NOT NULL,
    workflow_id integer NOT NULL
);


ALTER TABLE public.wagtailcore_workflowtask OWNER TO wagtailvillage;

--
-- Name: wagtailcore_workflowtask_id_seq; Type: SEQUENCE; Schema: public; Owner: wagtailvillage
--

ALTER TABLE public.wagtailcore_workflowtask ALTER COLUMN id ADD GENERATED BY DEFAULT AS IDENTITY (
    SEQUENCE NAME public.wagtailcore_workflowtask_id_seq
    START WITH 1
    INCREMENT BY 1
    NO MINVALUE
    NO MAXVALUE
    CACHE 1
);


--
-- Name: wagtaildocs_document; Type: TABLE; Schema: public; Owner: wagtailvillage
--

CREATE TABLE public.wagtaildocs_document (
    id integer NOT NULL,
    title character varying(255) NOT NULL,
    file character varying(100) NOT NULL,
    created_at timestamp with time zone NOT NULL,
    uploaded_by_user_id integer,
    collection_id integer NOT NULL,
    file_size integer,
    file_hash character varying(40) NOT NULL,
    CONSTRAINT wagtaildocs_document_file_size_check CHECK ((file_size >= 0))
);


ALTER TABLE public.wagtaildocs_document OWNER TO wagtailvillage;

--
-- Name: wagtaildocs_document_id_seq; Type: SEQUENCE; Schema: public; Owner: wagtailvillage
--

ALTER TABLE public.wagtaildocs_document ALTER COLUMN id ADD GENERATED BY DEFAULT AS IDENTITY (
    SEQUENCE NAME public.wagtaildocs_document_id_seq
    START WITH 1
    INCREMENT BY 1
    NO MINVALUE
    NO MAXVALUE
    CACHE 1
);


--
-- Name: wagtailembeds_embed; Type: TABLE; Schema: public; Owner: wagtailvillage
--

CREATE TABLE public.wagtailembeds_embed (
    id integer NOT NULL,
    url text NOT NULL,
    max_width smallint,
    type character varying(10) NOT NULL,
    html text NOT NULL,
    title text NOT NULL,
    author_name text NOT NULL,
    provider_name text NOT NULL,
    thumbnail_url text NOT NULL,
    width integer,
    height integer,
    last_updated timestamp with time zone NOT NULL,
    hash character varying(32) NOT NULL,
    cache_until timestamp with time zone
);


ALTER TABLE public.wagtailembeds_embed OWNER TO wagtailvillage;

--
-- Name: wagtailembeds_embed_id_seq; Type: SEQUENCE; Schema: public; Owner: wagtailvillage
--

ALTER TABLE public.wagtailembeds_embed ALTER COLUMN id ADD GENERATED BY DEFAULT AS IDENTITY (
    SEQUENCE NAME public.wagtailembeds_embed_id_seq
    START WITH 1
    INCREMENT BY 1
    NO MINVALUE
    NO MAXVALUE
    CACHE 1
);


--
-- Name: wagtailforms_formsubmission; Type: TABLE; Schema: public; Owner: wagtailvillage
--

CREATE TABLE public.wagtailforms_formsubmission (
    id integer NOT NULL,
    form_data jsonb NOT NULL,
    submit_time timestamp with time zone NOT NULL,
    page_id integer NOT NULL
);


ALTER TABLE public.wagtailforms_formsubmission OWNER TO wagtailvillage;

--
-- Name: wagtailforms_formsubmission_id_seq; Type: SEQUENCE; Schema: public; Owner: wagtailvillage
--

ALTER TABLE public.wagtailforms_formsubmission ALTER COLUMN id ADD GENERATED BY DEFAULT AS IDENTITY (
    SEQUENCE NAME public.wagtailforms_formsubmission_id_seq
    START WITH 1
    INCREMENT BY 1
    NO MINVALUE
    NO MAXVALUE
    CACHE 1
);


--
-- Name: wagtailimages_image; Type: TABLE; Schema: public; Owner: wagtailvillage
--

CREATE TABLE public.wagtailimages_image (
    id integer NOT NULL,
    title character varying(255) NOT NULL,
    file character varying(100) NOT NULL,
    width integer NOT NULL,
    height integer NOT NULL,
    created_at timestamp with time zone NOT NULL,
    focal_point_x integer,
    focal_point_y integer,
    focal_point_width integer,
    focal_point_height integer,
    uploaded_by_user_id integer,
    file_size integer,
    collection_id integer NOT NULL,
    file_hash character varying(40) NOT NULL,
    CONSTRAINT wagtailimages_image_file_size_check CHECK ((file_size >= 0)),
    CONSTRAINT wagtailimages_image_focal_point_height_check CHECK ((focal_point_height >= 0)),
    CONSTRAINT wagtailimages_image_focal_point_width_check CHECK ((focal_point_width >= 0)),
    CONSTRAINT wagtailimages_image_focal_point_x_check CHECK ((focal_point_x >= 0)),
    CONSTRAINT wagtailimages_image_focal_point_y_check CHECK ((focal_point_y >= 0))
);


ALTER TABLE public.wagtailimages_image OWNER TO wagtailvillage;

--
-- Name: wagtailimages_image_id_seq; Type: SEQUENCE; Schema: public; Owner: wagtailvillage
--

ALTER TABLE public.wagtailimages_image ALTER COLUMN id ADD GENERATED BY DEFAULT AS IDENTITY (
    SEQUENCE NAME public.wagtailimages_image_id_seq
    START WITH 1
    INCREMENT BY 1
    NO MINVALUE
    NO MAXVALUE
    CACHE 1
);


--
-- Name: wagtailimages_rendition; Type: TABLE; Schema: public; Owner: wagtailvillage
--

CREATE TABLE public.wagtailimages_rendition (
    id integer NOT NULL,
    file character varying(100) NOT NULL,
    width integer NOT NULL,
    height integer NOT NULL,
    focal_point_key character varying(16) NOT NULL,
    filter_spec character varying(255) NOT NULL,
    image_id integer NOT NULL
);


ALTER TABLE public.wagtailimages_rendition OWNER TO wagtailvillage;

--
-- Name: wagtailimages_rendition_id_seq; Type: SEQUENCE; Schema: public; Owner: wagtailvillage
--

ALTER TABLE public.wagtailimages_rendition ALTER COLUMN id ADD GENERATED BY DEFAULT AS IDENTITY (
    SEQUENCE NAME public.wagtailimages_rendition_id_seq
    START WITH 1
    INCREMENT BY 1
    NO MINVALUE
    NO MAXVALUE
    CACHE 1
);


--
-- Name: wagtailmenus_flatmenu; Type: TABLE; Schema: public; Owner: wagtailvillage
--

CREATE TABLE public.wagtailmenus_flatmenu (
    id integer NOT NULL,
    title character varying(255) NOT NULL,
    handle character varying(100) NOT NULL,
    heading character varying(255) NOT NULL,
    site_id integer NOT NULL,
    max_levels smallint NOT NULL,
    CONSTRAINT wagtailmenus_flatmenu_max_levels_check CHECK ((max_levels >= 0))
);


ALTER TABLE public.wagtailmenus_flatmenu OWNER TO wagtailvillage;

--
-- Name: wagtailmenus_flatmenu_id_seq; Type: SEQUENCE; Schema: public; Owner: wagtailvillage
--

ALTER TABLE public.wagtailmenus_flatmenu ALTER COLUMN id ADD GENERATED BY DEFAULT AS IDENTITY (
    SEQUENCE NAME public.wagtailmenus_flatmenu_id_seq
    START WITH 1
    INCREMENT BY 1
    NO MINVALUE
    NO MAXVALUE
    CACHE 1
);


--
-- Name: wagtailmenus_flatmenuitem; Type: TABLE; Schema: public; Owner: wagtailvillage
--

CREATE TABLE public.wagtailmenus_flatmenuitem (
    id integer NOT NULL,
    sort_order integer,
    link_text character varying(255) NOT NULL,
    link_url character varying(255),
    link_page_id integer,
    menu_id integer NOT NULL,
    url_append character varying(255) NOT NULL,
    allow_subnav boolean NOT NULL,
    handle character varying(100) NOT NULL
);


ALTER TABLE public.wagtailmenus_flatmenuitem OWNER TO wagtailvillage;

--
-- Name: wagtailmenus_flatmenuitem_id_seq; Type: SEQUENCE; Schema: public; Owner: wagtailvillage
--

ALTER TABLE public.wagtailmenus_flatmenuitem ALTER COLUMN id ADD GENERATED BY DEFAULT AS IDENTITY (
    SEQUENCE NAME public.wagtailmenus_flatmenuitem_id_seq
    START WITH 1
    INCREMENT BY 1
    NO MINVALUE
    NO MAXVALUE
    CACHE 1
);


--
-- Name: wagtailmenus_mainmenu; Type: TABLE; Schema: public; Owner: wagtailvillage
--

CREATE TABLE public.wagtailmenus_mainmenu (
    id integer NOT NULL,
    site_id integer NOT NULL,
    max_levels smallint NOT NULL,
    CONSTRAINT wagtailmenus_mainmenu_max_levels_check CHECK ((max_levels >= 0))
);


ALTER TABLE public.wagtailmenus_mainmenu OWNER TO wagtailvillage;

--
-- Name: wagtailmenus_mainmenu_id_seq; Type: SEQUENCE; Schema: public; Owner: wagtailvillage
--

ALTER TABLE public.wagtailmenus_mainmenu ALTER COLUMN id ADD GENERATED BY DEFAULT AS IDENTITY (
    SEQUENCE NAME public.wagtailmenus_mainmenu_id_seq
    START WITH 1
    INCREMENT BY 1
    NO MINVALUE
    NO MAXVALUE
    CACHE 1
);


--
-- Name: wagtailmenus_mainmenuitem; Type: TABLE; Schema: public; Owner: wagtailvillage
--

CREATE TABLE public.wagtailmenus_mainmenuitem (
    id integer NOT NULL,
    sort_order integer,
    link_text character varying(255) NOT NULL,
    link_url character varying(255),
    link_page_id integer,
    menu_id integer NOT NULL,
    allow_subnav boolean NOT NULL,
    url_append character varying(255) NOT NULL,
    handle character varying(100) NOT NULL
);


ALTER TABLE public.wagtailmenus_mainmenuitem OWNER TO wagtailvillage;

--
-- Name: wagtailmenus_mainmenuitem_id_seq; Type: SEQUENCE; Schema: public; Owner: wagtailvillage
--

ALTER TABLE public.wagtailmenus_mainmenuitem ALTER COLUMN id ADD GENERATED BY DEFAULT AS IDENTITY (
    SEQUENCE NAME public.wagtailmenus_mainmenuitem_id_seq
    START WITH 1
    INCREMENT BY 1
    NO MINVALUE
    NO MAXVALUE
    CACHE 1
);


--
-- Name: wagtailredirects_redirect; Type: TABLE; Schema: public; Owner: wagtailvillage
--

CREATE TABLE public.wagtailredirects_redirect (
    id integer NOT NULL,
    old_path character varying(255) NOT NULL,
    is_permanent boolean NOT NULL,
    redirect_link character varying(255) NOT NULL,
    redirect_page_id integer,
    site_id integer,
    automatically_created boolean NOT NULL,
    created_at timestamp with time zone,
    redirect_page_route_path character varying(255) NOT NULL
);


ALTER TABLE public.wagtailredirects_redirect OWNER TO wagtailvillage;

--
-- Name: wagtailredirects_redirect_id_seq; Type: SEQUENCE; Schema: public; Owner: wagtailvillage
--

ALTER TABLE public.wagtailredirects_redirect ALTER COLUMN id ADD GENERATED BY DEFAULT AS IDENTITY (
    SEQUENCE NAME public.wagtailredirects_redirect_id_seq
    START WITH 1
    INCREMENT BY 1
    NO MINVALUE
    NO MAXVALUE
    CACHE 1
);


--
-- Name: wagtailsearch_indexentry; Type: TABLE; Schema: public; Owner: wagtailvillage
--

CREATE TABLE public.wagtailsearch_indexentry (
    id integer NOT NULL,
    object_id character varying(50) NOT NULL,
    title_norm double precision NOT NULL,
    content_type_id integer NOT NULL,
    autocomplete tsvector NOT NULL,
    title tsvector NOT NULL,
    body tsvector NOT NULL
);


ALTER TABLE public.wagtailsearch_indexentry OWNER TO wagtailvillage;

--
-- Name: wagtailsearch_indexentry_id_seq; Type: SEQUENCE; Schema: public; Owner: wagtailvillage
--

ALTER TABLE public.wagtailsearch_indexentry ALTER COLUMN id ADD GENERATED BY DEFAULT AS IDENTITY (
    SEQUENCE NAME public.wagtailsearch_indexentry_id_seq
    START WITH 1
    INCREMENT BY 1
    NO MINVALUE
    NO MAXVALUE
    CACHE 1
);


--
-- Name: wagtailusers_userprofile; Type: TABLE; Schema: public; Owner: wagtailvillage
--

CREATE TABLE public.wagtailusers_userprofile (
    id integer NOT NULL,
    submitted_notifications boolean NOT NULL,
    approved_notifications boolean NOT NULL,
    rejected_notifications boolean NOT NULL,
    user_id integer NOT NULL,
    preferred_language character varying(10) NOT NULL,
    current_time_zone character varying(40) NOT NULL,
    avatar character varying(100) NOT NULL,
    updated_comments_notifications boolean NOT NULL,
    dismissibles jsonb NOT NULL,
    theme character varying(40) NOT NULL,
    density character varying(40) NOT NULL
);


ALTER TABLE public.wagtailusers_userprofile OWNER TO wagtailvillage;

--
-- Name: wagtailusers_userprofile_id_seq; Type: SEQUENCE; Schema: public; Owner: wagtailvillage
--

ALTER TABLE public.wagtailusers_userprofile ALTER COLUMN id ADD GENERATED BY DEFAULT AS IDENTITY (
    SEQUENCE NAME public.wagtailusers_userprofile_id_seq
    START WITH 1
    INCREMENT BY 1
    NO MINVALUE
    NO MAXVALUE
    CACHE 1
);


--
-- Data for Name: auth_group; Type: TABLE DATA; Schema: public; Owner: wagtailvillage
--

INSERT INTO public.auth_group VALUES (1, 'Moderators');
INSERT INTO public.auth_group VALUES (2, 'Editors');


--
-- Data for Name: auth_group_permissions; Type: TABLE DATA; Schema: public; Owner: wagtailvillage
--

INSERT INTO public.auth_group_permissions VALUES (1, 1, 1);
INSERT INTO public.auth_group_permissions VALUES (2, 1, 2);
INSERT INTO public.auth_group_permissions VALUES (3, 1, 3);
INSERT INTO public.auth_group_permissions VALUES (4, 2, 1);
INSERT INTO public.auth_group_permissions VALUES (5, 2, 2);
INSERT INTO public.auth_group_permissions VALUES (6, 2, 3);
INSERT INTO public.auth_group_permissions VALUES (7, 1, 105);
INSERT INTO public.auth_group_permissions VALUES (8, 2, 105);
INSERT INTO public.auth_group_permissions VALUES (9, 1, 106);
INSERT INTO public.auth_group_permissions VALUES (10, 2, 106);
INSERT INTO public.auth_group_permissions VALUES (11, 1, 107);
INSERT INTO public.auth_group_permissions VALUES (12, 1, 108);
INSERT INTO public.auth_group_permissions VALUES (13, 1, 109);
INSERT INTO public.auth_group_permissions VALUES (14, 2, 107);
INSERT INTO public.auth_group_permissions VALUES (15, 2, 108);
INSERT INTO public.auth_group_permissions VALUES (16, 2, 109);
INSERT INTO public.auth_group_permissions VALUES (17, 1, 110);
INSERT INTO public.auth_group_permissions VALUES (18, 2, 110);


--
-- Data for Name: auth_permission; Type: TABLE DATA; Schema: public; Owner: wagtailvillage
--

INSERT INTO public.auth_permission VALUES (1, 'Can add image', 2, 'add_image');
INSERT INTO public.auth_permission VALUES (2, 'Can change image', 2, 'change_image');
INSERT INTO public.auth_permission VALUES (3, 'Can delete image', 2, 'delete_image');
INSERT INTO public.auth_permission VALUES (4, 'Can choose image', 2, 'choose_image');
INSERT INTO public.auth_permission VALUES (5, 'Can add locale', 4, 'add_locale');
INSERT INTO public.auth_permission VALUES (6, 'Can change locale', 4, 'change_locale');
INSERT INTO public.auth_permission VALUES (7, 'Can delete locale', 4, 'delete_locale');
INSERT INTO public.auth_permission VALUES (8, 'Can view locale', 4, 'view_locale');
INSERT INTO public.auth_permission VALUES (9, 'Can add site', 5, 'add_site');
INSERT INTO public.auth_permission VALUES (10, 'Can change site', 5, 'change_site');
INSERT INTO public.auth_permission VALUES (11, 'Can delete site', 5, 'delete_site');
INSERT INTO public.auth_permission VALUES (12, 'Can view site', 5, 'view_site');
INSERT INTO public.auth_permission VALUES (13, 'Can add model log entry', 6, 'add_modellogentry');
INSERT INTO public.auth_permission VALUES (14, 'Can change model log entry', 6, 'change_modellogentry');
INSERT INTO public.auth_permission VALUES (15, 'Can delete model log entry', 6, 'delete_modellogentry');
INSERT INTO public.auth_permission VALUES (16, 'Can view model log entry', 6, 'view_modellogentry');
INSERT INTO public.auth_permission VALUES (17, 'Can add collection view restriction', 7, 'add_collectionviewrestriction');
INSERT INTO public.auth_permission VALUES (18, 'Can change collection view restriction', 7, 'change_collectionviewrestriction');
INSERT INTO public.auth_permission VALUES (19, 'Can delete collection view restriction', 7, 'delete_collectionviewrestriction');
INSERT INTO public.auth_permission VALUES (20, 'Can view collection view restriction', 7, 'view_collectionviewrestriction');
INSERT INTO public.auth_permission VALUES (21, 'Can add collection', 8, 'add_collection');
INSERT INTO public.auth_permission VALUES (22, 'Can change collection', 8, 'change_collection');
INSERT INTO public.auth_permission VALUES (23, 'Can delete collection', 8, 'delete_collection');
INSERT INTO public.auth_permission VALUES (24, 'Can view collection', 8, 'view_collection');
INSERT INTO public.auth_permission VALUES (25, 'Can add group collection permission', 9, 'add_groupcollectionpermission');
INSERT INTO public.auth_permission VALUES (26, 'Can change group collection permission', 9, 'change_groupcollectionpermission');
INSERT INTO public.auth_permission VALUES (27, 'Can delete group collection permission', 9, 'delete_groupcollectionpermission');
INSERT INTO public.auth_permission VALUES (28, 'Can view group collection permission', 9, 'view_groupcollectionpermission');
INSERT INTO public.auth_permission VALUES (29, 'Can add uploaded file', 10, 'add_uploadedfile');
INSERT INTO public.auth_permission VALUES (30, 'Can change uploaded file', 10, 'change_uploadedfile');
INSERT INTO public.auth_permission VALUES (31, 'Can delete uploaded file', 10, 'delete_uploadedfile');
INSERT INTO public.auth_permission VALUES (32, 'Can view uploaded file', 10, 'view_uploadedfile');
INSERT INTO public.auth_permission VALUES (33, 'Can add reference index', 11, 'add_referenceindex');
INSERT INTO public.auth_permission VALUES (34, 'Can change reference index', 11, 'change_referenceindex');
INSERT INTO public.auth_permission VALUES (35, 'Can delete reference index', 11, 'delete_referenceindex');
INSERT INTO public.auth_permission VALUES (36, 'Can view reference index', 11, 'view_referenceindex');
INSERT INTO public.auth_permission VALUES (37, 'Can add page', 1, 'add_page');
INSERT INTO public.auth_permission VALUES (38, 'Can change page', 1, 'change_page');
INSERT INTO public.auth_permission VALUES (39, 'Can delete page', 1, 'delete_page');
INSERT INTO public.auth_permission VALUES (40, 'Can view page', 1, 'view_page');
INSERT INTO public.auth_permission VALUES (41, 'Delete pages with children', 1, 'bulk_delete_page');
INSERT INTO public.auth_permission VALUES (42, 'Lock/unlock pages you''ve locked', 1, 'lock_page');
INSERT INTO public.auth_permission VALUES (43, 'Publish any page', 1, 'publish_page');
INSERT INTO public.auth_permission VALUES (44, 'Unlock any page', 1, 'unlock_page');
INSERT INTO public.auth_permission VALUES (45, 'Can add revision', 12, 'add_revision');
INSERT INTO public.auth_permission VALUES (46, 'Can change revision', 12, 'change_revision');
INSERT INTO public.auth_permission VALUES (47, 'Can delete revision', 12, 'delete_revision');
INSERT INTO public.auth_permission VALUES (48, 'Can view revision', 12, 'view_revision');
INSERT INTO public.auth_permission VALUES (49, 'Can add group page permission', 13, 'add_grouppagepermission');
INSERT INTO public.auth_permission VALUES (50, 'Can change group page permission', 13, 'change_grouppagepermission');
INSERT INTO public.auth_permission VALUES (51, 'Can delete group page permission', 13, 'delete_grouppagepermission');
INSERT INTO public.auth_permission VALUES (52, 'Can view group page permission', 13, 'view_grouppagepermission');
INSERT INTO public.auth_permission VALUES (53, 'Can add page view restriction', 14, 'add_pageviewrestriction');
INSERT INTO public.auth_permission VALUES (54, 'Can change page view restriction', 14, 'change_pageviewrestriction');
INSERT INTO public.auth_permission VALUES (55, 'Can delete page view restriction', 14, 'delete_pageviewrestriction');
INSERT INTO public.auth_permission VALUES (56, 'Can view page view restriction', 14, 'view_pageviewrestriction');
INSERT INTO public.auth_permission VALUES (57, 'Can add workflow page', 15, 'add_workflowpage');
INSERT INTO public.auth_permission VALUES (58, 'Can change workflow page', 15, 'change_workflowpage');
INSERT INTO public.auth_permission VALUES (59, 'Can delete workflow page', 15, 'delete_workflowpage');
INSERT INTO public.auth_permission VALUES (60, 'Can view workflow page', 15, 'view_workflowpage');
INSERT INTO public.auth_permission VALUES (61, 'Can add workflow content type', 16, 'add_workflowcontenttype');
INSERT INTO public.auth_permission VALUES (62, 'Can change workflow content type', 16, 'change_workflowcontenttype');
INSERT INTO public.auth_permission VALUES (63, 'Can delete workflow content type', 16, 'delete_workflowcontenttype');
INSERT INTO public.auth_permission VALUES (64, 'Can view workflow content type', 16, 'view_workflowcontenttype');
INSERT INTO public.auth_permission VALUES (65, 'Can add workflow task order', 17, 'add_workflowtask');
INSERT INTO public.auth_permission VALUES (66, 'Can change workflow task order', 17, 'change_workflowtask');
INSERT INTO public.auth_permission VALUES (67, 'Can delete workflow task order', 17, 'delete_workflowtask');
INSERT INTO public.auth_permission VALUES (68, 'Can view workflow task order', 17, 'view_workflowtask');
INSERT INTO public.auth_permission VALUES (69, 'Can add task', 18, 'add_task');
INSERT INTO public.auth_permission VALUES (70, 'Can change task', 18, 'change_task');
INSERT INTO public.auth_permission VALUES (71, 'Can delete task', 18, 'delete_task');
INSERT INTO public.auth_permission VALUES (72, 'Can view task', 18, 'view_task');
INSERT INTO public.auth_permission VALUES (73, 'Can add workflow', 19, 'add_workflow');
INSERT INTO public.auth_permission VALUES (74, 'Can change workflow', 19, 'change_workflow');
INSERT INTO public.auth_permission VALUES (75, 'Can delete workflow', 19, 'delete_workflow');
INSERT INTO public.auth_permission VALUES (76, 'Can view workflow', 19, 'view_workflow');
INSERT INTO public.auth_permission VALUES (77, 'Can add Group approval task', 3, 'add_groupapprovaltask');
INSERT INTO public.auth_permission VALUES (78, 'Can change Group approval task', 3, 'change_groupapprovaltask');
INSERT INTO public.auth_permission VALUES (79, 'Can delete Group approval task', 3, 'delete_groupapprovaltask');
INSERT INTO public.auth_permission VALUES (80, 'Can view Group approval task', 3, 'view_groupapprovaltask');
INSERT INTO public.auth_permission VALUES (81, 'Can add Workflow state', 20, 'add_workflowstate');
INSERT INTO public.auth_permission VALUES (82, 'Can change Workflow state', 20, 'change_workflowstate');
INSERT INTO public.auth_permission VALUES (83, 'Can delete Workflow state', 20, 'delete_workflowstate');
INSERT INTO public.auth_permission VALUES (84, 'Can view Workflow state', 20, 'view_workflowstate');
INSERT INTO public.auth_permission VALUES (85, 'Can add Task state', 21, 'add_taskstate');
INSERT INTO public.auth_permission VALUES (86, 'Can change Task state', 21, 'change_taskstate');
INSERT INTO public.auth_permission VALUES (87, 'Can delete Task state', 21, 'delete_taskstate');
INSERT INTO public.auth_permission VALUES (88, 'Can view Task state', 21, 'view_taskstate');
INSERT INTO public.auth_permission VALUES (89, 'Can add page log entry', 22, 'add_pagelogentry');
INSERT INTO public.auth_permission VALUES (90, 'Can change page log entry', 22, 'change_pagelogentry');
INSERT INTO public.auth_permission VALUES (91, 'Can delete page log entry', 22, 'delete_pagelogentry');
INSERT INTO public.auth_permission VALUES (92, 'Can view page log entry', 22, 'view_pagelogentry');
INSERT INTO public.auth_permission VALUES (93, 'Can add comment', 23, 'add_comment');
INSERT INTO public.auth_permission VALUES (94, 'Can change comment', 23, 'change_comment');
INSERT INTO public.auth_permission VALUES (95, 'Can delete comment', 23, 'delete_comment');
INSERT INTO public.auth_permission VALUES (96, 'Can view comment', 23, 'view_comment');
INSERT INTO public.auth_permission VALUES (97, 'Can add comment reply', 24, 'add_commentreply');
INSERT INTO public.auth_permission VALUES (98, 'Can change comment reply', 24, 'change_commentreply');
INSERT INTO public.auth_permission VALUES (99, 'Can delete comment reply', 24, 'delete_commentreply');
INSERT INTO public.auth_permission VALUES (100, 'Can view comment reply', 24, 'view_commentreply');
INSERT INTO public.auth_permission VALUES (101, 'Can add page subscription', 25, 'add_pagesubscription');
INSERT INTO public.auth_permission VALUES (102, 'Can change page subscription', 25, 'change_pagesubscription');
INSERT INTO public.auth_permission VALUES (103, 'Can delete page subscription', 25, 'delete_pagesubscription');
INSERT INTO public.auth_permission VALUES (104, 'Can view page subscription', 25, 'view_pagesubscription');
INSERT INTO public.auth_permission VALUES (105, 'Can submit translations', 26, 'submit_translation');
INSERT INTO public.auth_permission VALUES (106, 'Can access Wagtail admin', 27, 'access_admin');
INSERT INTO public.auth_permission VALUES (107, 'Can add document', 28, 'add_document');
INSERT INTO public.auth_permission VALUES (108, 'Can change document', 28, 'change_document');
INSERT INTO public.auth_permission VALUES (109, 'Can delete document', 28, 'delete_document');
INSERT INTO public.auth_permission VALUES (110, 'Can choose document', 28, 'choose_document');
INSERT INTO public.auth_permission VALUES (111, 'Can add redirect', 29, 'add_redirect');
INSERT INTO public.auth_permission VALUES (112, 'Can change redirect', 29, 'change_redirect');
INSERT INTO public.auth_permission VALUES (113, 'Can delete redirect', 29, 'delete_redirect');
INSERT INTO public.auth_permission VALUES (114, 'Can view redirect', 29, 'view_redirect');
INSERT INTO public.auth_permission VALUES (115, 'Can add form submission', 30, 'add_formsubmission');
INSERT INTO public.auth_permission VALUES (116, 'Can change form submission', 30, 'change_formsubmission');
INSERT INTO public.auth_permission VALUES (117, 'Can delete form submission', 30, 'delete_formsubmission');
INSERT INTO public.auth_permission VALUES (118, 'Can view form submission', 30, 'view_formsubmission');
INSERT INTO public.auth_permission VALUES (119, 'Can add embed', 31, 'add_embed');
INSERT INTO public.auth_permission VALUES (120, 'Can change embed', 31, 'change_embed');
INSERT INTO public.auth_permission VALUES (121, 'Can delete embed', 31, 'delete_embed');
INSERT INTO public.auth_permission VALUES (122, 'Can view embed', 31, 'view_embed');
INSERT INTO public.auth_permission VALUES (123, 'Can add user profile', 32, 'add_userprofile');
INSERT INTO public.auth_permission VALUES (124, 'Can change user profile', 32, 'change_userprofile');
INSERT INTO public.auth_permission VALUES (125, 'Can delete user profile', 32, 'delete_userprofile');
INSERT INTO public.auth_permission VALUES (126, 'Can view user profile', 32, 'view_userprofile');
INSERT INTO public.auth_permission VALUES (127, 'Can view document', 28, 'view_document');
INSERT INTO public.auth_permission VALUES (128, 'Can view image', 2, 'view_image');
INSERT INTO public.auth_permission VALUES (129, 'Can add rendition', 33, 'add_rendition');
INSERT INTO public.auth_permission VALUES (130, 'Can change rendition', 33, 'change_rendition');
INSERT INTO public.auth_permission VALUES (131, 'Can delete rendition', 33, 'delete_rendition');
INSERT INTO public.auth_permission VALUES (132, 'Can view rendition', 33, 'view_rendition');
INSERT INTO public.auth_permission VALUES (133, 'Can add index entry', 34, 'add_indexentry');
INSERT INTO public.auth_permission VALUES (134, 'Can change index entry', 34, 'change_indexentry');
INSERT INTO public.auth_permission VALUES (135, 'Can delete index entry', 34, 'delete_indexentry');
INSERT INTO public.auth_permission VALUES (136, 'Can view index entry', 34, 'view_indexentry');
INSERT INTO public.auth_permission VALUES (137, 'Can add flat menu', 38, 'add_flatmenu');
INSERT INTO public.auth_permission VALUES (138, 'Can change flat menu', 38, 'change_flatmenu');
INSERT INTO public.auth_permission VALUES (139, 'Can delete flat menu', 38, 'delete_flatmenu');
INSERT INTO public.auth_permission VALUES (140, 'Can view flat menu', 38, 'view_flatmenu');
INSERT INTO public.auth_permission VALUES (141, 'Can add menu item', 41, 'add_flatmenuitem');
INSERT INTO public.auth_permission VALUES (142, 'Can change menu item', 41, 'change_flatmenuitem');
INSERT INTO public.auth_permission VALUES (143, 'Can delete menu item', 41, 'delete_flatmenuitem');
INSERT INTO public.auth_permission VALUES (144, 'Can view menu item', 41, 'view_flatmenuitem');
INSERT INTO public.auth_permission VALUES (145, 'Can add main menu', 39, 'add_mainmenu');
INSERT INTO public.auth_permission VALUES (146, 'Can change main menu', 39, 'change_mainmenu');
INSERT INTO public.auth_permission VALUES (147, 'Can delete main menu', 39, 'delete_mainmenu');
INSERT INTO public.auth_permission VALUES (148, 'Can view main menu', 39, 'view_mainmenu');
INSERT INTO public.auth_permission VALUES (149, 'Can add menu item', 42, 'add_mainmenuitem');
INSERT INTO public.auth_permission VALUES (150, 'Can change menu item', 42, 'change_mainmenuitem');
INSERT INTO public.auth_permission VALUES (151, 'Can delete menu item', 42, 'delete_mainmenuitem');
INSERT INTO public.auth_permission VALUES (152, 'Can view menu item', 42, 'view_mainmenuitem');
INSERT INTO public.auth_permission VALUES (153, 'Can add string', 43, 'add_string');
INSERT INTO public.auth_permission VALUES (154, 'Can change string', 43, 'change_string');
INSERT INTO public.auth_permission VALUES (155, 'Can delete string', 43, 'delete_string');
INSERT INTO public.auth_permission VALUES (156, 'Can view string', 43, 'view_string');
INSERT INTO public.auth_permission VALUES (157, 'Can add template', 44, 'add_template');
INSERT INTO public.auth_permission VALUES (158, 'Can change template', 44, 'change_template');
INSERT INTO public.auth_permission VALUES (159, 'Can delete template', 44, 'delete_template');
INSERT INTO public.auth_permission VALUES (160, 'Can view template', 44, 'view_template');
INSERT INTO public.auth_permission VALUES (161, 'Can add translatable object', 45, 'add_translatableobject');
INSERT INTO public.auth_permission VALUES (162, 'Can change translatable object', 45, 'change_translatableobject');
INSERT INTO public.auth_permission VALUES (163, 'Can delete translatable object', 45, 'delete_translatableobject');
INSERT INTO public.auth_permission VALUES (164, 'Can view translatable object', 45, 'view_translatableobject');
INSERT INTO public.auth_permission VALUES (165, 'Can add translation source', 46, 'add_translationsource');
INSERT INTO public.auth_permission VALUES (166, 'Can change translation source', 46, 'change_translationsource');
INSERT INTO public.auth_permission VALUES (167, 'Can delete translation source', 46, 'delete_translationsource');
INSERT INTO public.auth_permission VALUES (168, 'Can view translation source', 46, 'view_translationsource');
INSERT INTO public.auth_permission VALUES (169, 'Can add translation log', 47, 'add_translationlog');
INSERT INTO public.auth_permission VALUES (170, 'Can change translation log', 47, 'change_translationlog');
INSERT INTO public.auth_permission VALUES (171, 'Can delete translation log', 47, 'delete_translationlog');
INSERT INTO public.auth_permission VALUES (172, 'Can view translation log', 47, 'view_translationlog');
INSERT INTO public.auth_permission VALUES (173, 'Can add translation context', 48, 'add_translationcontext');
INSERT INTO public.auth_permission VALUES (174, 'Can change translation context', 48, 'change_translationcontext');
INSERT INTO public.auth_permission VALUES (175, 'Can delete translation context', 48, 'delete_translationcontext');
INSERT INTO public.auth_permission VALUES (176, 'Can view translation context', 48, 'view_translationcontext');
INSERT INTO public.auth_permission VALUES (177, 'Can add template segment', 49, 'add_templatesegment');
INSERT INTO public.auth_permission VALUES (178, 'Can change template segment', 49, 'change_templatesegment');
INSERT INTO public.auth_permission VALUES (179, 'Can delete template segment', 49, 'delete_templatesegment');
INSERT INTO public.auth_permission VALUES (180, 'Can view template segment', 49, 'view_templatesegment');
INSERT INTO public.auth_permission VALUES (181, 'Can add string segment', 50, 'add_stringsegment');
INSERT INTO public.auth_permission VALUES (182, 'Can change string segment', 50, 'change_stringsegment');
INSERT INTO public.auth_permission VALUES (183, 'Can delete string segment', 50, 'delete_stringsegment');
INSERT INTO public.auth_permission VALUES (184, 'Can view string segment', 50, 'view_stringsegment');
INSERT INTO public.auth_permission VALUES (185, 'Can add related object segment', 51, 'add_relatedobjectsegment');
INSERT INTO public.auth_permission VALUES (186, 'Can change related object segment', 51, 'change_relatedobjectsegment');
INSERT INTO public.auth_permission VALUES (187, 'Can delete related object segment', 51, 'delete_relatedobjectsegment');
INSERT INTO public.auth_permission VALUES (188, 'Can view related object segment', 51, 'view_relatedobjectsegment');
INSERT INTO public.auth_permission VALUES (189, 'Can add string translation', 52, 'add_stringtranslation');
INSERT INTO public.auth_permission VALUES (190, 'Can change string translation', 52, 'change_stringtranslation');
INSERT INTO public.auth_permission VALUES (191, 'Can delete string translation', 52, 'delete_stringtranslation');
INSERT INTO public.auth_permission VALUES (192, 'Can view string translation', 52, 'view_stringtranslation');
INSERT INTO public.auth_permission VALUES (193, 'Can add translation', 26, 'add_translation');
INSERT INTO public.auth_permission VALUES (194, 'Can change translation', 26, 'change_translation');
INSERT INTO public.auth_permission VALUES (195, 'Can delete translation', 26, 'delete_translation');
INSERT INTO public.auth_permission VALUES (196, 'Can view translation', 26, 'view_translation');
INSERT INTO public.auth_permission VALUES (197, 'Can add overridable segment', 53, 'add_overridablesegment');
INSERT INTO public.auth_permission VALUES (198, 'Can change overridable segment', 53, 'change_overridablesegment');
INSERT INTO public.auth_permission VALUES (199, 'Can delete overridable segment', 53, 'delete_overridablesegment');
INSERT INTO public.auth_permission VALUES (200, 'Can view overridable segment', 53, 'view_overridablesegment');
INSERT INTO public.auth_permission VALUES (201, 'Can add segment override', 54, 'add_segmentoverride');
INSERT INTO public.auth_permission VALUES (202, 'Can change segment override', 54, 'change_segmentoverride');
INSERT INTO public.auth_permission VALUES (203, 'Can delete segment override', 54, 'delete_segmentoverride');
INSERT INTO public.auth_permission VALUES (204, 'Can view segment override', 54, 'view_segmentoverride');
INSERT INTO public.auth_permission VALUES (205, 'Can add locale synchronization', 55, 'add_localesynchronization');
INSERT INTO public.auth_permission VALUES (206, 'Can change locale synchronization', 55, 'change_localesynchronization');
INSERT INTO public.auth_permission VALUES (207, 'Can delete locale synchronization', 55, 'delete_localesynchronization');
INSERT INTO public.auth_permission VALUES (208, 'Can view locale synchronization', 55, 'view_localesynchronization');
INSERT INTO public.auth_permission VALUES (209, 'Can add tag', 56, 'add_tag');
INSERT INTO public.auth_permission VALUES (210, 'Can change tag', 56, 'change_tag');
INSERT INTO public.auth_permission VALUES (211, 'Can delete tag', 56, 'delete_tag');
INSERT INTO public.auth_permission VALUES (212, 'Can view tag', 56, 'view_tag');
INSERT INTO public.auth_permission VALUES (213, 'Can add tagged item', 57, 'add_taggeditem');
INSERT INTO public.auth_permission VALUES (214, 'Can change tagged item', 57, 'change_taggeditem');
INSERT INTO public.auth_permission VALUES (215, 'Can delete tagged item', 57, 'delete_taggeditem');
INSERT INTO public.auth_permission VALUES (216, 'Can view tagged item', 57, 'view_taggeditem');
INSERT INTO public.auth_permission VALUES (217, 'Can add permission', 58, 'add_permission');
INSERT INTO public.auth_permission VALUES (218, 'Can change permission', 58, 'change_permission');
INSERT INTO public.auth_permission VALUES (219, 'Can delete permission', 58, 'delete_permission');
INSERT INTO public.auth_permission VALUES (220, 'Can view permission', 58, 'view_permission');
INSERT INTO public.auth_permission VALUES (221, 'Can add group', 59, 'add_group');
INSERT INTO public.auth_permission VALUES (222, 'Can change group', 59, 'change_group');
INSERT INTO public.auth_permission VALUES (223, 'Can delete group', 59, 'delete_group');
INSERT INTO public.auth_permission VALUES (224, 'Can view group', 59, 'view_group');
INSERT INTO public.auth_permission VALUES (225, 'Can add user', 60, 'add_user');
INSERT INTO public.auth_permission VALUES (226, 'Can change user', 60, 'change_user');
INSERT INTO public.auth_permission VALUES (227, 'Can delete user', 60, 'delete_user');
INSERT INTO public.auth_permission VALUES (228, 'Can view user', 60, 'view_user');
INSERT INTO public.auth_permission VALUES (229, 'Can add content type', 61, 'add_contenttype');
INSERT INTO public.auth_permission VALUES (230, 'Can change content type', 61, 'change_contenttype');
INSERT INTO public.auth_permission VALUES (231, 'Can delete content type', 61, 'delete_contenttype');
INSERT INTO public.auth_permission VALUES (232, 'Can view content type', 61, 'view_contenttype');
INSERT INTO public.auth_permission VALUES (233, 'Can add session', 62, 'add_session');
INSERT INTO public.auth_permission VALUES (234, 'Can change session', 62, 'change_session');
INSERT INTO public.auth_permission VALUES (235, 'Can delete session', 62, 'delete_session');
INSERT INTO public.auth_permission VALUES (236, 'Can view session', 62, 'view_session');
INSERT INTO public.auth_permission VALUES (237, 'Can add Configuration', 63, 'add_djangovillageconfig');
INSERT INTO public.auth_permission VALUES (238, 'Can change Configuration', 63, 'change_djangovillageconfig');
INSERT INTO public.auth_permission VALUES (239, 'Can delete Configuration', 63, 'delete_djangovillageconfig');
INSERT INTO public.auth_permission VALUES (240, 'Can view Configuration', 63, 'view_djangovillageconfig');
INSERT INTO public.auth_permission VALUES (241, 'Can add Social media', 64, 'add_villagesocialmedia');
INSERT INTO public.auth_permission VALUES (242, 'Can change Social media', 64, 'change_villagesocialmedia');
INSERT INTO public.auth_permission VALUES (243, 'Can delete Social media', 64, 'delete_villagesocialmedia');
INSERT INTO public.auth_permission VALUES (244, 'Can view Social media', 64, 'view_villagesocialmedia');
INSERT INTO public.auth_permission VALUES (245, 'Can add form page', 65, 'add_formpage');
INSERT INTO public.auth_permission VALUES (246, 'Can change form page', 65, 'change_formpage');
INSERT INTO public.auth_permission VALUES (247, 'Can delete form page', 65, 'delete_formpage');
INSERT INTO public.auth_permission VALUES (248, 'Can view form page', 65, 'view_formpage');
INSERT INTO public.auth_permission VALUES (249, 'Can add tag', 40, 'add_tag');
INSERT INTO public.auth_permission VALUES (250, 'Can change tag', 40, 'change_tag');
INSERT INTO public.auth_permission VALUES (251, 'Can delete tag', 40, 'delete_tag');
INSERT INTO public.auth_permission VALUES (252, 'Can view tag', 40, 'view_tag');
INSERT INTO public.auth_permission VALUES (253, 'Can add Scripts de suivi', 66, 'add_analyticssettings');
INSERT INTO public.auth_permission VALUES (254, 'Can change Scripts de suivi', 66, 'change_analyticssettings');
INSERT INTO public.auth_permission VALUES (255, 'Can delete Scripts de suivi', 66, 'delete_analyticssettings');
INSERT INTO public.auth_permission VALUES (256, 'Can view Scripts de suivi', 66, 'view_analyticssettings');
INSERT INTO public.auth_permission VALUES (257, 'Can add Content page', 67, 'add_contentpage');
INSERT INTO public.auth_permission VALUES (258, 'Can change Content page', 67, 'change_contentpage');
INSERT INTO public.auth_permission VALUES (259, 'Can delete Content page', 67, 'delete_contentpage');
INSERT INTO public.auth_permission VALUES (260, 'Can view Content page', 67, 'view_contentpage');
INSERT INTO public.auth_permission VALUES (261, 'Can add form field', 68, 'add_formfield');
INSERT INTO public.auth_permission VALUES (262, 'Can change form field', 68, 'change_formfield');
INSERT INTO public.auth_permission VALUES (263, 'Can delete form field', 68, 'delete_formfield');
INSERT INTO public.auth_permission VALUES (264, 'Can view form field', 68, 'view_formfield');
INSERT INTO public.auth_permission VALUES (265, 'Can add Mega menu', 36, 'add_megamenu');
INSERT INTO public.auth_permission VALUES (266, 'Can change Mega menu', 36, 'change_megamenu');
INSERT INTO public.auth_permission VALUES (267, 'Can delete Mega menu', 36, 'delete_megamenu');
INSERT INTO public.auth_permission VALUES (268, 'Can view Mega menu', 36, 'view_megamenu');
INSERT INTO public.auth_permission VALUES (269, 'Can add Mega menu category', 69, 'add_megamenucategory');
INSERT INTO public.auth_permission VALUES (270, 'Can change Mega menu category', 69, 'change_megamenucategory');
INSERT INTO public.auth_permission VALUES (271, 'Can delete Mega menu category', 69, 'delete_megamenucategory');
INSERT INTO public.auth_permission VALUES (272, 'Can view Mega menu category', 69, 'view_megamenucategory');
INSERT INTO public.auth_permission VALUES (273, 'Can add tag content page', 70, 'add_tagcontentpage');
INSERT INTO public.auth_permission VALUES (274, 'Can change tag content page', 70, 'change_tagcontentpage');
INSERT INTO public.auth_permission VALUES (275, 'Can delete tag content page', 70, 'delete_tagcontentpage');
INSERT INTO public.auth_permission VALUES (276, 'Can view tag content page', 70, 'view_tagcontentpage');
INSERT INTO public.auth_permission VALUES (277, 'Can add Site configuration', 71, 'add_wagtailvillageconfig');
INSERT INTO public.auth_permission VALUES (278, 'Can change Site configuration', 71, 'change_wagtailvillageconfig');
INSERT INTO public.auth_permission VALUES (279, 'Can delete Site configuration', 71, 'delete_wagtailvillageconfig');
INSERT INTO public.auth_permission VALUES (280, 'Can view Site configuration', 71, 'view_wagtailvillageconfig');
INSERT INTO public.auth_permission VALUES (281, 'Can add Social media item', 72, 'add_socialmediaitem');
INSERT INTO public.auth_permission VALUES (282, 'Can change Social media item', 72, 'change_socialmediaitem');
INSERT INTO public.auth_permission VALUES (283, 'Can delete Social media item', 72, 'delete_socialmediaitem');
INSERT INTO public.auth_permission VALUES (284, 'Can view Social media item', 72, 'view_socialmediaitem');
INSERT INTO public.auth_permission VALUES (285, 'Can add Blog page', 73, 'add_blogentrypage');
INSERT INTO public.auth_permission VALUES (286, 'Can change Blog page', 73, 'change_blogentrypage');
INSERT INTO public.auth_permission VALUES (287, 'Can delete Blog page', 73, 'delete_blogentrypage');
INSERT INTO public.auth_permission VALUES (288, 'Can view Blog page', 73, 'view_blogentrypage');
INSERT INTO public.auth_permission VALUES (289, 'Can add Blog index', 74, 'add_blogindexpage');
INSERT INTO public.auth_permission VALUES (290, 'Can change Blog index', 74, 'change_blogindexpage');
INSERT INTO public.auth_permission VALUES (291, 'Can delete Blog index', 74, 'delete_blogindexpage');
INSERT INTO public.auth_permission VALUES (292, 'Can view Blog index', 74, 'view_blogindexpage');
INSERT INTO public.auth_permission VALUES (293, 'Can add Category', 35, 'add_category');
INSERT INTO public.auth_permission VALUES (294, 'Can change Category', 35, 'change_category');
INSERT INTO public.auth_permission VALUES (295, 'Can delete Category', 35, 'delete_category');
INSERT INTO public.auth_permission VALUES (296, 'Can view Category', 35, 'view_category');
INSERT INTO public.auth_permission VALUES (297, 'Can add category entry page', 75, 'add_categoryentrypage');
INSERT INTO public.auth_permission VALUES (298, 'Can change category entry page', 75, 'change_categoryentrypage');
INSERT INTO public.auth_permission VALUES (299, 'Can delete category entry page', 75, 'delete_categoryentrypage');
INSERT INTO public.auth_permission VALUES (300, 'Can view category entry page', 75, 'view_categoryentrypage');
INSERT INTO public.auth_permission VALUES (301, 'Can add Person', 37, 'add_person');
INSERT INTO public.auth_permission VALUES (302, 'Can change Person', 37, 'change_person');
INSERT INTO public.auth_permission VALUES (303, 'Can delete Person', 37, 'delete_person');
INSERT INTO public.auth_permission VALUES (304, 'Can view Person', 37, 'view_person');
INSERT INTO public.auth_permission VALUES (305, 'Can add tag entry page', 76, 'add_tagentrypage');
INSERT INTO public.auth_permission VALUES (306, 'Can change tag entry page', 76, 'change_tagentrypage');
INSERT INTO public.auth_permission VALUES (307, 'Can delete tag entry page', 76, 'delete_tagentrypage');
INSERT INTO public.auth_permission VALUES (308, 'Can view tag entry page', 76, 'view_tagentrypage');


--
-- Data for Name: auth_user; Type: TABLE DATA; Schema: public; Owner: wagtailvillage
--

INSERT INTO public.auth_user VALUES (1, 'pbkdf2_sha256$720000$BU6HMoaq3MXwON8JLIupyn$87IvRpZFPDHGP3cI9Ilp4siSFVONT6lE4RXILbBxgRY=', '2024-05-28 08:44:08.238783+02', true, 'admin', '', '', 'chris@mann.fr', true, true, '2024-05-28 08:43:38.723416+02');


--
-- Data for Name: auth_user_groups; Type: TABLE DATA; Schema: public; Owner: wagtailvillage
--



--
-- Data for Name: auth_user_user_permissions; Type: TABLE DATA; Schema: public; Owner: wagtailvillage
--



--
-- Data for Name: blog_blogentrypage; Type: TABLE DATA; Schema: public; Owner: wagtailvillage
--

INSERT INTO public.blog_blogentrypage VALUES (8, '2024-05-28 08:45:00+02');


--
-- Data for Name: blog_blogentrypage_authors; Type: TABLE DATA; Schema: public; Owner: wagtailvillage
--



--
-- Data for Name: blog_blogindexpage; Type: TABLE DATA; Schema: public; Owner: wagtailvillage
--

INSERT INTO public.blog_blogindexpage VALUES (7, '[{"id": "aacf1cf1-5003-476a-ac2a-99c259715d84", "type": "paragraph", "value": "<p data-block-key=\"cws8l\">This is the aardvark blog index.</p>"}]', false, NULL, false, false, NULL, NULL, NULL, 10, NULL);


--
-- Data for Name: blog_category; Type: TABLE DATA; Schema: public; Owner: wagtailvillage
--



--
-- Data for Name: blog_categoryentrypage; Type: TABLE DATA; Schema: public; Owner: wagtailvillage
--



--
-- Data for Name: blog_person; Type: TABLE DATA; Schema: public; Owner: wagtailvillage
--



--
-- Data for Name: blog_tagentrypage; Type: TABLE DATA; Schema: public; Owner: wagtailvillage
--



--
-- Data for Name: django_content_type; Type: TABLE DATA; Schema: public; Owner: wagtailvillage
--

INSERT INTO public.django_content_type VALUES (1, 'wagtailcore', 'page');
INSERT INTO public.django_content_type VALUES (2, 'wagtailimages', 'image');
INSERT INTO public.django_content_type VALUES (3, 'wagtailcore', 'groupapprovaltask');
INSERT INTO public.django_content_type VALUES (4, 'wagtailcore', 'locale');
INSERT INTO public.django_content_type VALUES (5, 'wagtailcore', 'site');
INSERT INTO public.django_content_type VALUES (6, 'wagtailcore', 'modellogentry');
INSERT INTO public.django_content_type VALUES (7, 'wagtailcore', 'collectionviewrestriction');
INSERT INTO public.django_content_type VALUES (8, 'wagtailcore', 'collection');
INSERT INTO public.django_content_type VALUES (9, 'wagtailcore', 'groupcollectionpermission');
INSERT INTO public.django_content_type VALUES (10, 'wagtailcore', 'uploadedfile');
INSERT INTO public.django_content_type VALUES (11, 'wagtailcore', 'referenceindex');
INSERT INTO public.django_content_type VALUES (12, 'wagtailcore', 'revision');
INSERT INTO public.django_content_type VALUES (13, 'wagtailcore', 'grouppagepermission');
INSERT INTO public.django_content_type VALUES (14, 'wagtailcore', 'pageviewrestriction');
INSERT INTO public.django_content_type VALUES (15, 'wagtailcore', 'workflowpage');
INSERT INTO public.django_content_type VALUES (16, 'wagtailcore', 'workflowcontenttype');
INSERT INTO public.django_content_type VALUES (17, 'wagtailcore', 'workflowtask');
INSERT INTO public.django_content_type VALUES (18, 'wagtailcore', 'task');
INSERT INTO public.django_content_type VALUES (19, 'wagtailcore', 'workflow');
INSERT INTO public.django_content_type VALUES (20, 'wagtailcore', 'workflowstate');
INSERT INTO public.django_content_type VALUES (21, 'wagtailcore', 'taskstate');
INSERT INTO public.django_content_type VALUES (22, 'wagtailcore', 'pagelogentry');
INSERT INTO public.django_content_type VALUES (23, 'wagtailcore', 'comment');
INSERT INTO public.django_content_type VALUES (24, 'wagtailcore', 'commentreply');
INSERT INTO public.django_content_type VALUES (25, 'wagtailcore', 'pagesubscription');
INSERT INTO public.django_content_type VALUES (26, 'wagtail_localize', 'translation');
INSERT INTO public.django_content_type VALUES (27, 'wagtailadmin', 'admin');
INSERT INTO public.django_content_type VALUES (28, 'wagtaildocs', 'document');
INSERT INTO public.django_content_type VALUES (29, 'wagtailredirects', 'redirect');
INSERT INTO public.django_content_type VALUES (30, 'wagtailforms', 'formsubmission');
INSERT INTO public.django_content_type VALUES (31, 'wagtailembeds', 'embed');
INSERT INTO public.django_content_type VALUES (32, 'wagtailusers', 'userprofile');
INSERT INTO public.django_content_type VALUES (33, 'wagtailimages', 'rendition');
INSERT INTO public.django_content_type VALUES (34, 'wagtailsearch', 'indexentry');
INSERT INTO public.django_content_type VALUES (35, 'blog', 'category');
INSERT INTO public.django_content_type VALUES (36, 'sites_faciles', 'megamenu');
INSERT INTO public.django_content_type VALUES (37, 'blog', 'person');
INSERT INTO public.django_content_type VALUES (38, 'wagtailmenus', 'flatmenu');
INSERT INTO public.django_content_type VALUES (39, 'wagtailmenus', 'mainmenu');
INSERT INTO public.django_content_type VALUES (40, 'sites_faciles', 'tag');
INSERT INTO public.django_content_type VALUES (41, 'wagtailmenus', 'flatmenuitem');
INSERT INTO public.django_content_type VALUES (42, 'wagtailmenus', 'mainmenuitem');
INSERT INTO public.django_content_type VALUES (43, 'wagtail_localize', 'string');
INSERT INTO public.django_content_type VALUES (44, 'wagtail_localize', 'template');
INSERT INTO public.django_content_type VALUES (45, 'wagtail_localize', 'translatableobject');
INSERT INTO public.django_content_type VALUES (46, 'wagtail_localize', 'translationsource');
INSERT INTO public.django_content_type VALUES (47, 'wagtail_localize', 'translationlog');
INSERT INTO public.django_content_type VALUES (48, 'wagtail_localize', 'translationcontext');
INSERT INTO public.django_content_type VALUES (49, 'wagtail_localize', 'templatesegment');
INSERT INTO public.django_content_type VALUES (50, 'wagtail_localize', 'stringsegment');
INSERT INTO public.django_content_type VALUES (51, 'wagtail_localize', 'relatedobjectsegment');
INSERT INTO public.django_content_type VALUES (52, 'wagtail_localize', 'stringtranslation');
INSERT INTO public.django_content_type VALUES (53, 'wagtail_localize', 'overridablesegment');
INSERT INTO public.django_content_type VALUES (54, 'wagtail_localize', 'segmentoverride');
INSERT INTO public.django_content_type VALUES (55, 'wagtail_localize', 'localesynchronization');
INSERT INTO public.django_content_type VALUES (56, 'taggit', 'tag');
INSERT INTO public.django_content_type VALUES (57, 'taggit', 'taggeditem');
INSERT INTO public.django_content_type VALUES (58, 'auth', 'permission');
INSERT INTO public.django_content_type VALUES (59, 'auth', 'group');
INSERT INTO public.django_content_type VALUES (60, 'auth', 'user');
INSERT INTO public.django_content_type VALUES (61, 'contenttypes', 'contenttype');
INSERT INTO public.django_content_type VALUES (62, 'sessions', 'session');
INSERT INTO public.django_content_type VALUES (63, 'django_village', 'djangovillageconfig');
INSERT INTO public.django_content_type VALUES (64, 'django_village', 'villagesocialmedia');
INSERT INTO public.django_content_type VALUES (65, 'sites_faciles', 'formpage');
INSERT INTO public.django_content_type VALUES (66, 'sites_faciles', 'analyticssettings');
INSERT INTO public.django_content_type VALUES (67, 'sites_faciles', 'contentpage');
INSERT INTO public.django_content_type VALUES (68, 'sites_faciles', 'formfield');
INSERT INTO public.django_content_type VALUES (69, 'sites_faciles', 'megamenucategory');
INSERT INTO public.django_content_type VALUES (70, 'sites_faciles', 'tagcontentpage');
INSERT INTO public.django_content_type VALUES (71, 'sites_faciles', 'wagtailvillageconfig');
INSERT INTO public.django_content_type VALUES (72, 'sites_faciles', 'socialmediaitem');
INSERT INTO public.django_content_type VALUES (73, 'blog', 'blogentrypage');
INSERT INTO public.django_content_type VALUES (74, 'blog', 'blogindexpage');
INSERT INTO public.django_content_type VALUES (75, 'blog', 'categoryentrypage');
INSERT INTO public.django_content_type VALUES (76, 'blog', 'tagentrypage');


--
-- Data for Name: django_migrations; Type: TABLE DATA; Schema: public; Owner: wagtailvillage
--

INSERT INTO public.django_migrations VALUES (1, 'contenttypes', '0001_initial', '2024-05-28 08:43:02.804928+02');
INSERT INTO public.django_migrations VALUES (2, 'contenttypes', '0002_remove_content_type_name', '2024-05-28 08:43:02.852291+02');
INSERT INTO public.django_migrations VALUES (3, 'auth', '0001_initial', '2024-05-28 08:43:02.9029+02');
INSERT INTO public.django_migrations VALUES (4, 'auth', '0002_alter_permission_name_max_length', '2024-05-28 08:43:02.909869+02');
INSERT INTO public.django_migrations VALUES (5, 'auth', '0003_alter_user_email_max_length', '2024-05-28 08:43:02.916752+02');
INSERT INTO public.django_migrations VALUES (6, 'auth', '0004_alter_user_username_opts', '2024-05-28 08:43:02.921377+02');
INSERT INTO public.django_migrations VALUES (7, 'auth', '0005_alter_user_last_login_null', '2024-05-28 08:43:02.926572+02');
INSERT INTO public.django_migrations VALUES (8, 'auth', '0006_require_contenttypes_0002', '2024-05-28 08:43:02.927882+02');
INSERT INTO public.django_migrations VALUES (9, 'auth', '0007_alter_validators_add_error_messages', '2024-05-28 08:43:02.932439+02');
INSERT INTO public.django_migrations VALUES (10, 'auth', '0008_alter_user_username_max_length', '2024-05-28 08:43:02.93933+02');
INSERT INTO public.django_migrations VALUES (11, 'auth', '0009_alter_user_last_name_max_length', '2024-05-28 08:43:02.945305+02');
INSERT INTO public.django_migrations VALUES (12, 'auth', '0010_alter_group_name_max_length', '2024-05-28 08:43:02.951199+02');
INSERT INTO public.django_migrations VALUES (13, 'auth', '0011_update_proxy_permissions', '2024-05-28 08:43:02.955443+02');
INSERT INTO public.django_migrations VALUES (14, 'auth', '0012_alter_user_first_name_max_length', '2024-05-28 08:43:02.961204+02');
INSERT INTO public.django_migrations VALUES (15, 'wagtailcore', '0001_initial', '2024-05-28 08:43:03.082859+02');
INSERT INTO public.django_migrations VALUES (16, 'wagtailcore', '0002_initial_data', '2024-05-28 08:43:03.083721+02');
INSERT INTO public.django_migrations VALUES (17, 'wagtailcore', '0003_add_uniqueness_constraint_on_group_page_permission', '2024-05-28 08:43:03.084891+02');
INSERT INTO public.django_migrations VALUES (18, 'wagtailcore', '0004_page_locked', '2024-05-28 08:43:03.086051+02');
INSERT INTO public.django_migrations VALUES (19, 'wagtailcore', '0005_add_page_lock_permission_to_moderators', '2024-05-28 08:43:03.087187+02');
INSERT INTO public.django_migrations VALUES (20, 'wagtailcore', '0006_add_lock_page_permission', '2024-05-28 08:43:03.088396+02');
INSERT INTO public.django_migrations VALUES (21, 'wagtailcore', '0007_page_latest_revision_created_at', '2024-05-28 08:43:03.089404+02');
INSERT INTO public.django_migrations VALUES (22, 'wagtailcore', '0008_populate_latest_revision_created_at', '2024-05-28 08:43:03.090554+02');
INSERT INTO public.django_migrations VALUES (23, 'wagtailcore', '0009_remove_auto_now_add_from_pagerevision_created_at', '2024-05-28 08:43:03.091777+02');
INSERT INTO public.django_migrations VALUES (24, 'wagtailcore', '0010_change_page_owner_to_null_on_delete', '2024-05-28 08:43:03.093001+02');
INSERT INTO public.django_migrations VALUES (25, 'wagtailcore', '0011_page_first_published_at', '2024-05-28 08:43:03.094109+02');
INSERT INTO public.django_migrations VALUES (26, 'wagtailcore', '0012_extend_page_slug_field', '2024-05-28 08:43:03.095213+02');
INSERT INTO public.django_migrations VALUES (27, 'wagtailcore', '0013_update_golive_expire_help_text', '2024-05-28 08:43:03.096436+02');
INSERT INTO public.django_migrations VALUES (28, 'wagtailcore', '0014_add_verbose_name', '2024-05-28 08:43:03.097579+02');
INSERT INTO public.django_migrations VALUES (29, 'wagtailcore', '0015_add_more_verbose_names', '2024-05-28 08:43:03.098796+02');
INSERT INTO public.django_migrations VALUES (30, 'wagtailcore', '0016_change_page_url_path_to_text_field', '2024-05-28 08:43:03.09989+02');
INSERT INTO public.django_migrations VALUES (31, 'wagtailcore', '0017_change_edit_page_permission_description', '2024-05-28 08:43:03.11075+02');
INSERT INTO public.django_migrations VALUES (32, 'wagtailcore', '0018_pagerevision_submitted_for_moderation_index', '2024-05-28 08:43:03.121257+02');
INSERT INTO public.django_migrations VALUES (33, 'wagtailcore', '0019_verbose_names_cleanup', '2024-05-28 08:43:03.15157+02');
INSERT INTO public.django_migrations VALUES (34, 'wagtailcore', '0020_add_index_on_page_first_published_at', '2024-05-28 08:43:03.161251+02');
INSERT INTO public.django_migrations VALUES (35, 'wagtailcore', '0021_capitalizeverbose', '2024-05-28 08:43:03.324271+02');
INSERT INTO public.django_migrations VALUES (36, 'wagtailcore', '0022_add_site_name', '2024-05-28 08:43:03.333554+02');
INSERT INTO public.django_migrations VALUES (37, 'wagtailcore', '0023_alter_page_revision_on_delete_behaviour', '2024-05-28 08:43:03.340994+02');
INSERT INTO public.django_migrations VALUES (38, 'wagtailcore', '0024_collection', '2024-05-28 08:43:03.352507+02');
INSERT INTO public.django_migrations VALUES (39, 'wagtailcore', '0025_collection_initial_data', '2024-05-28 08:43:03.360858+02');
INSERT INTO public.django_migrations VALUES (40, 'wagtailcore', '0026_group_collection_permission', '2024-05-28 08:43:03.388212+02');
INSERT INTO public.django_migrations VALUES (41, 'taggit', '0001_initial', '2024-05-28 08:43:03.422022+02');
INSERT INTO public.django_migrations VALUES (42, 'wagtailimages', '0001_initial', '2024-05-28 08:43:03.49673+02');
INSERT INTO public.django_migrations VALUES (43, 'wagtailimages', '0002_initial_data', '2024-05-28 08:43:03.497598+02');
INSERT INTO public.django_migrations VALUES (44, 'wagtailimages', '0003_fix_focal_point_fields', '2024-05-28 08:43:03.498558+02');
INSERT INTO public.django_migrations VALUES (45, 'wagtailimages', '0004_make_focal_point_key_not_nullable', '2024-05-28 08:43:03.499613+02');
INSERT INTO public.django_migrations VALUES (46, 'wagtailimages', '0005_make_filter_spec_unique', '2024-05-28 08:43:03.500686+02');
INSERT INTO public.django_migrations VALUES (47, 'wagtailimages', '0006_add_verbose_names', '2024-05-28 08:43:03.501746+02');
INSERT INTO public.django_migrations VALUES (48, 'wagtailimages', '0007_image_file_size', '2024-05-28 08:43:03.502707+02');
INSERT INTO public.django_migrations VALUES (49, 'wagtailimages', '0008_image_created_at_index', '2024-05-28 08:43:03.503572+02');
INSERT INTO public.django_migrations VALUES (50, 'wagtailimages', '0009_capitalizeverbose', '2024-05-28 08:43:03.504365+02');
INSERT INTO public.django_migrations VALUES (51, 'wagtailimages', '0010_change_on_delete_behaviour', '2024-05-28 08:43:03.505174+02');
INSERT INTO public.django_migrations VALUES (52, 'wagtailimages', '0011_image_collection', '2024-05-28 08:43:03.505907+02');
INSERT INTO public.django_migrations VALUES (53, 'wagtailimages', '0012_copy_image_permissions_to_collections', '2024-05-28 08:43:03.506609+02');
INSERT INTO public.django_migrations VALUES (54, 'wagtailimages', '0013_make_rendition_upload_callable', '2024-05-28 08:43:03.507346+02');
INSERT INTO public.django_migrations VALUES (55, 'wagtailimages', '0014_add_filter_spec_field', '2024-05-28 08:43:03.507982+02');
INSERT INTO public.django_migrations VALUES (56, 'wagtailimages', '0015_fill_filter_spec_field', '2024-05-28 08:43:03.508675+02');
INSERT INTO public.django_migrations VALUES (57, 'wagtailimages', '0016_deprecate_rendition_filter_relation', '2024-05-28 08:43:03.509499+02');
INSERT INTO public.django_migrations VALUES (58, 'wagtailimages', '0017_reduce_focal_point_key_max_length', '2024-05-28 08:43:03.510308+02');
INSERT INTO public.django_migrations VALUES (59, 'wagtailimages', '0018_remove_rendition_filter', '2024-05-28 08:43:03.511003+02');
INSERT INTO public.django_migrations VALUES (60, 'wagtailimages', '0019_delete_filter', '2024-05-28 08:43:03.512023+02');
INSERT INTO public.django_migrations VALUES (61, 'wagtailimages', '0020_add-verbose-name', '2024-05-28 08:43:03.513046+02');
INSERT INTO public.django_migrations VALUES (62, 'wagtailimages', '0021_image_file_hash', '2024-05-28 08:43:03.514104+02');
INSERT INTO public.django_migrations VALUES (63, 'wagtailimages', '0022_uploadedimage', '2024-05-28 08:43:03.531335+02');
INSERT INTO public.django_migrations VALUES (64, 'wagtailimages', '0023_add_choose_permissions', '2024-05-28 08:43:03.569413+02');
INSERT INTO public.django_migrations VALUES (65, 'wagtailimages', '0024_index_image_file_hash', '2024-05-28 08:43:03.581842+02');
INSERT INTO public.django_migrations VALUES (66, 'wagtailimages', '0025_alter_image_file_alter_rendition_file', '2024-05-28 08:43:03.595807+02');
INSERT INTO public.django_migrations VALUES (67, 'wagtailimages', '0026_delete_uploadedimage', '2024-05-28 08:43:03.598361+02');
INSERT INTO public.django_migrations VALUES (68, 'wagtailcore', '0027_fix_collection_path_collation', '2024-05-28 08:43:03.61339+02');
INSERT INTO public.django_migrations VALUES (69, 'wagtailcore', '0024_alter_page_content_type_on_delete_behaviour', '2024-05-28 08:43:03.625536+02');
INSERT INTO public.django_migrations VALUES (70, 'wagtailcore', '0028_merge', '2024-05-28 08:43:03.626984+02');
INSERT INTO public.django_migrations VALUES (71, 'wagtailcore', '0029_unicode_slugfield_dj19', '2024-05-28 08:43:03.635292+02');
INSERT INTO public.django_migrations VALUES (72, 'wagtailcore', '0030_index_on_pagerevision_created_at', '2024-05-28 08:43:03.644751+02');
INSERT INTO public.django_migrations VALUES (73, 'wagtailcore', '0031_add_page_view_restriction_types', '2024-05-28 08:43:03.682406+02');
INSERT INTO public.django_migrations VALUES (74, 'wagtailcore', '0032_add_bulk_delete_page_permission', '2024-05-28 08:43:03.689955+02');
INSERT INTO public.django_migrations VALUES (75, 'wagtailcore', '0033_remove_golive_expiry_help_text', '2024-05-28 08:43:03.706117+02');
INSERT INTO public.django_migrations VALUES (76, 'wagtailcore', '0034_page_live_revision', '2024-05-28 08:43:03.779116+02');
INSERT INTO public.django_migrations VALUES (77, 'wagtailcore', '0035_page_last_published_at', '2024-05-28 08:43:03.787934+02');
INSERT INTO public.django_migrations VALUES (78, 'wagtailcore', '0036_populate_page_last_published_at', '2024-05-28 08:43:03.798945+02');
INSERT INTO public.django_migrations VALUES (79, 'wagtailcore', '0037_set_page_owner_editable', '2024-05-28 08:43:03.810447+02');
INSERT INTO public.django_migrations VALUES (80, 'wagtailcore', '0038_make_first_published_at_editable', '2024-05-28 08:43:03.821382+02');
INSERT INTO public.django_migrations VALUES (81, 'wagtailcore', '0039_collectionviewrestriction', '2024-05-28 08:43:03.857601+02');
INSERT INTO public.django_migrations VALUES (82, 'wagtailcore', '0040_page_draft_title', '2024-05-28 08:43:03.87969+02');
INSERT INTO public.django_migrations VALUES (83, 'wagtailcore', '0041_group_collection_permissions_verbose_name_plural', '2024-05-28 08:43:03.888984+02');
INSERT INTO public.django_migrations VALUES (84, 'wagtailcore', '0042_index_on_pagerevision_approved_go_live_at', '2024-05-28 08:43:03.898849+02');
INSERT INTO public.django_migrations VALUES (85, 'wagtailcore', '0043_lock_fields', '2024-05-28 08:43:03.922956+02');
INSERT INTO public.django_migrations VALUES (86, 'wagtailcore', '0044_add_unlock_grouppagepermission', '2024-05-28 08:43:03.931679+02');
INSERT INTO public.django_migrations VALUES (87, 'wagtailcore', '0045_assign_unlock_grouppagepermission', '2024-05-28 08:43:03.947258+02');
INSERT INTO public.django_migrations VALUES (88, 'wagtailcore', '0046_site_name_remove_null', '2024-05-28 08:43:03.957028+02');
INSERT INTO public.django_migrations VALUES (89, 'wagtailcore', '0047_add_workflow_models', '2024-05-28 08:43:04.132704+02');
INSERT INTO public.django_migrations VALUES (90, 'wagtailcore', '0048_add_default_workflows', '2024-05-28 08:43:04.170952+02');
INSERT INTO public.django_migrations VALUES (91, 'wagtailcore', '0049_taskstate_finished_by', '2024-05-28 08:43:04.193031+02');
INSERT INTO public.django_migrations VALUES (92, 'wagtailcore', '0050_workflow_rejected_to_needs_changes', '2024-05-28 08:43:04.232351+02');
INSERT INTO public.django_migrations VALUES (93, 'wagtailcore', '0051_taskstate_comment', '2024-05-28 08:43:04.24592+02');
INSERT INTO public.django_migrations VALUES (94, 'wagtailcore', '0052_pagelogentry', '2024-05-28 08:43:04.282826+02');
INSERT INTO public.django_migrations VALUES (95, 'wagtailcore', '0053_locale_model', '2024-05-28 08:43:04.289519+02');
INSERT INTO public.django_migrations VALUES (96, 'wagtailcore', '0054_initial_locale', '2024-05-28 08:43:04.309467+02');
INSERT INTO public.django_migrations VALUES (97, 'wagtailcore', '0055_page_locale_fields', '2024-05-28 08:43:04.419431+02');
INSERT INTO public.django_migrations VALUES (98, 'wagtailcore', '0056_page_locale_fields_populate', '2024-05-28 08:43:04.439197+02');
INSERT INTO public.django_migrations VALUES (99, 'wagtailcore', '0057_page_locale_fields_notnull', '2024-05-28 08:43:04.479843+02');
INSERT INTO public.django_migrations VALUES (100, 'wagtailcore', '0058_page_alias_of', '2024-05-28 08:43:04.504586+02');
INSERT INTO public.django_migrations VALUES (101, 'wagtailcore', '0059_apply_collection_ordering', '2024-05-28 08:43:04.525871+02');
INSERT INTO public.django_migrations VALUES (102, 'wagtailcore', '0060_fix_workflow_unique_constraint', '2024-05-28 08:43:04.55596+02');
INSERT INTO public.django_migrations VALUES (103, 'wagtailcore', '0061_change_promote_tab_helpt_text_and_verbose_names', '2024-05-28 08:43:04.582824+02');
INSERT INTO public.django_migrations VALUES (104, 'wagtailcore', '0062_comment_models_and_pagesubscription', '2024-05-28 08:43:04.667255+02');
INSERT INTO public.django_migrations VALUES (105, 'wagtailcore', '0063_modellogentry', '2024-05-28 08:43:04.709255+02');
INSERT INTO public.django_migrations VALUES (106, 'wagtailcore', '0064_log_timestamp_indexes', '2024-05-28 08:43:04.752177+02');
INSERT INTO public.django_migrations VALUES (107, 'wagtailcore', '0065_log_entry_uuid', '2024-05-28 08:43:04.792071+02');
INSERT INTO public.django_migrations VALUES (108, 'wagtailcore', '0066_collection_management_permissions', '2024-05-28 08:43:04.814393+02');
INSERT INTO public.django_migrations VALUES (109, 'wagtailcore', '0067_alter_pagerevision_content_json', '2024-05-28 08:43:04.853901+02');
INSERT INTO public.django_migrations VALUES (110, 'wagtailcore', '0068_log_entry_empty_object', '2024-05-28 08:43:04.874116+02');
INSERT INTO public.django_migrations VALUES (111, 'wagtailcore', '0069_log_entry_jsonfield', '2024-05-28 08:43:04.952622+02');
INSERT INTO public.django_migrations VALUES (112, 'wagtail_localize', '0001_initial', '2024-05-28 08:43:05.267028+02');
INSERT INTO public.django_migrations VALUES (113, 'wagtailcore', '0070_rename_pagerevision_revision', '2024-05-28 08:43:05.488955+02');
INSERT INTO public.django_migrations VALUES (114, 'wagtailcore', '0071_populate_revision_content_type', '2024-05-28 08:43:05.513135+02');
INSERT INTO public.django_migrations VALUES (115, 'wagtailcore', '0072_alter_revision_content_type_notnull', '2024-05-28 08:43:05.635372+02');
INSERT INTO public.django_migrations VALUES (116, 'wagtailcore', '0073_page_latest_revision', '2024-05-28 08:43:05.665198+02');
INSERT INTO public.django_migrations VALUES (117, 'wagtailcore', '0074_revision_object_str', '2024-05-28 08:43:05.68082+02');
INSERT INTO public.django_migrations VALUES (118, 'wagtailcore', '0075_populate_latest_revision_and_revision_object_str', '2024-05-28 08:43:05.729434+02');
INSERT INTO public.django_migrations VALUES (119, 'wagtailcore', '0076_modellogentry_revision', '2024-05-28 08:43:05.758594+02');
INSERT INTO public.django_migrations VALUES (120, 'wagtailcore', '0077_alter_revision_user', '2024-05-28 08:43:05.782501+02');
INSERT INTO public.django_migrations VALUES (121, 'wagtailcore', '0078_referenceindex', '2024-05-28 08:43:05.821137+02');
INSERT INTO public.django_migrations VALUES (122, 'wagtailcore', '0079_rename_taskstate_page_revision', '2024-05-28 08:43:05.840739+02');
INSERT INTO public.django_migrations VALUES (123, 'wagtailcore', '0080_generic_workflowstate', '2024-05-28 08:43:05.988456+02');
INSERT INTO public.django_migrations VALUES (124, 'wagtailcore', '0081_populate_workflowstate_content_type', '2024-05-28 08:43:06.015195+02');
INSERT INTO public.django_migrations VALUES (125, 'wagtailcore', '0082_alter_workflowstate_content_type_notnull', '2024-05-28 08:43:06.139495+02');
INSERT INTO public.django_migrations VALUES (126, 'wagtailcore', '0083_workflowcontenttype', '2024-05-28 08:43:06.173646+02');
INSERT INTO public.django_migrations VALUES (127, 'wagtailcore', '0084_add_default_page_permissions', '2024-05-28 08:43:06.1913+02');
INSERT INTO public.django_migrations VALUES (128, 'wagtailcore', '0085_add_grouppagepermission_permission', '2024-05-28 08:43:06.235986+02');
INSERT INTO public.django_migrations VALUES (129, 'wagtailcore', '0086_populate_grouppagepermission_permission', '2024-05-28 08:43:06.302772+02');
INSERT INTO public.django_migrations VALUES (130, 'wagtailcore', '0087_alter_grouppagepermission_unique_together_and_more', '2024-05-28 08:43:06.361194+02');
INSERT INTO public.django_migrations VALUES (131, 'wagtailcore', '0088_fix_log_entry_json_timestamps', '2024-05-28 08:43:06.422034+02');
INSERT INTO public.django_migrations VALUES (132, 'wagtailcore', '0089_log_entry_data_json_null_to_object', '2024-05-28 08:43:06.449904+02');
INSERT INTO public.django_migrations VALUES (133, 'wagtailcore', '0090_remove_grouppagepermission_permission_type', '2024-05-28 08:43:06.516489+02');
INSERT INTO public.django_migrations VALUES (134, 'wagtailcore', '0091_remove_revision_submitted_for_moderation', '2024-05-28 08:43:06.533728+02');
INSERT INTO public.django_migrations VALUES (135, 'wagtailcore', '0092_alter_collectionviewrestriction_password_and_more', '2024-05-28 08:43:06.645648+02');
INSERT INTO public.django_migrations VALUES (136, 'wagtailcore', '0093_uploadedfile', '2024-05-28 08:43:06.684595+02');
INSERT INTO public.django_migrations VALUES (137, 'wagtailmenus', '0001_initial', '2024-05-28 08:43:06.822499+02');
INSERT INTO public.django_migrations VALUES (138, 'wagtailmenus', '0002_auto_20160129_0901', '2024-05-28 08:43:06.846324+02');
INSERT INTO public.django_migrations VALUES (139, 'wagtailmenus', '0003_auto_20160129_2339', '2024-05-28 08:43:06.92852+02');
INSERT INTO public.django_migrations VALUES (140, 'wagtailmenus', '0004_auto_20160130_0024', '2024-05-28 08:43:06.949573+02');
INSERT INTO public.django_migrations VALUES (141, 'wagtailmenus', '0005_auto_20160130_2209', '2024-05-28 08:43:06.996462+02');
INSERT INTO public.django_migrations VALUES (142, 'wagtailmenus', '0006_auto_20160131_1347', '2024-05-28 08:43:07.030441+02');
INSERT INTO public.django_migrations VALUES (143, 'wagtailmenus', '0007_auto_20160131_2000', '2024-05-28 08:43:07.172006+02');
INSERT INTO public.django_migrations VALUES (144, 'wagtailmenus', '0008_auto_20160131_2327', '2024-05-28 08:43:07.256083+02');
INSERT INTO public.django_migrations VALUES (145, 'wagtailmenus', '0009_auto_20160201_0859', '2024-05-28 08:43:07.268415+02');
INSERT INTO public.django_migrations VALUES (146, 'wagtailmenus', '0010_auto_20160201_1558', '2024-05-28 08:43:07.28224+02');
INSERT INTO public.django_migrations VALUES (147, 'wagtailmenus', '0011_auto_20160415_1519', '2024-05-28 08:43:07.305456+02');
INSERT INTO public.django_migrations VALUES (148, 'wagtailmenus', '0012_auto_20160419_0039', '2024-05-28 08:43:07.431067+02');
INSERT INTO public.django_migrations VALUES (149, 'wagtailmenus', '0013_auto_20160423_1124', '2024-05-28 08:43:07.456802+02');
INSERT INTO public.django_migrations VALUES (150, 'wagtailmenus', '0014_auto_20160423_1339', '2024-05-28 08:43:07.484157+02');
INSERT INTO public.django_migrations VALUES (151, 'wagtailmenus', '0015_auto_20160423_1348', '2024-05-28 08:43:07.511751+02');
INSERT INTO public.django_migrations VALUES (152, 'wagtailmenus', '0016_auto_20160930_0645', '2024-05-28 08:43:07.538016+02');
INSERT INTO public.django_migrations VALUES (153, 'wagtailmenus', '0017_auto_20161013_1658', '2024-05-28 08:43:07.656014+02');
INSERT INTO public.django_migrations VALUES (154, 'wagtailmenus', '0018_auto_20161204_2043', '2024-05-28 08:43:07.670241+02');
INSERT INTO public.django_migrations VALUES (155, 'wagtailmenus', '0019_auto_20161204_2143', '2024-05-28 08:43:07.683373+02');
INSERT INTO public.django_migrations VALUES (156, 'wagtailmenus', '0020_auto_20161210_0004', '2024-05-28 08:43:07.777321+02');
INSERT INTO public.django_migrations VALUES (157, 'wagtailmenus', '0021_auto_20170106_2352', '2024-05-28 08:43:07.801964+02');
INSERT INTO public.django_migrations VALUES (158, 'wagtailmenus', '0022_auto_20170913_2125', '2024-05-28 08:43:07.826082+02');
INSERT INTO public.django_migrations VALUES (159, 'wagtailmenus', '0023_remove_use_specific', '2024-05-28 08:43:07.838019+02');
INSERT INTO public.django_migrations VALUES (160, 'taggit', '0002_auto_20150616_2121', '2024-05-28 08:43:07.862293+02');
INSERT INTO public.django_migrations VALUES (161, 'taggit', '0003_taggeditem_add_unique_index', '2024-05-28 08:43:07.877707+02');
INSERT INTO public.django_migrations VALUES (162, 'taggit', '0004_alter_taggeditem_content_type_alter_taggeditem_tag', '2024-05-28 08:43:07.937337+02');
INSERT INTO public.django_migrations VALUES (163, 'taggit', '0005_auto_20220424_2025', '2024-05-28 08:43:07.966659+02');
INSERT INTO public.django_migrations VALUES (164, 'taggit', '0006_rename_taggeditem_content_type_object_id_taggit_tagg_content_8fc721_idx', '2024-05-28 08:43:07.994425+02');
INSERT INTO public.django_migrations VALUES (165, 'django_village', '0001_initial', '2024-05-28 08:43:08.013479+02');
INSERT INTO public.django_migrations VALUES (166, 'django_village', '0002_alter_djangovillageconfig_language', '2024-05-28 08:43:08.021244+02');
INSERT INTO public.django_migrations VALUES (167, 'sites_faciles', '0001_initial', '2024-05-28 08:43:08.4426+02');
INSERT INTO public.django_migrations VALUES (168, 'blog', '0001_initial', '2024-05-28 08:43:08.840302+02');
INSERT INTO public.django_migrations VALUES (169, 'sessions', '0001_initial', '2024-05-28 08:43:08.849646+02');
INSERT INTO public.django_migrations VALUES (170, 'wagtail_localize', '0002_translation', '2024-05-28 08:43:08.905534+02');
INSERT INTO public.django_migrations VALUES (171, 'wagtail_localize', '0003_delete_translation_sources', '2024-05-28 08:43:08.945864+02');
INSERT INTO public.django_migrations VALUES (172, 'wagtail_localize', '0004_one_source_per_objectlocale', '2024-05-28 08:43:08.993627+02');
INSERT INTO public.django_migrations VALUES (173, 'wagtail_localize', '0005_remove_translationsource_object', '2024-05-28 08:43:09.047341+02');
INSERT INTO public.django_migrations VALUES (174, 'wagtail_localize', '0006_create_submit_translation_permission', '2024-05-28 08:43:09.088822+02');
INSERT INTO public.django_migrations VALUES (175, 'wagtail_localize', '0007_stringtranslation_type_and_tool_name', '2024-05-28 08:43:09.10888+02');
INSERT INTO public.django_migrations VALUES (176, 'wagtail_localize', '0008_stringtranslation_last_translated_by', '2024-05-28 08:43:09.152167+02');
INSERT INTO public.django_migrations VALUES (177, 'wagtail_localize', '0009_stringtranslation_errors', '2024-05-28 08:43:09.257842+02');
INSERT INTO public.django_migrations VALUES (178, 'wagtail_localize', '0010_overridablesegment', '2024-05-28 08:43:09.309191+02');
INSERT INTO public.django_migrations VALUES (179, 'wagtail_localize', '0011_segmentoverride', '2024-05-28 08:43:09.359777+02');
INSERT INTO public.django_migrations VALUES (180, 'wagtail_localize', '0012_localesynchronization', '2024-05-28 08:43:09.405628+02');
INSERT INTO public.django_migrations VALUES (181, 'wagtail_localize', '0013_translationsource_schema_version', '2024-05-28 08:43:09.423627+02');
INSERT INTO public.django_migrations VALUES (182, 'wagtail_localize', '0014_remove_translation_source_last_updated_at', '2024-05-28 08:43:09.435277+02');
INSERT INTO public.django_migrations VALUES (183, 'wagtail_localize', '0015_translationcontext_field_path', '2024-05-28 08:43:09.443777+02');
INSERT INTO public.django_migrations VALUES (184, 'wagtail_localize', '0016_rename_page_revision_translationlog_revision', '2024-05-28 08:43:09.464843+02');
INSERT INTO public.django_migrations VALUES (185, 'wagtailadmin', '0001_create_admin_access_permissions', '2024-05-28 08:43:09.507993+02');
INSERT INTO public.django_migrations VALUES (186, 'wagtailadmin', '0002_admin', '2024-05-28 08:43:09.510397+02');
INSERT INTO public.django_migrations VALUES (187, 'wagtailadmin', '0003_admin_managed', '2024-05-28 08:43:09.514907+02');
INSERT INTO public.django_migrations VALUES (188, 'wagtaildocs', '0001_initial', '2024-05-28 08:43:09.560426+02');
INSERT INTO public.django_migrations VALUES (189, 'wagtaildocs', '0002_initial_data', '2024-05-28 08:43:09.604212+02');
INSERT INTO public.django_migrations VALUES (190, 'wagtaildocs', '0003_add_verbose_names', '2024-05-28 08:43:09.675232+02');
INSERT INTO public.django_migrations VALUES (191, 'wagtaildocs', '0004_capitalizeverbose', '2024-05-28 08:43:09.886397+02');
INSERT INTO public.django_migrations VALUES (192, 'wagtaildocs', '0005_document_collection', '2024-05-28 08:43:09.936812+02');
INSERT INTO public.django_migrations VALUES (193, 'wagtaildocs', '0006_copy_document_permissions_to_collections', '2024-05-28 08:43:09.980699+02');
INSERT INTO public.django_migrations VALUES (194, 'wagtaildocs', '0005_alter_uploaded_by_user_on_delete_action', '2024-05-28 08:43:10.022149+02');
INSERT INTO public.django_migrations VALUES (195, 'wagtaildocs', '0007_merge', '2024-05-28 08:43:10.023792+02');
INSERT INTO public.django_migrations VALUES (196, 'wagtaildocs', '0008_document_file_size', '2024-05-28 08:43:10.042807+02');
INSERT INTO public.django_migrations VALUES (197, 'wagtaildocs', '0009_document_verbose_name_plural', '2024-05-28 08:43:10.063528+02');
INSERT INTO public.django_migrations VALUES (198, 'wagtaildocs', '0010_document_file_hash', '2024-05-28 08:43:10.083756+02');
INSERT INTO public.django_migrations VALUES (199, 'wagtaildocs', '0011_add_choose_permissions', '2024-05-28 08:43:10.253473+02');
INSERT INTO public.django_migrations VALUES (200, 'wagtaildocs', '0012_uploadeddocument', '2024-05-28 08:43:10.301408+02');
INSERT INTO public.django_migrations VALUES (201, 'wagtaildocs', '0013_delete_uploadeddocument', '2024-05-28 08:43:10.304413+02');
INSERT INTO public.django_migrations VALUES (202, 'wagtailembeds', '0001_initial', '2024-05-28 08:43:10.317229+02');
INSERT INTO public.django_migrations VALUES (203, 'wagtailembeds', '0002_add_verbose_names', '2024-05-28 08:43:10.320668+02');
INSERT INTO public.django_migrations VALUES (204, 'wagtailembeds', '0003_capitalizeverbose', '2024-05-28 08:43:10.324959+02');
INSERT INTO public.django_migrations VALUES (205, 'wagtailembeds', '0004_embed_verbose_name_plural', '2024-05-28 08:43:10.329315+02');
INSERT INTO public.django_migrations VALUES (206, 'wagtailembeds', '0005_specify_thumbnail_url_max_length', '2024-05-28 08:43:10.333603+02');
INSERT INTO public.django_migrations VALUES (207, 'wagtailembeds', '0006_add_embed_hash', '2024-05-28 08:43:10.337171+02');
INSERT INTO public.django_migrations VALUES (208, 'wagtailembeds', '0007_populate_hash', '2024-05-28 08:43:10.37752+02');
INSERT INTO public.django_migrations VALUES (209, 'wagtailembeds', '0008_allow_long_urls', '2024-05-28 08:43:10.399356+02');
INSERT INTO public.django_migrations VALUES (210, 'wagtailembeds', '0009_embed_cache_until', '2024-05-28 08:43:10.405909+02');
INSERT INTO public.django_migrations VALUES (211, 'wagtailforms', '0001_initial', '2024-05-28 08:43:10.453143+02');
INSERT INTO public.django_migrations VALUES (212, 'wagtailforms', '0002_add_verbose_names', '2024-05-28 08:43:10.48353+02');
INSERT INTO public.django_migrations VALUES (213, 'wagtailforms', '0003_capitalizeverbose', '2024-05-28 08:43:10.512298+02');
INSERT INTO public.django_migrations VALUES (214, 'wagtailforms', '0004_add_verbose_name_plural', '2024-05-28 08:43:10.527227+02');
INSERT INTO public.django_migrations VALUES (215, 'wagtailforms', '0005_alter_formsubmission_form_data', '2024-05-28 08:43:10.549853+02');
INSERT INTO public.django_migrations VALUES (216, 'wagtailredirects', '0001_initial', '2024-05-28 08:43:10.607141+02');
INSERT INTO public.django_migrations VALUES (217, 'wagtailredirects', '0002_add_verbose_names', '2024-05-28 08:43:10.66785+02');
INSERT INTO public.django_migrations VALUES (218, 'wagtailredirects', '0003_make_site_field_editable', '2024-05-28 08:43:10.711817+02');
INSERT INTO public.django_migrations VALUES (219, 'wagtailredirects', '0004_set_unique_on_path_and_site', '2024-05-28 08:43:10.820262+02');
INSERT INTO public.django_migrations VALUES (220, 'wagtailredirects', '0005_capitalizeverbose', '2024-05-28 08:43:10.959155+02');
INSERT INTO public.django_migrations VALUES (221, 'wagtailredirects', '0006_redirect_increase_max_length', '2024-05-28 08:43:10.979357+02');
INSERT INTO public.django_migrations VALUES (222, 'wagtailredirects', '0007_add_autocreate_fields', '2024-05-28 08:43:11.031741+02');
INSERT INTO public.django_migrations VALUES (223, 'wagtailredirects', '0008_add_verbose_name_plural', '2024-05-28 08:43:11.04812+02');
INSERT INTO public.django_migrations VALUES (224, 'wagtailsearch', '0001_initial', '2024-05-28 08:43:11.156313+02');
INSERT INTO public.django_migrations VALUES (225, 'wagtailsearch', '0002_add_verbose_names', '2024-05-28 08:43:11.229567+02');
INSERT INTO public.django_migrations VALUES (226, 'wagtailsearch', '0003_remove_editors_pick', '2024-05-28 08:43:11.232176+02');
INSERT INTO public.django_migrations VALUES (227, 'wagtailsearch', '0004_querydailyhits_verbose_name_plural', '2024-05-28 08:43:11.237301+02');
INSERT INTO public.django_migrations VALUES (228, 'wagtailsearch', '0005_create_indexentry', '2024-05-28 08:43:11.370172+02');
INSERT INTO public.django_migrations VALUES (229, 'wagtailsearch', '0006_customise_indexentry', '2024-05-28 08:43:11.446357+02');
INSERT INTO public.django_migrations VALUES (230, 'wagtailsearch', '0007_delete_editorspick', '2024-05-28 08:43:11.451928+02');
INSERT INTO public.django_migrations VALUES (231, 'wagtailsearch', '0008_remove_query_and_querydailyhits_models', '2024-05-28 08:43:11.465838+02');
INSERT INTO public.django_migrations VALUES (232, 'wagtailusers', '0001_initial', '2024-05-28 08:43:11.519231+02');
INSERT INTO public.django_migrations VALUES (233, 'wagtailusers', '0002_add_verbose_name_on_userprofile', '2024-05-28 08:43:11.565861+02');
INSERT INTO public.django_migrations VALUES (234, 'wagtailusers', '0003_add_verbose_names', '2024-05-28 08:43:11.582484+02');
INSERT INTO public.django_migrations VALUES (235, 'wagtailusers', '0004_capitalizeverbose', '2024-05-28 08:43:11.644975+02');
INSERT INTO public.django_migrations VALUES (236, 'wagtailusers', '0005_make_related_name_wagtail_specific', '2024-05-28 08:43:11.690212+02');
INSERT INTO public.django_migrations VALUES (237, 'wagtailusers', '0006_userprofile_prefered_language', '2024-05-28 08:43:11.707388+02');
INSERT INTO public.django_migrations VALUES (238, 'wagtailusers', '0007_userprofile_current_time_zone', '2024-05-28 08:43:11.726261+02');
INSERT INTO public.django_migrations VALUES (239, 'wagtailusers', '0008_userprofile_avatar', '2024-05-28 08:43:11.74426+02');
INSERT INTO public.django_migrations VALUES (240, 'wagtailusers', '0009_userprofile_verbose_name_plural', '2024-05-28 08:43:11.76303+02');
INSERT INTO public.django_migrations VALUES (241, 'wagtailusers', '0010_userprofile_updated_comments_notifications', '2024-05-28 08:43:11.78267+02');
INSERT INTO public.django_migrations VALUES (242, 'wagtailusers', '0011_userprofile_dismissibles', '2024-05-28 08:43:11.874041+02');
INSERT INTO public.django_migrations VALUES (243, 'wagtailusers', '0012_userprofile_theme', '2024-05-28 08:43:11.890492+02');
INSERT INTO public.django_migrations VALUES (244, 'wagtailusers', '0013_userprofile_density', '2024-05-28 08:43:11.910306+02');
INSERT INTO public.django_migrations VALUES (245, 'wagtailimages', '0001_squashed_0021', '2024-05-28 08:43:11.914894+02');
INSERT INTO public.django_migrations VALUES (246, 'wagtailcore', '0001_squashed_0016_change_page_url_path_to_text_field', '2024-05-28 08:43:11.916083+02');


--
-- Data for Name: django_session; Type: TABLE DATA; Schema: public; Owner: wagtailvillage
--

INSERT INTO public.django_session VALUES ('5m3v8v9lwvizkdyg283m857vmdp67bnc', '.eJztlltv4jgUgP8LUnmhQbETx06lPFB6Awq0QKeX1ShyYhNcQpLG5pJZ7X9fB2in3WVbtZp9mM5IieVzcXLOyfli_1nx6VxN_LnkuS9Y5aACKvvPdQENpzwpDeyeJlFaD9NE5SKoly71rVXWuynj8eHW98UDJlRO9GpEEEbQoq4FHIZxCMKAIuRiAh2XATAmNoaYQRdSl4ZjRC1CqBWQMYU2Bziwy4dKLqVIE5-vMpEXlQMATdcxzf3KkkaKitjIcr4QfGlsZX8h4phG3Chj5onKyrlVOfijEqazmVb4SarEWIRU6cdKL02qoczHM8FYzJc05yrV-XjLUY4CaYvi6vYoItNcXbJ7ebuCZGnK4eiyxWzzOsfZ4OGM3Jw7hTq9DfvhNwYv705V66Z9Vk34SnlVJVTMvQbN2YLm09qFDqYapKzQ0c0T5YGNYBq6kFxx5j3Kac547pmPoioy7mU0p1FOs8mjVjAPmQhh7lDDCZ3AsBkDBuU2NQJEETAtXBof3Rc0nnNvDx_uQRjEaTiVerJnNfbQ4UY55cVWA-Eyk8QuJdjUo9LJPJlGEyFr-lITXnuR2Xd3He6T-zyRqog5e7IynqnJxmxuNCKJRcKHpdtA9xt_Fhg62rjoDydU8V9WRhXdanUm-Ki8Xq7s0uwfDlUZzyOPbhMwyj6pSp76m0-mpzQPJz7jMsxFVvaKV51wykpkZtr3SQrTONVjTKX8rlPUV-sGeKaIacDjlxqRTL3qti-lMeqPGuf-SX_QHepP_6Ru9Vqj1i5Dt9Xze1fdHYbGzTNDVdFIhxal-n0L7lMd1Rqm9bSyDzBwCCb6rhNIEELO13_DpfslWg8iYXrxx5jCiZO2O_3MvLlDIzTrwAZj50WOxtNZMbhlpF-cjO8y93bYcbPUanTHrbC1cDG66cFvZ9DBu5k61FHVWmVYP5Qsqv9IQF8GMk3LsLFmjIaQGq4bQv0LA4gR-0NkhUtJ4rfJemzMWln12rrs9Z8asHULrfP4pJhlqVTSz_RLSz48YL6FHAZW3UYYQoh2IIffzdds1lwJdsGb7uAmJsfNw6uCJdNOREFzaFmwY62CtBjS3vwaTC6d4XEfrlr4y0M0nIvRCH9p_-brl-DrrSrUysCO4R4x9xqOjuLX4RHCOiGmY8HXdkD9qrxY74DvJ_S0oO34xL7MmkdRjxQBacYXtDsPnbNGb9ztnCXtduNwmmWTrNcQTpfFnen0KqFhn0Z9dHl0-gqhP_xoiceAIuoAw-Sha9iuRQwXj03DDSBAgcMcwviHAL1_cJD7jqPlU3o_P56f_pC5GXW5uAdNaBsmMiCpmUQXxkYv-NvN4k4sEagT27ZM29rBJXk3hPfztnq4Kyx3xhsFAgOhnYcxvHN5tz2bc2ieiOnp8agJ3PTKssajxUMybF637gZnshMWGPyG8NND-HoJPssG-b8h6wJ9snVtrCdf__obk_j1yA:1sBqgb:k0Vtd-XtiitLBiSH4X_b0_PPNIWOvoBZdsRUojLf6FA', '2024-06-11 08:51:53.993605+02');


--
-- Data for Name: django_village_djangovillageconfig; Type: TABLE DATA; Schema: public; Owner: wagtailvillage
--

INSERT INTO public.django_village_djangovillageconfig VALUES (1, 'fr', 'Site title', 'Site tagline', '', 'Web Village', 'Web<br />Village', false, 'Web Village', 'Web<br />Village', '', '', '', '', '', 0.0, false, 'NOT');


--
-- Data for Name: django_village_villagesocialmedia; Type: TABLE DATA; Schema: public; Owner: wagtailvillage
--



--
-- Data for Name: taggit_tag; Type: TABLE DATA; Schema: public; Owner: wagtailvillage
--



--
-- Data for Name: taggit_taggeditem; Type: TABLE DATA; Schema: public; Owner: wagtailvillage
--



--
-- Data for Name: wagtail_localize_localesynchronization; Type: TABLE DATA; Schema: public; Owner: wagtailvillage
--



--
-- Data for Name: wagtail_localize_overridablesegment; Type: TABLE DATA; Schema: public; Owner: wagtailvillage
--



--
-- Data for Name: wagtail_localize_relatedobjectsegment; Type: TABLE DATA; Schema: public; Owner: wagtailvillage
--



--
-- Data for Name: wagtail_localize_segmentoverride; Type: TABLE DATA; Schema: public; Owner: wagtailvillage
--



--
-- Data for Name: wagtail_localize_string; Type: TABLE DATA; Schema: public; Owner: wagtailvillage
--



--
-- Data for Name: wagtail_localize_stringsegment; Type: TABLE DATA; Schema: public; Owner: wagtailvillage
--



--
-- Data for Name: wagtail_localize_stringtranslation; Type: TABLE DATA; Schema: public; Owner: wagtailvillage
--



--
-- Data for Name: wagtail_localize_template; Type: TABLE DATA; Schema: public; Owner: wagtailvillage
--



--
-- Data for Name: wagtail_localize_templatesegment; Type: TABLE DATA; Schema: public; Owner: wagtailvillage
--



--
-- Data for Name: wagtail_localize_translatableobject; Type: TABLE DATA; Schema: public; Owner: wagtailvillage
--



--
-- Data for Name: wagtail_localize_translation; Type: TABLE DATA; Schema: public; Owner: wagtailvillage
--



--
-- Data for Name: wagtail_localize_translationcontext; Type: TABLE DATA; Schema: public; Owner: wagtailvillage
--



--
-- Data for Name: wagtail_localize_translationlog; Type: TABLE DATA; Schema: public; Owner: wagtailvillage
--



--
-- Data for Name: wagtail_localize_translationsource; Type: TABLE DATA; Schema: public; Owner: wagtailvillage
--



--
-- Data for Name: sites_faciles_analyticssettings; Type: TABLE DATA; Schema: public; Owner: wagtailvillage
--

INSERT INTO public.sites_faciles_analyticssettings VALUES (1, NULL, NULL, 1);


--
-- Data for Name: sites_faciles_contentpage; Type: TABLE DATA; Schema: public; Owner: wagtailvillage
--

INSERT INTO public.sites_faciles_contentpage VALUES (3, '[{"id": "611a63a2-ab81-4308-a753-13e279acf497", "type": "imageandtext", "value": {"link": {"text": "Village !", "external_url": "https://www.village.org"}, "text": "<p>Bienvenue!</p>\n\n        <p>Vous venez de crer un site utilisant le gestionnaire de contenus de ltat.</p>\n\n        <p>Vous pouvez maintenant vous\n        <a href-=''/cms-admin/''>connecter dans ladministration</a> et personnaliser le site.</p>\n\n        ", "image": 1, "image_ratio": "3"}}, {"id": "e4fee4d4-775c-4c66-967b-21cdc3158299", "type": "paragraph", "value": "\n        <p>En particulier, vous devrez :</p>\n        <ul>\n            <li>Configurer le site dans Configuration > Configuration du site</li>\n            <li>Remplacer le contenu de la page de mentions lgales</li>\n            <li>Remplacer le contenu de cette page daccueil.</li>\n        </ul>\n        "}]', false, NULL, false, false, NULL, NULL, NULL, NULL);
INSERT INTO public.sites_faciles_contentpage VALUES (4, '[{"id": "1d7055ce-e5af-48d3-9995-54cb5ba83479", "type": "alert", "value": {"level": "info", "title": "Mentions lgales", "description": "Entrez ici les mentions lgales du site.<br />\n                    <a href=\"https://www.francenum.gouv.fr/guides-et-conseils/developpement-commercial/site-web/quelles-sont-les-mentions-legales-pour-un-site\">\n                    Que doivent-elles obligatoirement contenir?</a>", "heading_tag": "h2"}}, {"id": "b7618963-44be-40fa-9e25-93b178573ac0", "type": "paragraph", "value": "\n                <p>Daprs la <a href=\"https://www.systeme-de-design.gouv.fr/elements-d-interface/composants/pied-de-page\">documentation du systme de design</a>,\n                le pied de page doit contenir a minima les quatre liens suivants :</p>\n                <ul>\n                    <li>Accessibilit : non/partiellement/totalement conforme</li>\n                    <li>Mentions lgales</li>\n                    <li>Donnes personnelles</li>\n                    <li>Gestion des cookies</li>\n                </ul>\n                <p>Ces deux derniers peuvent pointer vers des pages  part entire ou des sections de cette page.</p>\n                "}]', false, NULL, false, false, NULL, NULL, NULL, NULL);
INSERT INTO public.sites_faciles_contentpage VALUES (5, '[{"id": "7dd555f8-58fb-405a-9b7e-ce1f26e8bddd", "type": "alert", "value": {"level": "info", "title": "Dclaration daccessibilit", "description": "Entrez ici la dclaration daccessibilit.<br />\n                    <a href=\"https://betagouv.github.io/a11y-generateur-declaration/#create\">\n                    Gnrateur de dclaration daccessibilit</a>", "heading_tag": "h2"}}]', false, NULL, false, false, NULL, NULL, NULL, NULL);
INSERT INTO public.sites_faciles_contentpage VALUES (6, '[{"id": "50557e6a-6c6b-4dd1-ae4a-b5a5103757e6", "type": "paragraph", "value": "<p data-block-key=\"wps84\">This is the Aardvark Page</p>"}]', false, NULL, false, false, NULL, NULL, NULL, NULL);
INSERT INTO public.sites_faciles_contentpage VALUES (8, '[{"id": "7f1a5a61-0ec9-4938-97f0-9b215b6d68de", "type": "paragraph", "value": "<p data-block-key=\"jq659\">This is the Aardvark Blog Page</p>"}]', false, NULL, false, false, NULL, NULL, NULL, NULL);


--
-- Data for Name: sites_faciles_formfield; Type: TABLE DATA; Schema: public; Owner: wagtailvillage
--



--
-- Data for Name: sites_faciles_formpage; Type: TABLE DATA; Schema: public; Owner: wagtailvillage
--



--
-- Data for Name: sites_faciles_megamenu; Type: TABLE DATA; Schema: public; Owner: wagtailvillage
--



--
-- Data for Name: sites_faciles_megamenucategory; Type: TABLE DATA; Schema: public; Owner: wagtailvillage
--



--
-- Data for Name: sites_faciles_socialmediaitem; Type: TABLE DATA; Schema: public; Owner: wagtailvillage
--



--
-- Data for Name: sites_faciles_tagcontentpage; Type: TABLE DATA; Schema: public; Owner: wagtailvillage
--



--
-- Data for Name: sites_faciles_wagtailvillageconfig; Type: TABLE DATA; Schema: public; Owner: wagtailvillage
--

INSERT INTO public.sites_faciles_wagtailvillageconfig VALUES (1, '', false, false, 1);


--
-- Data for Name: wagtailadmin_admin; Type: TABLE DATA; Schema: public; Owner: wagtailvillage
--



--
-- Data for Name: wagtailcore_collection; Type: TABLE DATA; Schema: public; Owner: wagtailvillage
--

INSERT INTO public.wagtailcore_collection VALUES (1, '0001', 1, 0, 'Root');


--
-- Data for Name: wagtailcore_collectionviewrestriction; Type: TABLE DATA; Schema: public; Owner: wagtailvillage
--



--
-- Data for Name: wagtailcore_collectionviewrestriction_groups; Type: TABLE DATA; Schema: public; Owner: wagtailvillage
--



--
-- Data for Name: wagtailcore_comment; Type: TABLE DATA; Schema: public; Owner: wagtailvillage
--



--
-- Data for Name: wagtailcore_commentreply; Type: TABLE DATA; Schema: public; Owner: wagtailvillage
--



--
-- Data for Name: wagtailcore_groupapprovaltask; Type: TABLE DATA; Schema: public; Owner: wagtailvillage
--

INSERT INTO public.wagtailcore_groupapprovaltask VALUES (1);


--
-- Data for Name: wagtailcore_groupapprovaltask_groups; Type: TABLE DATA; Schema: public; Owner: wagtailvillage
--

INSERT INTO public.wagtailcore_groupapprovaltask_groups VALUES (1, 1, 1);


--
-- Data for Name: wagtailcore_groupcollectionpermission; Type: TABLE DATA; Schema: public; Owner: wagtailvillage
--

INSERT INTO public.wagtailcore_groupcollectionpermission VALUES (1, 1, 1, 1);
INSERT INTO public.wagtailcore_groupcollectionpermission VALUES (2, 1, 2, 1);
INSERT INTO public.wagtailcore_groupcollectionpermission VALUES (3, 1, 1, 2);
INSERT INTO public.wagtailcore_groupcollectionpermission VALUES (4, 1, 2, 2);
INSERT INTO public.wagtailcore_groupcollectionpermission VALUES (5, 1, 1, 107);
INSERT INTO public.wagtailcore_groupcollectionpermission VALUES (6, 1, 2, 107);
INSERT INTO public.wagtailcore_groupcollectionpermission VALUES (7, 1, 1, 108);
INSERT INTO public.wagtailcore_groupcollectionpermission VALUES (8, 1, 2, 108);
INSERT INTO public.wagtailcore_groupcollectionpermission VALUES (9, 1, 1, 110);
INSERT INTO public.wagtailcore_groupcollectionpermission VALUES (10, 1, 2, 110);


--
-- Data for Name: wagtailcore_grouppagepermission; Type: TABLE DATA; Schema: public; Owner: wagtailvillage
--

INSERT INTO public.wagtailcore_grouppagepermission VALUES (1, 1, 1, 37);
INSERT INTO public.wagtailcore_grouppagepermission VALUES (2, 1, 1, 38);
INSERT INTO public.wagtailcore_grouppagepermission VALUES (3, 1, 1, 43);
INSERT INTO public.wagtailcore_grouppagepermission VALUES (4, 2, 1, 37);
INSERT INTO public.wagtailcore_grouppagepermission VALUES (5, 2, 1, 38);
INSERT INTO public.wagtailcore_grouppagepermission VALUES (6, 1, 1, 42);
INSERT INTO public.wagtailcore_grouppagepermission VALUES (7, 1, 1, 44);


--
-- Data for Name: wagtailcore_locale; Type: TABLE DATA; Schema: public; Owner: wagtailvillage
--

INSERT INTO public.wagtailcore_locale VALUES (1, 'fr');


--
-- Data for Name: wagtailcore_modellogentry; Type: TABLE DATA; Schema: public; Owner: wagtailvillage
--



--
-- Data for Name: wagtailcore_page; Type: TABLE DATA; Schema: public; Owner: wagtailvillage
--

INSERT INTO public.wagtailcore_page VALUES (1, '0001', 1, 1, 'Root', 'root', true, false, '/', '', false, '', NULL, NULL, false, 1, NULL, false, NULL, NULL, NULL, NULL, 'Root', NULL, NULL, '36a7144e-b385-42b6-af2d-cf626acbea00', 1, NULL, NULL);
INSERT INTO public.wagtailcore_page VALUES (4, '000100020001', 3, 0, 'Mentions lgales', 'mentions-legales', true, false, '/home/mentions-legales/', '', true, 'Daprs la documentation du systme de design , le pied de page doit contenir a minima les quatre liens suivants []', NULL, NULL, false, 67, NULL, false, NULL, NULL, NULL, NULL, 'Mentions lgales', NULL, NULL, 'bfb11b39-1d6c-4b38-9e9a-3340335ae92c', 1, NULL, NULL);
INSERT INTO public.wagtailcore_page VALUES (5, '000100020002', 3, 0, 'Dclaration daccessibilit', 'accessibilite', true, false, '/home/accessibilite/', '', true, '', NULL, NULL, false, 67, NULL, false, NULL, NULL, NULL, NULL, 'Dclaration daccessibilit', NULL, NULL, '0fd2253b-2728-49c6-9fc2-6e6463440c6c', 1, NULL, NULL);
INSERT INTO public.wagtailcore_page VALUES (6, '000100020003', 3, 0, 'Aardvark Page', 'aardvark-page', true, false, '/home/aardvark-page/', '', false, 'This is the Aardvark Page []', NULL, NULL, false, 67, 1, false, '2024-05-28 08:44:50.215431+02', '2024-05-28 08:44:50.244975+02', 1, '2024-05-28 08:44:50.244975+02', 'Aardvark Page', NULL, NULL, 'f6e72577-47f5-4c99-b9c5-ad203ff87ddf', 1, NULL, 1);
INSERT INTO public.wagtailcore_page VALUES (3, '00010002', 2, 4, 'Votre nouveau site avec Sites faciles', 'home', true, false, '/home/', '', true, 'Bienvenue ! Vous venez de crer un site utilisant le gestionnaire de contenus de ltat. Vous pouvez maintenant vous connecter []', NULL, NULL, false, 67, NULL, false, NULL, NULL, NULL, NULL, 'Votre nouveau site avec Sites faciles', NULL, NULL, '9d429550-b6c3-4daa-a341-c574b44dec22', 1, NULL, NULL);
INSERT INTO public.wagtailcore_page VALUES (7, '000100020004', 3, 1, 'Aardvark Blog Index', 'aardvark-blog-index', true, false, '/home/aardvark-blog-index/', '', false, 'This is the aardvark blog index. []', NULL, NULL, false, 74, 1, false, '2024-05-28 08:45:17.232745+02', '2024-05-28 08:45:17.266704+02', 2, '2024-05-28 08:45:17.266704+02', 'Aardvark Blog Index', NULL, NULL, '4f4a0f00-7b84-4994-977e-83e214256692', 1, NULL, 2);
INSERT INTO public.wagtailcore_page VALUES (8, '0001000200040001', 4, 0, 'Aardvark Blog Page', 'aardvark-blog-page', true, false, '/home/aardvark-blog-index/aardvark-blog-page/', '', false, 'This is the Aardvark Blog Page []', NULL, NULL, false, 73, 1, false, '2024-05-28 08:52:01.302023+02', '2024-05-28 08:45:54.47419+02', 6, '2024-05-28 08:52:01.339475+02', 'Aardvark Blog Page', NULL, NULL, 'a068eee5-1bb9-48d8-a77a-333e974f8ef1', 1, NULL, 6);


--
-- Data for Name: wagtailcore_pagelogentry; Type: TABLE DATA; Schema: public; Owner: wagtailvillage
--

INSERT INTO public.wagtailcore_pagelogentry VALUES (1, 'Votre nouveau site avec Sites faciles', 'wagtail.create', '{}', '2024-05-28 08:43:16.745022+02', true, false, 67, 3, NULL, NULL, NULL);
INSERT INTO public.wagtailcore_pagelogentry VALUES (2, 'Welcome to your new Wagtail site!', 'wagtail.delete', '{}', '2024-05-28 08:43:16.752725+02', false, true, 1, 2, NULL, NULL, NULL);
INSERT INTO public.wagtailcore_pagelogentry VALUES (3, 'Mentions lgales', 'wagtail.create', '{}', '2024-05-28 08:43:16.827459+02', true, false, 67, 4, NULL, NULL, NULL);
INSERT INTO public.wagtailcore_pagelogentry VALUES (4, 'Dclaration daccessibilit', 'wagtail.create', '{}', '2024-05-28 08:43:16.857777+02', true, false, 67, 5, NULL, NULL, NULL);
INSERT INTO public.wagtailcore_pagelogentry VALUES (5, 'Aardvark Page', 'wagtail.create', '{}', '2024-05-28 08:44:50.202137+02', true, false, 67, 6, NULL, 1, '8bae0cf7-5f8a-4110-8d5a-8464d99c48a2');
INSERT INTO public.wagtailcore_pagelogentry VALUES (6, 'Aardvark Page', 'wagtail.edit', '{}', '2024-05-28 08:44:50.231256+02', true, false, 67, 6, 1, 1, '8bae0cf7-5f8a-4110-8d5a-8464d99c48a2');
INSERT INTO public.wagtailcore_pagelogentry VALUES (7, 'Aardvark Page', 'wagtail.publish', '{}', '2024-05-28 08:44:50.27641+02', true, false, 67, 6, 1, 1, '8bae0cf7-5f8a-4110-8d5a-8464d99c48a2');
INSERT INTO public.wagtailcore_pagelogentry VALUES (8, 'Aardvark Blog Index', 'wagtail.create', '{}', '2024-05-28 08:45:17.217443+02', true, false, 74, 7, NULL, 1, 'cd3498b8-f44f-4c99-a655-44ba70330f86');
INSERT INTO public.wagtailcore_pagelogentry VALUES (9, 'Aardvark Blog Index', 'wagtail.edit', '{}', '2024-05-28 08:45:17.249988+02', true, false, 74, 7, 2, 1, 'cd3498b8-f44f-4c99-a655-44ba70330f86');
INSERT INTO public.wagtailcore_pagelogentry VALUES (10, 'Aardvark Blog Index', 'wagtail.publish', '{}', '2024-05-28 08:45:17.300348+02', true, false, 74, 7, 2, 1, 'cd3498b8-f44f-4c99-a655-44ba70330f86');
INSERT INTO public.wagtailcore_pagelogentry VALUES (11, 'Aardvark Blog Page', 'wagtail.create', '{}', '2024-05-28 08:45:54.420228+02', true, false, 73, 8, NULL, 1, 'e36c91ea-2e12-4c7e-9a57-7aca90265d69');
INSERT INTO public.wagtailcore_pagelogentry VALUES (12, 'Aardvark Blog Page', 'wagtail.edit', '{}', '2024-05-28 08:45:54.45912+02', true, false, 73, 8, 3, 1, 'e36c91ea-2e12-4c7e-9a57-7aca90265d69');
INSERT INTO public.wagtailcore_pagelogentry VALUES (13, 'Aardvark Blog Page', 'wagtail.publish', '{}', '2024-05-28 08:45:54.509259+02', true, false, 73, 8, 3, 1, 'e36c91ea-2e12-4c7e-9a57-7aca90265d69');
INSERT INTO public.wagtailcore_pagelogentry VALUES (14, 'Aardvark Blog Page', 'wagtail.edit', '{}', '2024-05-28 08:50:42.142273+02', true, false, 73, 8, 4, 1, '9c0c223c-fb3c-4044-8009-98a96656eadf');
INSERT INTO public.wagtailcore_pagelogentry VALUES (15, 'Aardvark Blog Page', 'wagtail.edit', '{}', '2024-05-28 08:51:50.950954+02', true, false, 73, 8, 5, 1, 'add48a89-755e-49c2-bfc5-d4f591cc81f3');
INSERT INTO public.wagtailcore_pagelogentry VALUES (16, 'Aardvark Blog Page', 'wagtail.edit', '{}', '2024-05-28 08:52:01.323879+02', true, false, 73, 8, 6, 1, '983e2df0-3ed1-44a9-9684-3f7ed18cb712');
INSERT INTO public.wagtailcore_pagelogentry VALUES (17, 'Aardvark Blog Page', 'wagtail.publish', '{}', '2024-05-28 08:52:01.375604+02', true, false, 73, 8, 6, 1, '983e2df0-3ed1-44a9-9684-3f7ed18cb712');


--
-- Data for Name: wagtailcore_pagesubscription; Type: TABLE DATA; Schema: public; Owner: wagtailvillage
--

INSERT INTO public.wagtailcore_pagesubscription VALUES (1, true, 6, 1);
INSERT INTO public.wagtailcore_pagesubscription VALUES (2, true, 7, 1);
INSERT INTO public.wagtailcore_pagesubscription VALUES (3, true, 8, 1);


--
-- Data for Name: wagtailcore_pageviewrestriction; Type: TABLE DATA; Schema: public; Owner: wagtailvillage
--



--
-- Data for Name: wagtailcore_pageviewrestriction_groups; Type: TABLE DATA; Schema: public; Owner: wagtailvillage
--



--
-- Data for Name: wagtailcore_referenceindex; Type: TABLE DATA; Schema: public; Owner: wagtailvillage
--

INSERT INTO public.wagtailcore_referenceindex VALUES (1, '1', '1', 'collection', 'collection', 'b40b1263-e929-57f2-a7f8-9dbce56b887b', 2, 2, 8);
INSERT INTO public.wagtailcore_referenceindex VALUES (2, '3', '1', 'body.imageandtext.image', 'body.611a63a2-ab81-4308-a753-13e279acf497.image', '44eeaafc-862a-5fef-ba46-22cb44363b16', 1, 67, 2);
INSERT INTO public.wagtailcore_referenceindex VALUES (3, '1', '1', 'site', 'site', '108c2ea7-9201-5d0b-9621-2f6ef5216d9f', 38, 38, 5);
INSERT INTO public.wagtailcore_referenceindex VALUES (4, '1', '4', 'menu_items.item.link_page', 'menu_items.1.link_page', '89565392-45d8-5313-b0fe-fa69fdcfd6e3', 38, 38, 1);
INSERT INTO public.wagtailcore_referenceindex VALUES (5, '1', '5', 'menu_items.item.link_page', 'menu_items.2.link_page', '66a7c865-23fe-573e-912c-6883cb26a5c0', 38, 38, 1);


--
-- Data for Name: wagtailcore_revision; Type: TABLE DATA; Schema: public; Owner: wagtailvillage
--

INSERT INTO public.wagtailcore_revision VALUES (1, '2024-05-28 08:44:50.215431+02', '{"pk": 6, "body": "[{\"type\": \"paragraph\", \"value\": \"<p data-block-key=\\\"wps84\\\">This is the Aardvark Page</p>\", \"id\": \"50557e6a-6c6b-4dd1-ae4a-b5a5103757e6\"}]", "live": true, "path": "000100020003", "slug": "aardvark-page", "depth": 3, "owner": 1, "title": "Aardvark Page", "locale": 1, "locked": false, "expired": false, "alias_of": null, "numchild": 0, "url_path": "/home/aardvark-page/", "expire_at": null, "locked_at": null, "locked_by": null, "seo_title": "", "go_live_at": null, "draft_title": "Aardvark Page", "content_type": 67, "header_image": null, "header_large": false, "header_darken": false, "live_revision": null, "show_in_menus": false, "header_cta_link": null, "header_cta_text": null, "latest_revision": null, "translation_key": "f6e72577-47f5-4c99-b9c5-ad203ff87ddf", "contentpage_tags": [], "header_cta_label": null, "header_with_title": false, "last_published_at": null, "first_published_at": null, "header_color_class": null, "search_description": "This is the Aardvark Page []", "wagtail_admin_comments": [], "has_unpublished_changes": false, "latest_revision_created_at": null}', NULL, '6', 1, 67, 1, 'Aardvark Page');
INSERT INTO public.wagtailcore_revision VALUES (2, '2024-05-28 08:45:17.232745+02', '{"pk": 7, "body": "[{\"type\": \"paragraph\", \"value\": \"<p data-block-key=\\\"cws8l\\\">This is the aardvark blog index.</p>\", \"id\": \"aacf1cf1-5003-476a-ac2a-99c259715d84\"}]", "live": true, "path": "000100020004", "slug": "aardvark-blog-index", "depth": 3, "owner": 1, "title": "Aardvark Blog Index", "locale": 1, "locked": false, "expired": false, "alias_of": null, "numchild": 0, "url_path": "/home/aardvark-blog-index/", "expire_at": null, "locked_at": null, "locked_by": null, "seo_title": "", "go_live_at": null, "draft_title": "Aardvark Blog Index", "content_type": 74, "header_image": null, "header_large": false, "header_darken": false, "live_revision": null, "show_in_menus": false, "posts_per_page": 10, "header_cta_link": null, "header_cta_text": null, "latest_revision": null, "translation_key": "4f4a0f00-7b84-4994-977e-83e214256692", "header_cta_label": null, "header_with_title": false, "last_published_at": null, "first_published_at": null, "header_color_class": null, "search_description": "This is the aardvark blog index. []", "wagtail_admin_comments": [], "has_unpublished_changes": false, "latest_revision_created_at": null}', NULL, '7', 1, 74, 1, 'Aardvark Blog Index');
INSERT INTO public.wagtailcore_revision VALUES (3, '2024-05-28 08:45:54.439185+02', '{"pk": 8, "body": "[{\"type\": \"paragraph\", \"value\": \"<p data-block-key=\\\"jq659\\\">This is the Aardvark Blog Page</p>\", \"id\": \"7f1a5a61-0ec9-4938-97f0-9b215b6d68de\"}]", "date": "2024-05-28T06:45:00Z", "live": true, "path": "0001000200040001", "slug": "aardvark-blog-page", "depth": 4, "owner": 1, "title": "Aardvark Blog Page", "locale": 1, "locked": false, "authors": [], "expired": false, "alias_of": null, "numchild": 0, "url_path": "/home/aardvark-blog-index/aardvark-blog-page/", "expire_at": null, "locked_at": null, "locked_by": null, "seo_title": "", "entry_tags": [], "go_live_at": null, "draft_title": "Aardvark Blog Page", "content_type": 73, "header_image": null, "header_large": false, "header_darken": false, "live_revision": null, "show_in_menus": false, "blog_categories": [], "header_cta_link": null, "header_cta_text": null, "latest_revision": null, "translation_key": "a068eee5-1bb9-48d8-a77a-333e974f8ef1", "contentpage_tags": [], "entry_categories": [], "header_cta_label": null, "header_with_title": false, "last_published_at": null, "first_published_at": null, "header_color_class": null, "search_description": "This is the Aardvark Blog Page []", "wagtail_admin_comments": [], "has_unpublished_changes": false, "latest_revision_created_at": null}', NULL, '8', 1, 73, 1, 'Aardvark Blog Page');
INSERT INTO public.wagtailcore_revision VALUES (4, '2024-05-28 08:50:42.116289+02', '{"pk": 8, "body": "[{\"type\": \"paragraph\", \"value\": \"<p data-block-key=\\\"jq659\\\">This is the Aardvark Blog Page</p>\", \"id\": \"7f1a5a61-0ec9-4938-97f0-9b215b6d68de\"}]", "date": "2024-05-28T06:45:00Z", "live": true, "path": "0001000200040001", "slug": "aardvark-blog-page", "depth": 4, "owner": 1, "title": "Aardvark Blog Page", "locale": 1, "locked": false, "authors": [], "expired": false, "alias_of": null, "numchild": 0, "url_path": "/home/aardvark-blog-index/aardvark-blog-page/", "expire_at": null, "locked_at": null, "locked_by": null, "seo_title": "", "entry_tags": [], "go_live_at": null, "draft_title": "Aardvark Blog Page", "content_type": 73, "header_image": null, "header_large": false, "header_darken": false, "live_revision": 3, "show_in_menus": false, "blog_categories": [], "header_cta_link": null, "header_cta_text": null, "latest_revision": 3, "translation_key": "a068eee5-1bb9-48d8-a77a-333e974f8ef1", "contentpage_tags": [], "entry_categories": [], "header_cta_label": null, "header_with_title": false, "last_published_at": "2024-05-28T06:45:54.474Z", "first_published_at": "2024-05-28T06:45:54.474Z", "header_color_class": null, "search_description": "This is the Aardvark Blog Page []", "wagtail_admin_comments": [], "has_unpublished_changes": false, "latest_revision_created_at": "2024-05-28T06:45:54.439Z"}', NULL, '8', 1, 73, 1, 'Aardvark Blog Page');
INSERT INTO public.wagtailcore_revision VALUES (5, '2024-05-28 08:51:50.930194+02', '{"pk": 8, "body": "[{\"type\": \"paragraph\", \"value\": \"<p data-block-key=\\\"jq659\\\">This is the Aardvark Blog Page</p>\", \"id\": \"7f1a5a61-0ec9-4938-97f0-9b215b6d68de\"}]", "date": "2024-05-28T06:45:00Z", "live": true, "path": "0001000200040001", "slug": "aardvark-blog-page", "depth": 4, "owner": 1, "title": "Aardvark Blog Page", "locale": 1, "locked": false, "authors": [], "expired": false, "alias_of": null, "numchild": 0, "url_path": "/home/aardvark-blog-index/aardvark-blog-page/", "expire_at": null, "locked_at": null, "locked_by": null, "seo_title": "", "entry_tags": [], "go_live_at": null, "draft_title": "Aardvark Blog Page", "content_type": 73, "header_image": null, "header_large": false, "header_darken": false, "live_revision": 3, "show_in_menus": false, "blog_categories": [], "header_cta_link": null, "header_cta_text": null, "latest_revision": 4, "translation_key": "a068eee5-1bb9-48d8-a77a-333e974f8ef1", "contentpage_tags": [], "entry_categories": [], "header_cta_label": null, "header_with_title": false, "last_published_at": "2024-05-28T06:45:54.474Z", "first_published_at": "2024-05-28T06:45:54.474Z", "header_color_class": null, "search_description": "This is the Aardvark Blog Page []", "wagtail_admin_comments": [], "has_unpublished_changes": true, "latest_revision_created_at": "2024-05-28T06:50:42.116Z"}', NULL, '8', 1, 73, 1, 'Aardvark Blog Page');
INSERT INTO public.wagtailcore_revision VALUES (6, '2024-05-28 08:52:01.302023+02', '{"pk": 8, "body": "[{\"type\": \"paragraph\", \"value\": \"<p data-block-key=\\\"jq659\\\">This is the Aardvark Blog Page</p>\", \"id\": \"7f1a5a61-0ec9-4938-97f0-9b215b6d68de\"}]", "date": "2024-05-28T06:45:00Z", "live": true, "path": "0001000200040001", "slug": "aardvark-blog-page", "depth": 4, "owner": 1, "title": "Aardvark Blog Page", "locale": 1, "locked": false, "authors": [], "expired": false, "alias_of": null, "numchild": 0, "url_path": "/home/aardvark-blog-index/aardvark-blog-page/", "expire_at": null, "locked_at": null, "locked_by": null, "seo_title": "", "entry_tags": [], "go_live_at": null, "draft_title": "Aardvark Blog Page", "content_type": 73, "header_image": null, "header_large": false, "header_darken": false, "live_revision": 3, "show_in_menus": false, "blog_categories": [], "header_cta_link": null, "header_cta_text": null, "latest_revision": 5, "translation_key": "a068eee5-1bb9-48d8-a77a-333e974f8ef1", "contentpage_tags": [], "entry_categories": [], "header_cta_label": null, "header_with_title": false, "last_published_at": "2024-05-28T06:45:54.474Z", "first_published_at": "2024-05-28T06:45:54.474Z", "header_color_class": null, "search_description": "This is the Aardvark Blog Page []", "wagtail_admin_comments": [], "has_unpublished_changes": true, "latest_revision_created_at": "2024-05-28T06:51:50.930Z"}', NULL, '8', 1, 73, 1, 'Aardvark Blog Page');


--
-- Data for Name: wagtailcore_site; Type: TABLE DATA; Schema: public; Owner: wagtailvillage
--

INSERT INTO public.wagtailcore_site VALUES (1, 'localhost', 80, true, 3, '');


--
-- Data for Name: wagtailcore_task; Type: TABLE DATA; Schema: public; Owner: wagtailvillage
--

INSERT INTO public.wagtailcore_task VALUES (1, 'Moderators approval', true, 3);


--
-- Data for Name: wagtailcore_taskstate; Type: TABLE DATA; Schema: public; Owner: wagtailvillage
--



--
-- Data for Name: wagtailcore_uploadedfile; Type: TABLE DATA; Schema: public; Owner: wagtailvillage
--



--
-- Data for Name: wagtailcore_workflow; Type: TABLE DATA; Schema: public; Owner: wagtailvillage
--

INSERT INTO public.wagtailcore_workflow VALUES (1, 'Moderators approval', true);


--
-- Data for Name: wagtailcore_workflowcontenttype; Type: TABLE DATA; Schema: public; Owner: wagtailvillage
--



--
-- Data for Name: wagtailcore_workflowpage; Type: TABLE DATA; Schema: public; Owner: wagtailvillage
--

INSERT INTO public.wagtailcore_workflowpage VALUES (1, 1);


--
-- Data for Name: wagtailcore_workflowstate; Type: TABLE DATA; Schema: public; Owner: wagtailvillage
--



--
-- Data for Name: wagtailcore_workflowtask; Type: TABLE DATA; Schema: public; Owner: wagtailvillage
--

INSERT INTO public.wagtailcore_workflowtask VALUES (1, 0, 1, 1);


--
-- Data for Name: wagtaildocs_document; Type: TABLE DATA; Schema: public; Owner: wagtailvillage
--



--
-- Data for Name: wagtailembeds_embed; Type: TABLE DATA; Schema: public; Owner: wagtailvillage
--



--
-- Data for Name: wagtailforms_formsubmission; Type: TABLE DATA; Schema: public; Owner: wagtailvillage
--



--
-- Data for Name: wagtailimages_image; Type: TABLE DATA; Schema: public; Owner: wagtailvillage
--

INSERT INTO public.wagtailimages_image VALUES (1, 'Pictogrammes DSFR  Internet', 'original_images/Pictogrammes_DSFR__Internet_hpxQHev', 80, 80, '2024-05-28 08:43:16.700363+02', NULL, NULL, NULL, NULL, NULL, NULL, 1, '');


--
-- Data for Name: wagtailimages_rendition; Type: TABLE DATA; Schema: public; Owner: wagtailvillage
--

INSERT INTO public.wagtailimages_rendition VALUES (1, 'images/Pictogrammes_DSFR__Internet_hpxQHev.original.svg', 80, 80, '', 'original', 1);


--
-- Data for Name: wagtailmenus_flatmenu; Type: TABLE DATA; Schema: public; Owner: wagtailvillage
--

INSERT INTO public.wagtailmenus_flatmenu VALUES (1, 'Pied de page', 'footer', '', 1, 1);


--
-- Data for Name: wagtailmenus_flatmenuitem; Type: TABLE DATA; Schema: public; Owner: wagtailvillage
--

INSERT INTO public.wagtailmenus_flatmenuitem VALUES (1, NULL, '', NULL, 4, 1, '', false, '');
INSERT INTO public.wagtailmenus_flatmenuitem VALUES (2, NULL, 'Accessibilit: non conforme', NULL, 5, 1, '', false, '');


--
-- Data for Name: wagtailmenus_mainmenu; Type: TABLE DATA; Schema: public; Owner: wagtailvillage
--

INSERT INTO public.wagtailmenus_mainmenu VALUES (1, 1, 2);


--
-- Data for Name: wagtailmenus_mainmenuitem; Type: TABLE DATA; Schema: public; Owner: wagtailvillage
--



--
-- Data for Name: wagtailredirects_redirect; Type: TABLE DATA; Schema: public; Owner: wagtailvillage
--



--
-- Data for Name: wagtailsearch_indexentry; Type: TABLE DATA; Schema: public; Owner: wagtailvillage
--

INSERT INTO public.wagtailsearch_indexentry VALUES (1, '1', 1.3333333333333333, 2, '''dsfr'':2 ''internet'':3 ''pictogrammes'':1', '''dsfr'':2A ''internet'':3A ''pictogramm'':1A', '');
INSERT INTO public.wagtailsearch_indexentry VALUES (3, '1', 3, 1, '''root'':1', '''root'':1B', '');
INSERT INTO public.wagtailsearch_indexentry VALUES (2, '3', 0.6, 67, '''avec'':4 ''faciles'':6 ''nouveau'':2 ''site'':3 ''sites'':5 ''votre'':1', '''avec'':4B ''facil'':6B ''nouveau'':2B ''site'':3B,5B ''votr'':1B', '''3/12'':2 ''accueil'':60 ''administr'':25 ''bienvenu'':3 ''cett'':57 ''configur'':36,40,41 ''connect'':22 ''contenu'':46,55 ''contenus'':14 ''crer'':7 ''d'':59 ''dan'':23,39 ''de'':6,13,15,47,50,56 ''devrez'':35 ''droit'':1 ''du'':42 ''en'':32 ''et'':26 ''gestionnair'':12 ''l'':16,24 ''la'':48 ''le'':11,28,37,45,54 ''lgale'':52 ''mainten'':20 ''mention'':51 ''none'':31 ''page'':49,58 ''particuli'':33 ''personnalis'':27 ''pouvez'':19 ''remplac'':44,53 ''site'':9,29,38,43 ''un'':8 ''utilis'':10 ''venez'':5 ''villag'':30 ''vous'':4,18,21,34 ''tat'':17');
INSERT INTO public.wagtailsearch_indexentry VALUES (5, '4', 1.375, 67, '''lgales'':2 ''mentions'':1', '''lgale'':2B ''mention'':1B', '''2'':20 ''accessibilit'':41 ''apr'':22 ''ces'':51 ''cett'':66 ''conform'':43 ''contenir'':15,34 ''cooki'':50 ''d'':21 ''de'':27,31,65 ''dernier'':53 ''des'':49,57,63 ''design'':28 ''deux'':52 ''document'':24 ''doit'':33 ''doivent'':12 ''doivent-ell'':11 ''donn'':46 ''du'':8,25 ''ell'':13 ''en'':18 ''en-tt'':17 ''entir'':61 ''entrez'':3 ''gestion'':48 ''ici'':4 ''inform'':16 ''la'':23 ''le'':29 ''les'':5,37 ''lien'':39 ''lgale'':2,7,45 ''mention'':1,6,44 ''minima'':36 ''non/partiellement/totalement'':42 ''obligatoir'':14 ''ou'':62 ''page'':32,58,67 ''part'':60 ''personnell'':47 ''peuvent'':54 ''pie'':30 ''pointer'':55 ''quatr'':38 ''que'':10 ''section'':64 ''site'':9 ''suivant'':40 ''systm'':26 ''tte'':19 ''ver'':56 '''':59');
INSERT INTO public.wagtailsearch_indexentry VALUES (6, '5', 0.9333333333333333, 67, '''accessibilit'':3 ''d'':2 ''dclaration'':1', '''accessibilit'':3B ''d'':2B ''dclarat'':1B', '''2'':19 ''accessibilit'':3,9,14 ''d'':2,8,13 ''de'':11 ''dclarat'':1,7,12 ''en'':17 ''en-tt'':16 ''entrez'':4 ''gnrateur'':10 ''ici'':5 ''inform'':15 ''la'':6 ''tte'':18');
INSERT INTO public.wagtailsearch_indexentry VALUES (10, '7', 0.9047619047619048, 74, '''aardvark'':1 ''blog'':2 ''index'':3', '''aardvark'':1B ''blog'':2B ''index'':3B', '''aardvark'':4 ''blog'':5 ''index'':6');
INSERT INTO public.wagtailsearch_indexentry VALUES (7, '6', 1.3333333333333333, 67, '''aardvark'':1 ''page'':2', '''aardvark'':1B ''page'':2B', '''aardvark'':4 ''page'':5');
INSERT INTO public.wagtailsearch_indexentry VALUES (13, '8', 0.9166666666666666, 73, '''aardvark'':1 ''blog'':2 ''page'':3', '''aardvark'':1B ''blog'':2B ''page'':3B', '''aardvark'':4 ''blog'':5 ''page'':6');


--
-- Data for Name: wagtailusers_userprofile; Type: TABLE DATA; Schema: public; Owner: wagtailvillage
--

INSERT INTO public.wagtailusers_userprofile VALUES (1, true, true, true, 1, '', '', '', true, '{}', 'system', 'default');


--
-- Name: auth_group_id_seq; Type: SEQUENCE SET; Schema: public; Owner: wagtailvillage
--

SELECT pg_catalog.setval('public.auth_group_id_seq', 2, true);


--
-- Name: auth_group_permissions_id_seq; Type: SEQUENCE SET; Schema: public; Owner: wagtailvillage
--

SELECT pg_catalog.setval('public.auth_group_permissions_id_seq', 18, true);


--
-- Name: auth_permission_id_seq; Type: SEQUENCE SET; Schema: public; Owner: wagtailvillage
--

SELECT pg_catalog.setval('public.auth_permission_id_seq', 308, true);


--
-- Name: auth_user_groups_id_seq; Type: SEQUENCE SET; Schema: public; Owner: wagtailvillage
--

SELECT pg_catalog.setval('public.auth_user_groups_id_seq', 1, false);


--
-- Name: auth_user_id_seq; Type: SEQUENCE SET; Schema: public; Owner: wagtailvillage
--

SELECT pg_catalog.setval('public.auth_user_id_seq', 1, true);


--
-- Name: auth_user_user_permissions_id_seq; Type: SEQUENCE SET; Schema: public; Owner: wagtailvillage
--

SELECT pg_catalog.setval('public.auth_user_user_permissions_id_seq', 1, false);


--
-- Name: blog_blogentrypage_authors_id_seq; Type: SEQUENCE SET; Schema: public; Owner: wagtailvillage
--

SELECT pg_catalog.setval('public.blog_blogentrypage_authors_id_seq', 1, false);


--
-- Name: blog_category_id_seq; Type: SEQUENCE SET; Schema: public; Owner: wagtailvillage
--

SELECT pg_catalog.setval('public.blog_category_id_seq', 1, false);


--
-- Name: blog_categoryentrypage_id_seq; Type: SEQUENCE SET; Schema: public; Owner: wagtailvillage
--

SELECT pg_catalog.setval('public.blog_categoryentrypage_id_seq', 1, false);


--
-- Name: blog_person_id_seq; Type: SEQUENCE SET; Schema: public; Owner: wagtailvillage
--

SELECT pg_catalog.setval('public.blog_person_id_seq', 1, false);


--
-- Name: blog_tagentrypage_id_seq; Type: SEQUENCE SET; Schema: public; Owner: wagtailvillage
--

SELECT pg_catalog.setval('public.blog_tagentrypage_id_seq', 1, false);


--
-- Name: django_content_type_id_seq; Type: SEQUENCE SET; Schema: public; Owner: wagtailvillage
--

SELECT pg_catalog.setval('public.django_content_type_id_seq', 76, true);


--
-- Name: django_migrations_id_seq; Type: SEQUENCE SET; Schema: public; Owner: wagtailvillage
--

SELECT pg_catalog.setval('public.django_migrations_id_seq', 246, true);


--
-- Name: django_village_djangovillageconfig_id_seq; Type: SEQUENCE SET; Schema: public; Owner: wagtailvillage
--

SELECT pg_catalog.setval('public.django_village_djangovillageconfig_id_seq', 1, true);


--
-- Name: django_village_villagesocialmedia_id_seq; Type: SEQUENCE SET; Schema: public; Owner: wagtailvillage
--

SELECT pg_catalog.setval('public.django_village_villagesocialmedia_id_seq', 1, false);


--
-- Name: taggit_tag_id_seq; Type: SEQUENCE SET; Schema: public; Owner: wagtailvillage
--

SELECT pg_catalog.setval('public.taggit_tag_id_seq', 1, false);


--
-- Name: taggit_taggeditem_id_seq; Type: SEQUENCE SET; Schema: public; Owner: wagtailvillage
--

SELECT pg_catalog.setval('public.taggit_taggeditem_id_seq', 1, false);


--
-- Name: wagtail_localize_localesynchronization_id_seq; Type: SEQUENCE SET; Schema: public; Owner: wagtailvillage
--

SELECT pg_catalog.setval('public.wagtail_localize_localesynchronization_id_seq', 1, false);


--
-- Name: wagtail_localize_overridablesegment_id_seq; Type: SEQUENCE SET; Schema: public; Owner: wagtailvillage
--

SELECT pg_catalog.setval('public.wagtail_localize_overridablesegment_id_seq', 1, false);


--
-- Name: wagtail_localize_relatedobjectsegment_id_seq; Type: SEQUENCE SET; Schema: public; Owner: wagtailvillage
--

SELECT pg_catalog.setval('public.wagtail_localize_relatedobjectsegment_id_seq', 1, false);


--
-- Name: wagtail_localize_segmentoverride_id_seq; Type: SEQUENCE SET; Schema: public; Owner: wagtailvillage
--

SELECT pg_catalog.setval('public.wagtail_localize_segmentoverride_id_seq', 1, false);


--
-- Name: wagtail_localize_string_id_seq; Type: SEQUENCE SET; Schema: public; Owner: wagtailvillage
--

SELECT pg_catalog.setval('public.wagtail_localize_string_id_seq', 1, false);


--
-- Name: wagtail_localize_stringsegment_id_seq; Type: SEQUENCE SET; Schema: public; Owner: wagtailvillage
--

SELECT pg_catalog.setval('public.wagtail_localize_stringsegment_id_seq', 1, false);


--
-- Name: wagtail_localize_stringtranslation_id_seq; Type: SEQUENCE SET; Schema: public; Owner: wagtailvillage
--

SELECT pg_catalog.setval('public.wagtail_localize_stringtranslation_id_seq', 1, false);


--
-- Name: wagtail_localize_template_id_seq; Type: SEQUENCE SET; Schema: public; Owner: wagtailvillage
--

SELECT pg_catalog.setval('public.wagtail_localize_template_id_seq', 1, false);


--
-- Name: wagtail_localize_templatesegment_id_seq; Type: SEQUENCE SET; Schema: public; Owner: wagtailvillage
--

SELECT pg_catalog.setval('public.wagtail_localize_templatesegment_id_seq', 1, false);


--
-- Name: wagtail_localize_translation_id_seq; Type: SEQUENCE SET; Schema: public; Owner: wagtailvillage
--

SELECT pg_catalog.setval('public.wagtail_localize_translation_id_seq', 1, false);


--
-- Name: wagtail_localize_translationcontext_id_seq; Type: SEQUENCE SET; Schema: public; Owner: wagtailvillage
--

SELECT pg_catalog.setval('public.wagtail_localize_translationcontext_id_seq', 1, false);


--
-- Name: wagtail_localize_translationlog_id_seq; Type: SEQUENCE SET; Schema: public; Owner: wagtailvillage
--

SELECT pg_catalog.setval('public.wagtail_localize_translationlog_id_seq', 1, false);


--
-- Name: wagtail_localize_translationsource_id_seq; Type: SEQUENCE SET; Schema: public; Owner: wagtailvillage
--

SELECT pg_catalog.setval('public.wagtail_localize_translationsource_id_seq', 1, false);


--
-- Name: sites_faciles_analyticssettings_id_seq; Type: SEQUENCE SET; Schema: public; Owner: wagtailvillage
--

SELECT pg_catalog.setval('public.sites_faciles_analyticssettings_id_seq', 1, true);


--
-- Name: sites_faciles_formfield_id_seq; Type: SEQUENCE SET; Schema: public; Owner: wagtailvillage
--

SELECT pg_catalog.setval('public.sites_faciles_formfield_id_seq', 1, false);


--
-- Name: sites_faciles_megamenu_id_seq; Type: SEQUENCE SET; Schema: public; Owner: wagtailvillage
--

SELECT pg_catalog.setval('public.sites_faciles_megamenu_id_seq', 1, false);


--
-- Name: sites_faciles_megamenucategory_id_seq; Type: SEQUENCE SET; Schema: public; Owner: wagtailvillage
--

SELECT pg_catalog.setval('public.sites_faciles_megamenucategory_id_seq', 1, false);


--
-- Name: sites_faciles_socialmediaitem_id_seq; Type: SEQUENCE SET; Schema: public; Owner: wagtailvillage
--

SELECT pg_catalog.setval('public.sites_faciles_socialmediaitem_id_seq', 1, false);


--
-- Name: sites_faciles_tagcontentpage_id_seq; Type: SEQUENCE SET; Schema: public; Owner: wagtailvillage
--

SELECT pg_catalog.setval('public.sites_faciles_tagcontentpage_id_seq', 1, false);


--
-- Name: wagtailadmin_admin_id_seq; Type: SEQUENCE SET; Schema: public; Owner: wagtailvillage
--

SELECT pg_catalog.setval('public.wagtailadmin_admin_id_seq', 1, false);


--
-- Name: wagtailcore_collection_id_seq; Type: SEQUENCE SET; Schema: public; Owner: wagtailvillage
--

SELECT pg_catalog.setval('public.wagtailcore_collection_id_seq', 1, true);


--
-- Name: wagtailcore_collectionviewrestriction_groups_id_seq; Type: SEQUENCE SET; Schema: public; Owner: wagtailvillage
--

SELECT pg_catalog.setval('public.wagtailcore_collectionviewrestriction_groups_id_seq', 1, false);


--
-- Name: wagtailcore_collectionviewrestriction_id_seq; Type: SEQUENCE SET; Schema: public; Owner: wagtailvillage
--

SELECT pg_catalog.setval('public.wagtailcore_collectionviewrestriction_id_seq', 1, false);


--
-- Name: wagtailcore_comment_id_seq; Type: SEQUENCE SET; Schema: public; Owner: wagtailvillage
--

SELECT pg_catalog.setval('public.wagtailcore_comment_id_seq', 1, false);


--
-- Name: wagtailcore_commentreply_id_seq; Type: SEQUENCE SET; Schema: public; Owner: wagtailvillage
--

SELECT pg_catalog.setval('public.wagtailcore_commentreply_id_seq', 1, false);


--
-- Name: wagtailcore_groupapprovaltask_groups_id_seq; Type: SEQUENCE SET; Schema: public; Owner: wagtailvillage
--

SELECT pg_catalog.setval('public.wagtailcore_groupapprovaltask_groups_id_seq', 1, true);


--
-- Name: wagtailcore_groupcollectionpermission_id_seq; Type: SEQUENCE SET; Schema: public; Owner: wagtailvillage
--

SELECT pg_catalog.setval('public.wagtailcore_groupcollectionpermission_id_seq', 10, true);


--
-- Name: wagtailcore_grouppagepermission_id_seq; Type: SEQUENCE SET; Schema: public; Owner: wagtailvillage
--

SELECT pg_catalog.setval('public.wagtailcore_grouppagepermission_id_seq', 7, true);


--
-- Name: wagtailcore_locale_id_seq; Type: SEQUENCE SET; Schema: public; Owner: wagtailvillage
--

SELECT pg_catalog.setval('public.wagtailcore_locale_id_seq', 1, true);


--
-- Name: wagtailcore_modellogentry_id_seq; Type: SEQUENCE SET; Schema: public; Owner: wagtailvillage
--

SELECT pg_catalog.setval('public.wagtailcore_modellogentry_id_seq', 1, false);


--
-- Name: wagtailcore_page_id_seq; Type: SEQUENCE SET; Schema: public; Owner: wagtailvillage
--

SELECT pg_catalog.setval('public.wagtailcore_page_id_seq', 8, true);


--
-- Name: wagtailcore_pagelogentry_id_seq; Type: SEQUENCE SET; Schema: public; Owner: wagtailvillage
--

SELECT pg_catalog.setval('public.wagtailcore_pagelogentry_id_seq', 17, true);


--
-- Name: wagtailcore_pagerevision_id_seq; Type: SEQUENCE SET; Schema: public; Owner: wagtailvillage
--

SELECT pg_catalog.setval('public.wagtailcore_pagerevision_id_seq', 6, true);


--
-- Name: wagtailcore_pagesubscription_id_seq; Type: SEQUENCE SET; Schema: public; Owner: wagtailvillage
--

SELECT pg_catalog.setval('public.wagtailcore_pagesubscription_id_seq', 3, true);


--
-- Name: wagtailcore_pageviewrestriction_groups_id_seq; Type: SEQUENCE SET; Schema: public; Owner: wagtailvillage
--

SELECT pg_catalog.setval('public.wagtailcore_pageviewrestriction_groups_id_seq', 1, false);


--
-- Name: wagtailcore_pageviewrestriction_id_seq; Type: SEQUENCE SET; Schema: public; Owner: wagtailvillage
--

SELECT pg_catalog.setval('public.wagtailcore_pageviewrestriction_id_seq', 1, false);


--
-- Name: wagtailcore_referenceindex_id_seq; Type: SEQUENCE SET; Schema: public; Owner: wagtailvillage
--

SELECT pg_catalog.setval('public.wagtailcore_referenceindex_id_seq', 5, true);


--
-- Name: wagtailcore_site_id_seq; Type: SEQUENCE SET; Schema: public; Owner: wagtailvillage
--

SELECT pg_catalog.setval('public.wagtailcore_site_id_seq', 1, true);


--
-- Name: wagtailcore_task_id_seq; Type: SEQUENCE SET; Schema: public; Owner: wagtailvillage
--

SELECT pg_catalog.setval('public.wagtailcore_task_id_seq', 1, true);


--
-- Name: wagtailcore_taskstate_id_seq; Type: SEQUENCE SET; Schema: public; Owner: wagtailvillage
--

SELECT pg_catalog.setval('public.wagtailcore_taskstate_id_seq', 1, false);


--
-- Name: wagtailcore_uploadedfile_id_seq; Type: SEQUENCE SET; Schema: public; Owner: wagtailvillage
--

SELECT pg_catalog.setval('public.wagtailcore_uploadedfile_id_seq', 1, false);


--
-- Name: wagtailcore_workflow_id_seq; Type: SEQUENCE SET; Schema: public; Owner: wagtailvillage
--

SELECT pg_catalog.setval('public.wagtailcore_workflow_id_seq', 1, true);


--
-- Name: wagtailcore_workflowstate_id_seq; Type: SEQUENCE SET; Schema: public; Owner: wagtailvillage
--

SELECT pg_catalog.setval('public.wagtailcore_workflowstate_id_seq', 1, false);


--
-- Name: wagtailcore_workflowtask_id_seq; Type: SEQUENCE SET; Schema: public; Owner: wagtailvillage
--

SELECT pg_catalog.setval('public.wagtailcore_workflowtask_id_seq', 1, true);


--
-- Name: wagtaildocs_document_id_seq; Type: SEQUENCE SET; Schema: public; Owner: wagtailvillage
--

SELECT pg_catalog.setval('public.wagtaildocs_document_id_seq', 1, false);


--
-- Name: wagtailembeds_embed_id_seq; Type: SEQUENCE SET; Schema: public; Owner: wagtailvillage
--

SELECT pg_catalog.setval('public.wagtailembeds_embed_id_seq', 1, false);


--
-- Name: wagtailforms_formsubmission_id_seq; Type: SEQUENCE SET; Schema: public; Owner: wagtailvillage
--

SELECT pg_catalog.setval('public.wagtailforms_formsubmission_id_seq', 1, false);


--
-- Name: wagtailimages_image_id_seq; Type: SEQUENCE SET; Schema: public; Owner: wagtailvillage
--

SELECT pg_catalog.setval('public.wagtailimages_image_id_seq', 1, true);


--
-- Name: wagtailimages_rendition_id_seq; Type: SEQUENCE SET; Schema: public; Owner: wagtailvillage
--

SELECT pg_catalog.setval('public.wagtailimages_rendition_id_seq', 1, true);


--
-- Name: wagtailmenus_flatmenu_id_seq; Type: SEQUENCE SET; Schema: public; Owner: wagtailvillage
--

SELECT pg_catalog.setval('public.wagtailmenus_flatmenu_id_seq', 1, true);


--
-- Name: wagtailmenus_flatmenuitem_id_seq; Type: SEQUENCE SET; Schema: public; Owner: wagtailvillage
--

SELECT pg_catalog.setval('public.wagtailmenus_flatmenuitem_id_seq', 2, true);


--
-- Name: wagtailmenus_mainmenu_id_seq; Type: SEQUENCE SET; Schema: public; Owner: wagtailvillage
--

SELECT pg_catalog.setval('public.wagtailmenus_mainmenu_id_seq', 1, true);


--
-- Name: wagtailmenus_mainmenuitem_id_seq; Type: SEQUENCE SET; Schema: public; Owner: wagtailvillage
--

SELECT pg_catalog.setval('public.wagtailmenus_mainmenuitem_id_seq', 1, false);


--
-- Name: wagtailredirects_redirect_id_seq; Type: SEQUENCE SET; Schema: public; Owner: wagtailvillage
--

SELECT pg_catalog.setval('public.wagtailredirects_redirect_id_seq', 1, false);


--
-- Name: wagtailsearch_indexentry_id_seq; Type: SEQUENCE SET; Schema: public; Owner: wagtailvillage
--

SELECT pg_catalog.setval('public.wagtailsearch_indexentry_id_seq', 19, true);


--
-- Name: wagtailusers_userprofile_id_seq; Type: SEQUENCE SET; Schema: public; Owner: wagtailvillage
--

SELECT pg_catalog.setval('public.wagtailusers_userprofile_id_seq', 1, true);


--
-- Name: auth_group auth_group_name_key; Type: CONSTRAINT; Schema: public; Owner: wagtailvillage
--

ALTER TABLE ONLY public.auth_group
    ADD CONSTRAINT auth_group_name_key UNIQUE (name);


--
-- Name: auth_group_permissions auth_group_permissions_group_id_permission_id_0cd325b0_uniq; Type: CONSTRAINT; Schema: public; Owner: wagtailvillage
--

ALTER TABLE ONLY public.auth_group_permissions
    ADD CONSTRAINT auth_group_permissions_group_id_permission_id_0cd325b0_uniq UNIQUE (group_id, permission_id);


--
-- Name: auth_group_permissions auth_group_permissions_pkey; Type: CONSTRAINT; Schema: public; Owner: wagtailvillage
--

ALTER TABLE ONLY public.auth_group_permissions
    ADD CONSTRAINT auth_group_permissions_pkey PRIMARY KEY (id);


--
-- Name: auth_group auth_group_pkey; Type: CONSTRAINT; Schema: public; Owner: wagtailvillage
--

ALTER TABLE ONLY public.auth_group
    ADD CONSTRAINT auth_group_pkey PRIMARY KEY (id);


--
-- Name: auth_permission auth_permission_content_type_id_codename_01ab375a_uniq; Type: CONSTRAINT; Schema: public; Owner: wagtailvillage
--

ALTER TABLE ONLY public.auth_permission
    ADD CONSTRAINT auth_permission_content_type_id_codename_01ab375a_uniq UNIQUE (content_type_id, codename);


--
-- Name: auth_permission auth_permission_pkey; Type: CONSTRAINT; Schema: public; Owner: wagtailvillage
--

ALTER TABLE ONLY public.auth_permission
    ADD CONSTRAINT auth_permission_pkey PRIMARY KEY (id);


--
-- Name: auth_user_groups auth_user_groups_pkey; Type: CONSTRAINT; Schema: public; Owner: wagtailvillage
--

ALTER TABLE ONLY public.auth_user_groups
    ADD CONSTRAINT auth_user_groups_pkey PRIMARY KEY (id);


--
-- Name: auth_user_groups auth_user_groups_user_id_group_id_94350c0c_uniq; Type: CONSTRAINT; Schema: public; Owner: wagtailvillage
--

ALTER TABLE ONLY public.auth_user_groups
    ADD CONSTRAINT auth_user_groups_user_id_group_id_94350c0c_uniq UNIQUE (user_id, group_id);


--
-- Name: auth_user auth_user_pkey; Type: CONSTRAINT; Schema: public; Owner: wagtailvillage
--

ALTER TABLE ONLY public.auth_user
    ADD CONSTRAINT auth_user_pkey PRIMARY KEY (id);


--
-- Name: auth_user_user_permissions auth_user_user_permissions_pkey; Type: CONSTRAINT; Schema: public; Owner: wagtailvillage
--

ALTER TABLE ONLY public.auth_user_user_permissions
    ADD CONSTRAINT auth_user_user_permissions_pkey PRIMARY KEY (id);


--
-- Name: auth_user_user_permissions auth_user_user_permissions_user_id_permission_id_14a6b632_uniq; Type: CONSTRAINT; Schema: public; Owner: wagtailvillage
--

ALTER TABLE ONLY public.auth_user_user_permissions
    ADD CONSTRAINT auth_user_user_permissions_user_id_permission_id_14a6b632_uniq UNIQUE (user_id, permission_id);


--
-- Name: auth_user auth_user_username_key; Type: CONSTRAINT; Schema: public; Owner: wagtailvillage
--

ALTER TABLE ONLY public.auth_user
    ADD CONSTRAINT auth_user_username_key UNIQUE (username);


--
-- Name: blog_blogentrypage_authors blog_blogentrypage_autho_blogentrypage_id_person__a66beea5_uniq; Type: CONSTRAINT; Schema: public; Owner: wagtailvillage
--

ALTER TABLE ONLY public.blog_blogentrypage_authors
    ADD CONSTRAINT blog_blogentrypage_autho_blogentrypage_id_person__a66beea5_uniq UNIQUE (blogentrypage_id, person_id);


--
-- Name: blog_blogentrypage_authors blog_blogentrypage_authors_pkey; Type: CONSTRAINT; Schema: public; Owner: wagtailvillage
--

ALTER TABLE ONLY public.blog_blogentrypage_authors
    ADD CONSTRAINT blog_blogentrypage_authors_pkey PRIMARY KEY (id);


--
-- Name: blog_blogentrypage blog_blogentrypage_pkey; Type: CONSTRAINT; Schema: public; Owner: wagtailvillage
--

ALTER TABLE ONLY public.blog_blogentrypage
    ADD CONSTRAINT blog_blogentrypage_pkey PRIMARY KEY (contentpage_ptr_id);


--
-- Name: blog_blogindexpage blog_blogindexpage_pkey; Type: CONSTRAINT; Schema: public; Owner: wagtailvillage
--

ALTER TABLE ONLY public.blog_blogindexpage
    ADD CONSTRAINT blog_blogindexpage_pkey PRIMARY KEY (page_ptr_id);


--
-- Name: blog_category blog_category_name_key; Type: CONSTRAINT; Schema: public; Owner: wagtailvillage
--

ALTER TABLE ONLY public.blog_category
    ADD CONSTRAINT blog_category_name_key UNIQUE (name);


--
-- Name: blog_category blog_category_name_locale_id_f9fb9a90_uniq; Type: CONSTRAINT; Schema: public; Owner: wagtailvillage
--

ALTER TABLE ONLY public.blog_category
    ADD CONSTRAINT blog_category_name_locale_id_f9fb9a90_uniq UNIQUE (name, locale_id);


--
-- Name: blog_category blog_category_pkey; Type: CONSTRAINT; Schema: public; Owner: wagtailvillage
--

ALTER TABLE ONLY public.blog_category
    ADD CONSTRAINT blog_category_pkey PRIMARY KEY (id);


--
-- Name: blog_category blog_category_slug_key; Type: CONSTRAINT; Schema: public; Owner: wagtailvillage
--

ALTER TABLE ONLY public.blog_category
    ADD CONSTRAINT blog_category_slug_key UNIQUE (slug);


--
-- Name: blog_category blog_category_slug_locale_id_73d5bb26_uniq; Type: CONSTRAINT; Schema: public; Owner: wagtailvillage
--

ALTER TABLE ONLY public.blog_category
    ADD CONSTRAINT blog_category_slug_locale_id_73d5bb26_uniq UNIQUE (slug, locale_id);


--
-- Name: blog_category blog_category_translation_key_locale_id_19378f98_uniq; Type: CONSTRAINT; Schema: public; Owner: wagtailvillage
--

ALTER TABLE ONLY public.blog_category
    ADD CONSTRAINT blog_category_translation_key_locale_id_19378f98_uniq UNIQUE (translation_key, locale_id);


--
-- Name: blog_categoryentrypage blog_categoryentrypage_pkey; Type: CONSTRAINT; Schema: public; Owner: wagtailvillage
--

ALTER TABLE ONLY public.blog_categoryentrypage
    ADD CONSTRAINT blog_categoryentrypage_pkey PRIMARY KEY (id);


--
-- Name: blog_person blog_person_pkey; Type: CONSTRAINT; Schema: public; Owner: wagtailvillage
--

ALTER TABLE ONLY public.blog_person
    ADD CONSTRAINT blog_person_pkey PRIMARY KEY (id);


--
-- Name: blog_tagentrypage blog_tagentrypage_pkey; Type: CONSTRAINT; Schema: public; Owner: wagtailvillage
--

ALTER TABLE ONLY public.blog_tagentrypage
    ADD CONSTRAINT blog_tagentrypage_pkey PRIMARY KEY (id);


--
-- Name: django_content_type django_content_type_app_label_model_76bd3d3b_uniq; Type: CONSTRAINT; Schema: public; Owner: wagtailvillage
--

ALTER TABLE ONLY public.django_content_type
    ADD CONSTRAINT django_content_type_app_label_model_76bd3d3b_uniq UNIQUE (app_label, model);


--
-- Name: django_content_type django_content_type_pkey; Type: CONSTRAINT; Schema: public; Owner: wagtailvillage
--

ALTER TABLE ONLY public.django_content_type
    ADD CONSTRAINT django_content_type_pkey PRIMARY KEY (id);


--
-- Name: django_migrations django_migrations_pkey; Type: CONSTRAINT; Schema: public; Owner: wagtailvillage
--

ALTER TABLE ONLY public.django_migrations
    ADD CONSTRAINT django_migrations_pkey PRIMARY KEY (id);


--
-- Name: django_session django_session_pkey; Type: CONSTRAINT; Schema: public; Owner: wagtailvillage
--

ALTER TABLE ONLY public.django_session
    ADD CONSTRAINT django_session_pkey PRIMARY KEY (session_key);


--
-- Name: django_village_djangovillageconfig django_village_djangovillageconfig_pkey; Type: CONSTRAINT; Schema: public; Owner: wagtailvillage
--

ALTER TABLE ONLY public.django_village_djangovillageconfig
    ADD CONSTRAINT django_village_djangovillageconfig_pkey PRIMARY KEY (id);


--
-- Name: django_village_villagesocialmedia django_village_villagesocialmedia_pkey; Type: CONSTRAINT; Schema: public; Owner: wagtailvillage
--

ALTER TABLE ONLY public.django_village_villagesocialmedia
    ADD CONSTRAINT django_village_villagesocialmedia_pkey PRIMARY KEY (id);


--
-- Name: taggit_tag taggit_tag_name_key; Type: CONSTRAINT; Schema: public; Owner: wagtailvillage
--

ALTER TABLE ONLY public.taggit_tag
    ADD CONSTRAINT taggit_tag_name_key UNIQUE (name);


--
-- Name: taggit_tag taggit_tag_pkey; Type: CONSTRAINT; Schema: public; Owner: wagtailvillage
--

ALTER TABLE ONLY public.taggit_tag
    ADD CONSTRAINT taggit_tag_pkey PRIMARY KEY (id);


--
-- Name: taggit_tag taggit_tag_slug_key; Type: CONSTRAINT; Schema: public; Owner: wagtailvillage
--

ALTER TABLE ONLY public.taggit_tag
    ADD CONSTRAINT taggit_tag_slug_key UNIQUE (slug);


--
-- Name: taggit_taggeditem taggit_taggeditem_content_type_id_object_id_tag_id_4bb97a8e_uni; Type: CONSTRAINT; Schema: public; Owner: wagtailvillage
--

ALTER TABLE ONLY public.taggit_taggeditem
    ADD CONSTRAINT taggit_taggeditem_content_type_id_object_id_tag_id_4bb97a8e_uni UNIQUE (content_type_id, object_id, tag_id);


--
-- Name: taggit_taggeditem taggit_taggeditem_pkey; Type: CONSTRAINT; Schema: public; Owner: wagtailvillage
--

ALTER TABLE ONLY public.taggit_taggeditem
    ADD CONSTRAINT taggit_taggeditem_pkey PRIMARY KEY (id);


--
-- Name: wagtailcore_grouppagepermission unique_permission; Type: CONSTRAINT; Schema: public; Owner: wagtailvillage
--

ALTER TABLE ONLY public.wagtailcore_grouppagepermission
    ADD CONSTRAINT unique_permission UNIQUE (group_id, page_id, permission_id);


--
-- Name: wagtail_localize_localesynchronization wagtail_localize_localesynchronization_locale_id_key; Type: CONSTRAINT; Schema: public; Owner: wagtailvillage
--

ALTER TABLE ONLY public.wagtail_localize_localesynchronization
    ADD CONSTRAINT wagtail_localize_localesynchronization_locale_id_key UNIQUE (locale_id);


--
-- Name: wagtail_localize_localesynchronization wagtail_localize_localesynchronization_pkey; Type: CONSTRAINT; Schema: public; Owner: wagtailvillage
--

ALTER TABLE ONLY public.wagtail_localize_localesynchronization
    ADD CONSTRAINT wagtail_localize_localesynchronization_pkey PRIMARY KEY (id);


--
-- Name: wagtail_localize_overridablesegment wagtail_localize_overridablesegment_pkey; Type: CONSTRAINT; Schema: public; Owner: wagtailvillage
--

ALTER TABLE ONLY public.wagtail_localize_overridablesegment
    ADD CONSTRAINT wagtail_localize_overridablesegment_pkey PRIMARY KEY (id);


--
-- Name: wagtail_localize_relatedobjectsegment wagtail_localize_relatedobjectsegment_pkey; Type: CONSTRAINT; Schema: public; Owner: wagtailvillage
--

ALTER TABLE ONLY public.wagtail_localize_relatedobjectsegment
    ADD CONSTRAINT wagtail_localize_relatedobjectsegment_pkey PRIMARY KEY (id);


--
-- Name: wagtail_localize_segmentoverride wagtail_localize_segmentoverride_pkey; Type: CONSTRAINT; Schema: public; Owner: wagtailvillage
--

ALTER TABLE ONLY public.wagtail_localize_segmentoverride
    ADD CONSTRAINT wagtail_localize_segmentoverride_pkey PRIMARY KEY (id);


--
-- Name: wagtail_localize_string wagtail_localize_string_locale_id_data_hash_bae71852_uniq; Type: CONSTRAINT; Schema: public; Owner: wagtailvillage
--

ALTER TABLE ONLY public.wagtail_localize_string
    ADD CONSTRAINT wagtail_localize_string_locale_id_data_hash_bae71852_uniq UNIQUE (locale_id, data_hash);


--
-- Name: wagtail_localize_string wagtail_localize_string_pkey; Type: CONSTRAINT; Schema: public; Owner: wagtailvillage
--

ALTER TABLE ONLY public.wagtail_localize_string
    ADD CONSTRAINT wagtail_localize_string_pkey PRIMARY KEY (id);


--
-- Name: wagtail_localize_stringsegment wagtail_localize_stringsegment_pkey; Type: CONSTRAINT; Schema: public; Owner: wagtailvillage
--

ALTER TABLE ONLY public.wagtail_localize_stringsegment
    ADD CONSTRAINT wagtail_localize_stringsegment_pkey PRIMARY KEY (id);


--
-- Name: wagtail_localize_stringtranslation wagtail_localize_stringt_locale_id_translation_of_d2d59359_uniq; Type: CONSTRAINT; Schema: public; Owner: wagtailvillage
--

ALTER TABLE ONLY public.wagtail_localize_stringtranslation
    ADD CONSTRAINT wagtail_localize_stringt_locale_id_translation_of_d2d59359_uniq UNIQUE (locale_id, translation_of_id, context_id);


--
-- Name: wagtail_localize_stringtranslation wagtail_localize_stringtranslation_pkey; Type: CONSTRAINT; Schema: public; Owner: wagtailvillage
--

ALTER TABLE ONLY public.wagtail_localize_stringtranslation
    ADD CONSTRAINT wagtail_localize_stringtranslation_pkey PRIMARY KEY (id);


--
-- Name: wagtail_localize_template wagtail_localize_template_pkey; Type: CONSTRAINT; Schema: public; Owner: wagtailvillage
--

ALTER TABLE ONLY public.wagtail_localize_template
    ADD CONSTRAINT wagtail_localize_template_pkey PRIMARY KEY (id);


--
-- Name: wagtail_localize_template wagtail_localize_template_uuid_key; Type: CONSTRAINT; Schema: public; Owner: wagtailvillage
--

ALTER TABLE ONLY public.wagtail_localize_template
    ADD CONSTRAINT wagtail_localize_template_uuid_key UNIQUE (uuid);


--
-- Name: wagtail_localize_templatesegment wagtail_localize_templatesegment_pkey; Type: CONSTRAINT; Schema: public; Owner: wagtailvillage
--

ALTER TABLE ONLY public.wagtail_localize_templatesegment
    ADD CONSTRAINT wagtail_localize_templatesegment_pkey PRIMARY KEY (id);


--
-- Name: wagtail_localize_translatableobject wagtail_localize_transla_content_type_id_translat_de875339_uniq; Type: CONSTRAINT; Schema: public; Owner: wagtailvillage
--

ALTER TABLE ONLY public.wagtail_localize_translatableobject
    ADD CONSTRAINT wagtail_localize_transla_content_type_id_translat_de875339_uniq UNIQUE (content_type_id, translation_key);


--
-- Name: wagtail_localize_translationsource wagtail_localize_transla_object_id_locale_id_fb6a8d8e_uniq; Type: CONSTRAINT; Schema: public; Owner: wagtailvillage
--

ALTER TABLE ONLY public.wagtail_localize_translationsource
    ADD CONSTRAINT wagtail_localize_transla_object_id_locale_id_fb6a8d8e_uniq UNIQUE (object_id, locale_id);


--
-- Name: wagtail_localize_translationcontext wagtail_localize_transla_object_id_path_id_c7f5d707_uniq; Type: CONSTRAINT; Schema: public; Owner: wagtailvillage
--

ALTER TABLE ONLY public.wagtail_localize_translationcontext
    ADD CONSTRAINT wagtail_localize_transla_object_id_path_id_c7f5d707_uniq UNIQUE (object_id, path_id);


--
-- Name: wagtail_localize_translation wagtail_localize_transla_source_id_target_locale__7e943cf8_uniq; Type: CONSTRAINT; Schema: public; Owner: wagtailvillage
--

ALTER TABLE ONLY public.wagtail_localize_translation
    ADD CONSTRAINT wagtail_localize_transla_source_id_target_locale__7e943cf8_uniq UNIQUE (source_id, target_locale_id);


--
-- Name: wagtail_localize_translatableobject wagtail_localize_translatableobject_pkey; Type: CONSTRAINT; Schema: public; Owner: wagtailvillage
--

ALTER TABLE ONLY public.wagtail_localize_translatableobject
    ADD CONSTRAINT wagtail_localize_translatableobject_pkey PRIMARY KEY (translation_key);


--
-- Name: wagtail_localize_translation wagtail_localize_translation_pkey; Type: CONSTRAINT; Schema: public; Owner: wagtailvillage
--

ALTER TABLE ONLY public.wagtail_localize_translation
    ADD CONSTRAINT wagtail_localize_translation_pkey PRIMARY KEY (id);


--
-- Name: wagtail_localize_translation wagtail_localize_translation_uuid_key; Type: CONSTRAINT; Schema: public; Owner: wagtailvillage
--

ALTER TABLE ONLY public.wagtail_localize_translation
    ADD CONSTRAINT wagtail_localize_translation_uuid_key UNIQUE (uuid);


--
-- Name: wagtail_localize_translationcontext wagtail_localize_translationcontext_pkey; Type: CONSTRAINT; Schema: public; Owner: wagtailvillage
--

ALTER TABLE ONLY public.wagtail_localize_translationcontext
    ADD CONSTRAINT wagtail_localize_translationcontext_pkey PRIMARY KEY (id);


--
-- Name: wagtail_localize_translationlog wagtail_localize_translationlog_pkey; Type: CONSTRAINT; Schema: public; Owner: wagtailvillage
--

ALTER TABLE ONLY public.wagtail_localize_translationlog
    ADD CONSTRAINT wagtail_localize_translationlog_pkey PRIMARY KEY (id);


--
-- Name: wagtail_localize_translationsource wagtail_localize_translationsource_pkey; Type: CONSTRAINT; Schema: public; Owner: wagtailvillage
--

ALTER TABLE ONLY public.wagtail_localize_translationsource
    ADD CONSTRAINT wagtail_localize_translationsource_pkey PRIMARY KEY (id);


--
-- Name: sites_faciles_analyticssettings sites_faciles_analyticssettings_pkey; Type: CONSTRAINT; Schema: public; Owner: wagtailvillage
--

ALTER TABLE ONLY public.sites_faciles_analyticssettings
    ADD CONSTRAINT sites_faciles_analyticssettings_pkey PRIMARY KEY (id);


--
-- Name: sites_faciles_analyticssettings sites_faciles_analyticssettings_site_id_key; Type: CONSTRAINT; Schema: public; Owner: wagtailvillage
--

ALTER TABLE ONLY public.sites_faciles_analyticssettings
    ADD CONSTRAINT sites_faciles_analyticssettings_site_id_key UNIQUE (site_id);


--
-- Name: sites_faciles_contentpage sites_faciles_contentpage_pkey; Type: CONSTRAINT; Schema: public; Owner: wagtailvillage
--

ALTER TABLE ONLY public.sites_faciles_contentpage
    ADD CONSTRAINT sites_faciles_contentpage_pkey PRIMARY KEY (page_ptr_id);


--
-- Name: sites_faciles_formfield sites_faciles_formfield_pkey; Type: CONSTRAINT; Schema: public; Owner: wagtailvillage
--

ALTER TABLE ONLY public.sites_faciles_formfield
    ADD CONSTRAINT sites_faciles_formfield_pkey PRIMARY KEY (id);


--
-- Name: sites_faciles_formpage sites_faciles_formpage_pkey; Type: CONSTRAINT; Schema: public; Owner: wagtailvillage
--

ALTER TABLE ONLY public.sites_faciles_formpage
    ADD CONSTRAINT sites_faciles_formpage_pkey PRIMARY KEY (page_ptr_id);


--
-- Name: sites_faciles_megamenu sites_faciles_megamenu_pkey; Type: CONSTRAINT; Schema: public; Owner: wagtailvillage
--

ALTER TABLE ONLY public.sites_faciles_megamenu
    ADD CONSTRAINT sites_faciles_megamenu_pkey PRIMARY KEY (id);


--
-- Name: sites_faciles_megamenucategory sites_faciles_megamenucategory_pkey; Type: CONSTRAINT; Schema: public; Owner: wagtailvillage
--

ALTER TABLE ONLY public.sites_faciles_megamenucategory
    ADD CONSTRAINT sites_faciles_megamenucategory_pkey PRIMARY KEY (id);


--
-- Name: sites_faciles_socialmediaitem sites_faciles_socialmediaitem_pkey; Type: CONSTRAINT; Schema: public; Owner: wagtailvillage
--

ALTER TABLE ONLY public.sites_faciles_socialmediaitem
    ADD CONSTRAINT sites_faciles_socialmediaitem_pkey PRIMARY KEY (id);


--
-- Name: sites_faciles_tagcontentpage sites_faciles_tagcontentpage_pkey; Type: CONSTRAINT; Schema: public; Owner: wagtailvillage
--

ALTER TABLE ONLY public.sites_faciles_tagcontentpage
    ADD CONSTRAINT sites_faciles_tagcontentpage_pkey PRIMARY KEY (id);


--
-- Name: sites_faciles_wagtailvillageconfig sites_faciles_wagtailvillageconfig_pkey; Type: CONSTRAINT; Schema: public; Owner: wagtailvillage
--

ALTER TABLE ONLY public.sites_faciles_wagtailvillageconfig
    ADD CONSTRAINT sites_faciles_wagtailvillageconfig_pkey PRIMARY KEY (djangovillageconfig_ptr_id);


--
-- Name: sites_faciles_wagtailvillageconfig sites_faciles_wagtailvillageconfig_site_id_key; Type: CONSTRAINT; Schema: public; Owner: wagtailvillage
--

ALTER TABLE ONLY public.sites_faciles_wagtailvillageconfig
    ADD CONSTRAINT sites_faciles_wagtailvillageconfig_site_id_key UNIQUE (site_id);


--
-- Name: wagtailadmin_admin wagtailadmin_admin_pkey; Type: CONSTRAINT; Schema: public; Owner: wagtailvillage
--

ALTER TABLE ONLY public.wagtailadmin_admin
    ADD CONSTRAINT wagtailadmin_admin_pkey PRIMARY KEY (id);


--
-- Name: wagtailcore_collection wagtailcore_collection_path_key; Type: CONSTRAINT; Schema: public; Owner: wagtailvillage
--

ALTER TABLE ONLY public.wagtailcore_collection
    ADD CONSTRAINT wagtailcore_collection_path_key UNIQUE (path);


--
-- Name: wagtailcore_collection wagtailcore_collection_pkey; Type: CONSTRAINT; Schema: public; Owner: wagtailvillage
--

ALTER TABLE ONLY public.wagtailcore_collection
    ADD CONSTRAINT wagtailcore_collection_pkey PRIMARY KEY (id);


--
-- Name: wagtailcore_collectionviewrestriction_groups wagtailcore_collectionvi_collectionviewrestrictio_988995ae_uniq; Type: CONSTRAINT; Schema: public; Owner: wagtailvillage
--

ALTER TABLE ONLY public.wagtailcore_collectionviewrestriction_groups
    ADD CONSTRAINT wagtailcore_collectionvi_collectionviewrestrictio_988995ae_uniq UNIQUE (collectionviewrestriction_id, group_id);


--
-- Name: wagtailcore_collectionviewrestriction_groups wagtailcore_collectionviewrestriction_groups_pkey; Type: CONSTRAINT; Schema: public; Owner: wagtailvillage
--

ALTER TABLE ONLY public.wagtailcore_collectionviewrestriction_groups
    ADD CONSTRAINT wagtailcore_collectionviewrestriction_groups_pkey PRIMARY KEY (id);


--
-- Name: wagtailcore_collectionviewrestriction wagtailcore_collectionviewrestriction_pkey; Type: CONSTRAINT; Schema: public; Owner: wagtailvillage
--

ALTER TABLE ONLY public.wagtailcore_collectionviewrestriction
    ADD CONSTRAINT wagtailcore_collectionviewrestriction_pkey PRIMARY KEY (id);


--
-- Name: wagtailcore_comment wagtailcore_comment_pkey; Type: CONSTRAINT; Schema: public; Owner: wagtailvillage
--

ALTER TABLE ONLY public.wagtailcore_comment
    ADD CONSTRAINT wagtailcore_comment_pkey PRIMARY KEY (id);


--
-- Name: wagtailcore_commentreply wagtailcore_commentreply_pkey; Type: CONSTRAINT; Schema: public; Owner: wagtailvillage
--

ALTER TABLE ONLY public.wagtailcore_commentreply
    ADD CONSTRAINT wagtailcore_commentreply_pkey PRIMARY KEY (id);


--
-- Name: wagtailcore_groupapprovaltask_groups wagtailcore_groupapprova_groupapprovaltask_id_gro_bb5ee7eb_uniq; Type: CONSTRAINT; Schema: public; Owner: wagtailvillage
--

ALTER TABLE ONLY public.wagtailcore_groupapprovaltask_groups
    ADD CONSTRAINT wagtailcore_groupapprova_groupapprovaltask_id_gro_bb5ee7eb_uniq UNIQUE (groupapprovaltask_id, group_id);


--
-- Name: wagtailcore_groupapprovaltask_groups wagtailcore_groupapprovaltask_groups_pkey; Type: CONSTRAINT; Schema: public; Owner: wagtailvillage
--

ALTER TABLE ONLY public.wagtailcore_groupapprovaltask_groups
    ADD CONSTRAINT wagtailcore_groupapprovaltask_groups_pkey PRIMARY KEY (id);


--
-- Name: wagtailcore_groupapprovaltask wagtailcore_groupapprovaltask_pkey; Type: CONSTRAINT; Schema: public; Owner: wagtailvillage
--

ALTER TABLE ONLY public.wagtailcore_groupapprovaltask
    ADD CONSTRAINT wagtailcore_groupapprovaltask_pkey PRIMARY KEY (task_ptr_id);


--
-- Name: wagtailcore_groupcollectionpermission wagtailcore_groupcollect_group_id_collection_id_p_a21cefe9_uniq; Type: CONSTRAINT; Schema: public; Owner: wagtailvillage
--

ALTER TABLE ONLY public.wagtailcore_groupcollectionpermission
    ADD CONSTRAINT wagtailcore_groupcollect_group_id_collection_id_p_a21cefe9_uniq UNIQUE (group_id, collection_id, permission_id);


--
-- Name: wagtailcore_groupcollectionpermission wagtailcore_groupcollectionpermission_pkey; Type: CONSTRAINT; Schema: public; Owner: wagtailvillage
--

ALTER TABLE ONLY public.wagtailcore_groupcollectionpermission
    ADD CONSTRAINT wagtailcore_groupcollectionpermission_pkey PRIMARY KEY (id);


--
-- Name: wagtailcore_grouppagepermission wagtailcore_grouppagepermission_pkey; Type: CONSTRAINT; Schema: public; Owner: wagtailvillage
--

ALTER TABLE ONLY public.wagtailcore_grouppagepermission
    ADD CONSTRAINT wagtailcore_grouppagepermission_pkey PRIMARY KEY (id);


--
-- Name: wagtailcore_locale wagtailcore_locale_language_code_key; Type: CONSTRAINT; Schema: public; Owner: wagtailvillage
--

ALTER TABLE ONLY public.wagtailcore_locale
    ADD CONSTRAINT wagtailcore_locale_language_code_key UNIQUE (language_code);


--
-- Name: wagtailcore_locale wagtailcore_locale_pkey; Type: CONSTRAINT; Schema: public; Owner: wagtailvillage
--

ALTER TABLE ONLY public.wagtailcore_locale
    ADD CONSTRAINT wagtailcore_locale_pkey PRIMARY KEY (id);


--
-- Name: wagtailcore_modellogentry wagtailcore_modellogentry_pkey; Type: CONSTRAINT; Schema: public; Owner: wagtailvillage
--

ALTER TABLE ONLY public.wagtailcore_modellogentry
    ADD CONSTRAINT wagtailcore_modellogentry_pkey PRIMARY KEY (id);


--
-- Name: wagtailcore_page wagtailcore_page_path_key; Type: CONSTRAINT; Schema: public; Owner: wagtailvillage
--

ALTER TABLE ONLY public.wagtailcore_page
    ADD CONSTRAINT wagtailcore_page_path_key UNIQUE (path);


--
-- Name: wagtailcore_page wagtailcore_page_pkey; Type: CONSTRAINT; Schema: public; Owner: wagtailvillage
--

ALTER TABLE ONLY public.wagtailcore_page
    ADD CONSTRAINT wagtailcore_page_pkey PRIMARY KEY (id);


--
-- Name: wagtailcore_page wagtailcore_page_translation_key_locale_id_9b041bad_uniq; Type: CONSTRAINT; Schema: public; Owner: wagtailvillage
--

ALTER TABLE ONLY public.wagtailcore_page
    ADD CONSTRAINT wagtailcore_page_translation_key_locale_id_9b041bad_uniq UNIQUE (translation_key, locale_id);


--
-- Name: wagtailcore_pagelogentry wagtailcore_pagelogentry_pkey; Type: CONSTRAINT; Schema: public; Owner: wagtailvillage
--

ALTER TABLE ONLY public.wagtailcore_pagelogentry
    ADD CONSTRAINT wagtailcore_pagelogentry_pkey PRIMARY KEY (id);


--
-- Name: wagtailcore_revision wagtailcore_pagerevision_pkey; Type: CONSTRAINT; Schema: public; Owner: wagtailvillage
--

ALTER TABLE ONLY public.wagtailcore_revision
    ADD CONSTRAINT wagtailcore_pagerevision_pkey PRIMARY KEY (id);


--
-- Name: wagtailcore_pagesubscription wagtailcore_pagesubscription_page_id_user_id_0cef73ed_uniq; Type: CONSTRAINT; Schema: public; Owner: wagtailvillage
--

ALTER TABLE ONLY public.wagtailcore_pagesubscription
    ADD CONSTRAINT wagtailcore_pagesubscription_page_id_user_id_0cef73ed_uniq UNIQUE (page_id, user_id);


--
-- Name: wagtailcore_pagesubscription wagtailcore_pagesubscription_pkey; Type: CONSTRAINT; Schema: public; Owner: wagtailvillage
--

ALTER TABLE ONLY public.wagtailcore_pagesubscription
    ADD CONSTRAINT wagtailcore_pagesubscription_pkey PRIMARY KEY (id);


--
-- Name: wagtailcore_pageviewrestriction_groups wagtailcore_pageviewrest_pageviewrestriction_id_g_d23f80bb_uniq; Type: CONSTRAINT; Schema: public; Owner: wagtailvillage
--

ALTER TABLE ONLY public.wagtailcore_pageviewrestriction_groups
    ADD CONSTRAINT wagtailcore_pageviewrest_pageviewrestriction_id_g_d23f80bb_uniq UNIQUE (pageviewrestriction_id, group_id);


--
-- Name: wagtailcore_pageviewrestriction_groups wagtailcore_pageviewrestriction_groups_pkey; Type: CONSTRAINT; Schema: public; Owner: wagtailvillage
--

ALTER TABLE ONLY public.wagtailcore_pageviewrestriction_groups
    ADD CONSTRAINT wagtailcore_pageviewrestriction_groups_pkey PRIMARY KEY (id);


--
-- Name: wagtailcore_pageviewrestriction wagtailcore_pageviewrestriction_pkey; Type: CONSTRAINT; Schema: public; Owner: wagtailvillage
--

ALTER TABLE ONLY public.wagtailcore_pageviewrestriction
    ADD CONSTRAINT wagtailcore_pageviewrestriction_pkey PRIMARY KEY (id);


--
-- Name: wagtailcore_referenceindex wagtailcore_referenceind_base_content_type_id_obj_9e6ccd6a_uniq; Type: CONSTRAINT; Schema: public; Owner: wagtailvillage
--

ALTER TABLE ONLY public.wagtailcore_referenceindex
    ADD CONSTRAINT wagtailcore_referenceind_base_content_type_id_obj_9e6ccd6a_uniq UNIQUE (base_content_type_id, object_id, to_content_type_id, to_object_id, content_path_hash);


--
-- Name: wagtailcore_referenceindex wagtailcore_referenceindex_pkey; Type: CONSTRAINT; Schema: public; Owner: wagtailvillage
--

ALTER TABLE ONLY public.wagtailcore_referenceindex
    ADD CONSTRAINT wagtailcore_referenceindex_pkey PRIMARY KEY (id);


--
-- Name: wagtailcore_site wagtailcore_site_hostname_port_2c626d70_uniq; Type: CONSTRAINT; Schema: public; Owner: wagtailvillage
--

ALTER TABLE ONLY public.wagtailcore_site
    ADD CONSTRAINT wagtailcore_site_hostname_port_2c626d70_uniq UNIQUE (hostname, port);


--
-- Name: wagtailcore_site wagtailcore_site_pkey; Type: CONSTRAINT; Schema: public; Owner: wagtailvillage
--

ALTER TABLE ONLY public.wagtailcore_site
    ADD CONSTRAINT wagtailcore_site_pkey PRIMARY KEY (id);


--
-- Name: wagtailcore_task wagtailcore_task_pkey; Type: CONSTRAINT; Schema: public; Owner: wagtailvillage
--

ALTER TABLE ONLY public.wagtailcore_task
    ADD CONSTRAINT wagtailcore_task_pkey PRIMARY KEY (id);


--
-- Name: wagtailcore_taskstate wagtailcore_taskstate_pkey; Type: CONSTRAINT; Schema: public; Owner: wagtailvillage
--

ALTER TABLE ONLY public.wagtailcore_taskstate
    ADD CONSTRAINT wagtailcore_taskstate_pkey PRIMARY KEY (id);


--
-- Name: wagtailcore_uploadedfile wagtailcore_uploadedfile_pkey; Type: CONSTRAINT; Schema: public; Owner: wagtailvillage
--

ALTER TABLE ONLY public.wagtailcore_uploadedfile
    ADD CONSTRAINT wagtailcore_uploadedfile_pkey PRIMARY KEY (id);


--
-- Name: wagtailcore_workflow wagtailcore_workflow_pkey; Type: CONSTRAINT; Schema: public; Owner: wagtailvillage
--

ALTER TABLE ONLY public.wagtailcore_workflow
    ADD CONSTRAINT wagtailcore_workflow_pkey PRIMARY KEY (id);


--
-- Name: wagtailcore_workflowcontenttype wagtailcore_workflowcontenttype_pkey; Type: CONSTRAINT; Schema: public; Owner: wagtailvillage
--

ALTER TABLE ONLY public.wagtailcore_workflowcontenttype
    ADD CONSTRAINT wagtailcore_workflowcontenttype_pkey PRIMARY KEY (content_type_id);


--
-- Name: wagtailcore_workflowpage wagtailcore_workflowpage_pkey; Type: CONSTRAINT; Schema: public; Owner: wagtailvillage
--

ALTER TABLE ONLY public.wagtailcore_workflowpage
    ADD CONSTRAINT wagtailcore_workflowpage_pkey PRIMARY KEY (page_id);


--
-- Name: wagtailcore_workflowstate wagtailcore_workflowstate_current_task_state_id_key; Type: CONSTRAINT; Schema: public; Owner: wagtailvillage
--

ALTER TABLE ONLY public.wagtailcore_workflowstate
    ADD CONSTRAINT wagtailcore_workflowstate_current_task_state_id_key UNIQUE (current_task_state_id);


--
-- Name: wagtailcore_workflowstate wagtailcore_workflowstate_pkey; Type: CONSTRAINT; Schema: public; Owner: wagtailvillage
--

ALTER TABLE ONLY public.wagtailcore_workflowstate
    ADD CONSTRAINT wagtailcore_workflowstate_pkey PRIMARY KEY (id);


--
-- Name: wagtailcore_workflowtask wagtailcore_workflowtask_pkey; Type: CONSTRAINT; Schema: public; Owner: wagtailvillage
--

ALTER TABLE ONLY public.wagtailcore_workflowtask
    ADD CONSTRAINT wagtailcore_workflowtask_pkey PRIMARY KEY (id);


--
-- Name: wagtailcore_workflowtask wagtailcore_workflowtask_workflow_id_task_id_4ec7a62b_uniq; Type: CONSTRAINT; Schema: public; Owner: wagtailvillage
--

ALTER TABLE ONLY public.wagtailcore_workflowtask
    ADD CONSTRAINT wagtailcore_workflowtask_workflow_id_task_id_4ec7a62b_uniq UNIQUE (workflow_id, task_id);


--
-- Name: wagtaildocs_document wagtaildocs_document_pkey; Type: CONSTRAINT; Schema: public; Owner: wagtailvillage
--

ALTER TABLE ONLY public.wagtaildocs_document
    ADD CONSTRAINT wagtaildocs_document_pkey PRIMARY KEY (id);


--
-- Name: wagtailembeds_embed wagtailembeds_embed_hash_c9bd8c9a_uniq; Type: CONSTRAINT; Schema: public; Owner: wagtailvillage
--

ALTER TABLE ONLY public.wagtailembeds_embed
    ADD CONSTRAINT wagtailembeds_embed_hash_c9bd8c9a_uniq UNIQUE (hash);


--
-- Name: wagtailembeds_embed wagtailembeds_embed_pkey; Type: CONSTRAINT; Schema: public; Owner: wagtailvillage
--

ALTER TABLE ONLY public.wagtailembeds_embed
    ADD CONSTRAINT wagtailembeds_embed_pkey PRIMARY KEY (id);


--
-- Name: wagtailforms_formsubmission wagtailforms_formsubmission_pkey; Type: CONSTRAINT; Schema: public; Owner: wagtailvillage
--

ALTER TABLE ONLY public.wagtailforms_formsubmission
    ADD CONSTRAINT wagtailforms_formsubmission_pkey PRIMARY KEY (id);


--
-- Name: wagtailimages_image wagtailimages_image_pkey; Type: CONSTRAINT; Schema: public; Owner: wagtailvillage
--

ALTER TABLE ONLY public.wagtailimages_image
    ADD CONSTRAINT wagtailimages_image_pkey PRIMARY KEY (id);


--
-- Name: wagtailimages_rendition wagtailimages_rendition_image_id_filter_spec_foc_323c8fe0_uniq; Type: CONSTRAINT; Schema: public; Owner: wagtailvillage
--

ALTER TABLE ONLY public.wagtailimages_rendition
    ADD CONSTRAINT wagtailimages_rendition_image_id_filter_spec_foc_323c8fe0_uniq UNIQUE (image_id, filter_spec, focal_point_key);


--
-- Name: wagtailimages_rendition wagtailimages_rendition_pkey; Type: CONSTRAINT; Schema: public; Owner: wagtailvillage
--

ALTER TABLE ONLY public.wagtailimages_rendition
    ADD CONSTRAINT wagtailimages_rendition_pkey PRIMARY KEY (id);


--
-- Name: wagtailmenus_flatmenu wagtailmenus_flatmenu_pkey; Type: CONSTRAINT; Schema: public; Owner: wagtailvillage
--

ALTER TABLE ONLY public.wagtailmenus_flatmenu
    ADD CONSTRAINT wagtailmenus_flatmenu_pkey PRIMARY KEY (id);


--
-- Name: wagtailmenus_flatmenu wagtailmenus_flatmenu_site_id_handle_7b0cab3a_uniq; Type: CONSTRAINT; Schema: public; Owner: wagtailvillage
--

ALTER TABLE ONLY public.wagtailmenus_flatmenu
    ADD CONSTRAINT wagtailmenus_flatmenu_site_id_handle_7b0cab3a_uniq UNIQUE (site_id, handle);


--
-- Name: wagtailmenus_flatmenuitem wagtailmenus_flatmenuitem_pkey; Type: CONSTRAINT; Schema: public; Owner: wagtailvillage
--

ALTER TABLE ONLY public.wagtailmenus_flatmenuitem
    ADD CONSTRAINT wagtailmenus_flatmenuitem_pkey PRIMARY KEY (id);


--
-- Name: wagtailmenus_mainmenu wagtailmenus_mainmenu_pkey; Type: CONSTRAINT; Schema: public; Owner: wagtailvillage
--

ALTER TABLE ONLY public.wagtailmenus_mainmenu
    ADD CONSTRAINT wagtailmenus_mainmenu_pkey PRIMARY KEY (id);


--
-- Name: wagtailmenus_mainmenu wagtailmenus_mainmenu_site_id_key; Type: CONSTRAINT; Schema: public; Owner: wagtailvillage
--

ALTER TABLE ONLY public.wagtailmenus_mainmenu
    ADD CONSTRAINT wagtailmenus_mainmenu_site_id_key UNIQUE (site_id);


--
-- Name: wagtailmenus_mainmenuitem wagtailmenus_mainmenuitem_pkey; Type: CONSTRAINT; Schema: public; Owner: wagtailvillage
--

ALTER TABLE ONLY public.wagtailmenus_mainmenuitem
    ADD CONSTRAINT wagtailmenus_mainmenuitem_pkey PRIMARY KEY (id);


--
-- Name: wagtailredirects_redirect wagtailredirects_redirect_old_path_site_id_783622d7_uniq; Type: CONSTRAINT; Schema: public; Owner: wagtailvillage
--

ALTER TABLE ONLY public.wagtailredirects_redirect
    ADD CONSTRAINT wagtailredirects_redirect_old_path_site_id_783622d7_uniq UNIQUE (old_path, site_id);


--
-- Name: wagtailredirects_redirect wagtailredirects_redirect_pkey; Type: CONSTRAINT; Schema: public; Owner: wagtailvillage
--

ALTER TABLE ONLY public.wagtailredirects_redirect
    ADD CONSTRAINT wagtailredirects_redirect_pkey PRIMARY KEY (id);


--
-- Name: wagtailsearch_indexentry wagtailsearch_indexentry_content_type_id_object_i_bcd7ba73_uniq; Type: CONSTRAINT; Schema: public; Owner: wagtailvillage
--

ALTER TABLE ONLY public.wagtailsearch_indexentry
    ADD CONSTRAINT wagtailsearch_indexentry_content_type_id_object_i_bcd7ba73_uniq UNIQUE (content_type_id, object_id);


--
-- Name: wagtailsearch_indexentry wagtailsearch_indexentry_pkey; Type: CONSTRAINT; Schema: public; Owner: wagtailvillage
--

ALTER TABLE ONLY public.wagtailsearch_indexentry
    ADD CONSTRAINT wagtailsearch_indexentry_pkey PRIMARY KEY (id);


--
-- Name: wagtailusers_userprofile wagtailusers_userprofile_pkey; Type: CONSTRAINT; Schema: public; Owner: wagtailvillage
--

ALTER TABLE ONLY public.wagtailusers_userprofile
    ADD CONSTRAINT wagtailusers_userprofile_pkey PRIMARY KEY (id);


--
-- Name: wagtailusers_userprofile wagtailusers_userprofile_user_id_key; Type: CONSTRAINT; Schema: public; Owner: wagtailvillage
--

ALTER TABLE ONLY public.wagtailusers_userprofile
    ADD CONSTRAINT wagtailusers_userprofile_user_id_key UNIQUE (user_id);


--
-- Name: auth_group_name_a6ea08ec_like; Type: INDEX; Schema: public; Owner: wagtailvillage
--

CREATE INDEX auth_group_name_a6ea08ec_like ON public.auth_group USING btree (name varchar_pattern_ops);


--
-- Name: auth_group_permissions_group_id_b120cbf9; Type: INDEX; Schema: public; Owner: wagtailvillage
--

CREATE INDEX auth_group_permissions_group_id_b120cbf9 ON public.auth_group_permissions USING btree (group_id);


--
-- Name: auth_group_permissions_permission_id_84c5c92e; Type: INDEX; Schema: public; Owner: wagtailvillage
--

CREATE INDEX auth_group_permissions_permission_id_84c5c92e ON public.auth_group_permissions USING btree (permission_id);


--
-- Name: auth_permission_content_type_id_2f476e4b; Type: INDEX; Schema: public; Owner: wagtailvillage
--

CREATE INDEX auth_permission_content_type_id_2f476e4b ON public.auth_permission USING btree (content_type_id);


--
-- Name: auth_user_groups_group_id_97559544; Type: INDEX; Schema: public; Owner: wagtailvillage
--

CREATE INDEX auth_user_groups_group_id_97559544 ON public.auth_user_groups USING btree (group_id);


--
-- Name: auth_user_groups_user_id_6a12ed8b; Type: INDEX; Schema: public; Owner: wagtailvillage
--

CREATE INDEX auth_user_groups_user_id_6a12ed8b ON public.auth_user_groups USING btree (user_id);


--
-- Name: auth_user_user_permissions_permission_id_1fbb5f2c; Type: INDEX; Schema: public; Owner: wagtailvillage
--

CREATE INDEX auth_user_user_permissions_permission_id_1fbb5f2c ON public.auth_user_user_permissions USING btree (permission_id);


--
-- Name: auth_user_user_permissions_user_id_a95ead1b; Type: INDEX; Schema: public; Owner: wagtailvillage
--

CREATE INDEX auth_user_user_permissions_user_id_a95ead1b ON public.auth_user_user_permissions USING btree (user_id);


--
-- Name: auth_user_username_6821ab7c_like; Type: INDEX; Schema: public; Owner: wagtailvillage
--

CREATE INDEX auth_user_username_6821ab7c_like ON public.auth_user USING btree (username varchar_pattern_ops);


--
-- Name: base_content_object_idx; Type: INDEX; Schema: public; Owner: wagtailvillage
--

CREATE INDEX base_content_object_idx ON public.wagtailcore_revision USING btree (base_content_type_id, object_id);


--
-- Name: blog_blogentrypage_authors_blogentrypage_id_762f0f2c; Type: INDEX; Schema: public; Owner: wagtailvillage
--

CREATE INDEX blog_blogentrypage_authors_blogentrypage_id_762f0f2c ON public.blog_blogentrypage_authors USING btree (blogentrypage_id);


--
-- Name: blog_blogentrypage_authors_person_id_f6dc189b; Type: INDEX; Schema: public; Owner: wagtailvillage
--

CREATE INDEX blog_blogentrypage_authors_person_id_f6dc189b ON public.blog_blogentrypage_authors USING btree (person_id);


--
-- Name: blog_blogindexpage_header_image_id_d10ff2e9; Type: INDEX; Schema: public; Owner: wagtailvillage
--

CREATE INDEX blog_blogindexpage_header_image_id_d10ff2e9 ON public.blog_blogindexpage USING btree (header_image_id);


--
-- Name: blog_category_locale_id_170a72be; Type: INDEX; Schema: public; Owner: wagtailvillage
--

CREATE INDEX blog_category_locale_id_170a72be ON public.blog_category USING btree (locale_id);


--
-- Name: blog_category_name_92eb1483_like; Type: INDEX; Schema: public; Owner: wagtailvillage
--

CREATE INDEX blog_category_name_92eb1483_like ON public.blog_category USING btree (name varchar_pattern_ops);


--
-- Name: blog_category_parent_id_2d80fe5c; Type: INDEX; Schema: public; Owner: wagtailvillage
--

CREATE INDEX blog_category_parent_id_2d80fe5c ON public.blog_category USING btree (parent_id);


--
-- Name: blog_category_slug_92643dc5_like; Type: INDEX; Schema: public; Owner: wagtailvillage
--

CREATE INDEX blog_category_slug_92643dc5_like ON public.blog_category USING btree (slug varchar_pattern_ops);


--
-- Name: blog_categoryentrypage_category_id_1994cf36; Type: INDEX; Schema: public; Owner: wagtailvillage
--

CREATE INDEX blog_categoryentrypage_category_id_1994cf36 ON public.blog_categoryentrypage USING btree (category_id);


--
-- Name: blog_categoryentrypage_page_id_b20dc11c; Type: INDEX; Schema: public; Owner: wagtailvillage
--

CREATE INDEX blog_categoryentrypage_page_id_b20dc11c ON public.blog_categoryentrypage USING btree (page_id);


--
-- Name: blog_person_image_id_6cc55cba; Type: INDEX; Schema: public; Owner: wagtailvillage
--

CREATE INDEX blog_person_image_id_6cc55cba ON public.blog_person USING btree (image_id);


--
-- Name: blog_tagentrypage_content_object_id_6786320f; Type: INDEX; Schema: public; Owner: wagtailvillage
--

CREATE INDEX blog_tagentrypage_content_object_id_6786320f ON public.blog_tagentrypage USING btree (content_object_id);


--
-- Name: blog_tagentrypage_tag_id_0a2cb436; Type: INDEX; Schema: public; Owner: wagtailvillage
--

CREATE INDEX blog_tagentrypage_tag_id_0a2cb436 ON public.blog_tagentrypage USING btree (tag_id);


--
-- Name: content_object_idx; Type: INDEX; Schema: public; Owner: wagtailvillage
--

CREATE INDEX content_object_idx ON public.wagtailcore_revision USING btree (content_type_id, object_id);


--
-- Name: django_session_expire_date_a5c62663; Type: INDEX; Schema: public; Owner: wagtailvillage
--

CREATE INDEX django_session_expire_date_a5c62663 ON public.django_session USING btree (expire_date);


--
-- Name: django_session_session_key_c0390e0f_like; Type: INDEX; Schema: public; Owner: wagtailvillage
--

CREATE INDEX django_session_session_key_c0390e0f_like ON public.django_session USING btree (session_key varchar_pattern_ops);


--
-- Name: django_village_villagesocialmedia_site_config_id_5271831d; Type: INDEX; Schema: public; Owner: wagtailvillage
--

CREATE INDEX django_village_villagesocialmedia_site_config_id_5271831d ON public.django_village_villagesocialmedia USING btree (site_config_id);


--
-- Name: taggit_tag_name_58eb2ed9_like; Type: INDEX; Schema: public; Owner: wagtailvillage
--

CREATE INDEX taggit_tag_name_58eb2ed9_like ON public.taggit_tag USING btree (name varchar_pattern_ops);


--
-- Name: taggit_tag_slug_6be58b2c_like; Type: INDEX; Schema: public; Owner: wagtailvillage
--

CREATE INDEX taggit_tag_slug_6be58b2c_like ON public.taggit_tag USING btree (slug varchar_pattern_ops);


--
-- Name: taggit_tagg_content_8fc721_idx; Type: INDEX; Schema: public; Owner: wagtailvillage
--

CREATE INDEX taggit_tagg_content_8fc721_idx ON public.taggit_taggeditem USING btree (content_type_id, object_id);


--
-- Name: taggit_taggeditem_content_type_id_9957a03c; Type: INDEX; Schema: public; Owner: wagtailvillage
--

CREATE INDEX taggit_taggeditem_content_type_id_9957a03c ON public.taggit_taggeditem USING btree (content_type_id);


--
-- Name: taggit_taggeditem_object_id_e2d7d1df; Type: INDEX; Schema: public; Owner: wagtailvillage
--

CREATE INDEX taggit_taggeditem_object_id_e2d7d1df ON public.taggit_taggeditem USING btree (object_id);


--
-- Name: taggit_taggeditem_tag_id_f4f5b767; Type: INDEX; Schema: public; Owner: wagtailvillage
--

CREATE INDEX taggit_taggeditem_tag_id_f4f5b767 ON public.taggit_taggeditem USING btree (tag_id);


--
-- Name: unique_in_progress_workflow; Type: INDEX; Schema: public; Owner: wagtailvillage
--

CREATE UNIQUE INDEX unique_in_progress_workflow ON public.wagtailcore_workflowstate USING btree (base_content_type_id, object_id) WHERE ((status)::text = ANY ((ARRAY['in_progress'::character varying, 'needs_changes'::character varying])::text[]));


--
-- Name: wagtail_localize_localesynchronization_sync_from_id_1bc4c2eb; Type: INDEX; Schema: public; Owner: wagtailvillage
--

CREATE INDEX wagtail_localize_localesynchronization_sync_from_id_1bc4c2eb ON public.wagtail_localize_localesynchronization USING btree (sync_from_id);


--
-- Name: wagtail_localize_overridablesegment_context_id_eed8c388; Type: INDEX; Schema: public; Owner: wagtailvillage
--

CREATE INDEX wagtail_localize_overridablesegment_context_id_eed8c388 ON public.wagtail_localize_overridablesegment USING btree (context_id);


--
-- Name: wagtail_localize_overridablesegment_source_id_5720ac20; Type: INDEX; Schema: public; Owner: wagtailvillage
--

CREATE INDEX wagtail_localize_overridablesegment_source_id_5720ac20 ON public.wagtail_localize_overridablesegment USING btree (source_id);


--
-- Name: wagtail_localize_relatedobjectsegment_context_id_c0a725be; Type: INDEX; Schema: public; Owner: wagtailvillage
--

CREATE INDEX wagtail_localize_relatedobjectsegment_context_id_c0a725be ON public.wagtail_localize_relatedobjectsegment USING btree (context_id);


--
-- Name: wagtail_localize_relatedobjectsegment_object_id_6c7b58df; Type: INDEX; Schema: public; Owner: wagtailvillage
--

CREATE INDEX wagtail_localize_relatedobjectsegment_object_id_6c7b58df ON public.wagtail_localize_relatedobjectsegment USING btree (object_id);


--
-- Name: wagtail_localize_relatedobjectsegment_source_id_9a3b1373; Type: INDEX; Schema: public; Owner: wagtailvillage
--

CREATE INDEX wagtail_localize_relatedobjectsegment_source_id_9a3b1373 ON public.wagtail_localize_relatedobjectsegment USING btree (source_id);


--
-- Name: wagtail_localize_segmentoverride_context_id_f827efe0; Type: INDEX; Schema: public; Owner: wagtailvillage
--

CREATE INDEX wagtail_localize_segmentoverride_context_id_f827efe0 ON public.wagtail_localize_segmentoverride USING btree (context_id);


--
-- Name: wagtail_localize_segmentoverride_last_translated_by_id_a86448fc; Type: INDEX; Schema: public; Owner: wagtailvillage
--

CREATE INDEX wagtail_localize_segmentoverride_last_translated_by_id_a86448fc ON public.wagtail_localize_segmentoverride USING btree (last_translated_by_id);


--
-- Name: wagtail_localize_segmentoverride_locale_id_b1673d41; Type: INDEX; Schema: public; Owner: wagtailvillage
--

CREATE INDEX wagtail_localize_segmentoverride_locale_id_b1673d41 ON public.wagtail_localize_segmentoverride USING btree (locale_id);


--
-- Name: wagtail_localize_string_locale_id_2cded126; Type: INDEX; Schema: public; Owner: wagtailvillage
--

CREATE INDEX wagtail_localize_string_locale_id_2cded126 ON public.wagtail_localize_string USING btree (locale_id);


--
-- Name: wagtail_localize_stringsegment_context_id_63235539; Type: INDEX; Schema: public; Owner: wagtailvillage
--

CREATE INDEX wagtail_localize_stringsegment_context_id_63235539 ON public.wagtail_localize_stringsegment USING btree (context_id);


--
-- Name: wagtail_localize_stringsegment_source_id_5804129f; Type: INDEX; Schema: public; Owner: wagtailvillage
--

CREATE INDEX wagtail_localize_stringsegment_source_id_5804129f ON public.wagtail_localize_stringsegment USING btree (source_id);


--
-- Name: wagtail_localize_stringsegment_string_id_6356d5ec; Type: INDEX; Schema: public; Owner: wagtailvillage
--

CREATE INDEX wagtail_localize_stringsegment_string_id_6356d5ec ON public.wagtail_localize_stringsegment USING btree (string_id);


--
-- Name: wagtail_localize_stringtra_last_translated_by_id_764c7a3f; Type: INDEX; Schema: public; Owner: wagtailvillage
--

CREATE INDEX wagtail_localize_stringtra_last_translated_by_id_764c7a3f ON public.wagtail_localize_stringtranslation USING btree (last_translated_by_id);


--
-- Name: wagtail_localize_stringtranslation_context_id_3cc13049; Type: INDEX; Schema: public; Owner: wagtailvillage
--

CREATE INDEX wagtail_localize_stringtranslation_context_id_3cc13049 ON public.wagtail_localize_stringtranslation USING btree (context_id);


--
-- Name: wagtail_localize_stringtranslation_locale_id_b9e3730d; Type: INDEX; Schema: public; Owner: wagtailvillage
--

CREATE INDEX wagtail_localize_stringtranslation_locale_id_b9e3730d ON public.wagtail_localize_stringtranslation USING btree (locale_id);


--
-- Name: wagtail_localize_stringtranslation_translation_of_id_8eef01d0; Type: INDEX; Schema: public; Owner: wagtailvillage
--

CREATE INDEX wagtail_localize_stringtranslation_translation_of_id_8eef01d0 ON public.wagtail_localize_stringtranslation USING btree (translation_of_id);


--
-- Name: wagtail_localize_templatesegment_context_id_81456b25; Type: INDEX; Schema: public; Owner: wagtailvillage
--

CREATE INDEX wagtail_localize_templatesegment_context_id_81456b25 ON public.wagtail_localize_templatesegment USING btree (context_id);


--
-- Name: wagtail_localize_templatesegment_source_id_26b89dc6; Type: INDEX; Schema: public; Owner: wagtailvillage
--

CREATE INDEX wagtail_localize_templatesegment_source_id_26b89dc6 ON public.wagtail_localize_templatesegment USING btree (source_id);


--
-- Name: wagtail_localize_templatesegment_template_id_c370b3c8; Type: INDEX; Schema: public; Owner: wagtailvillage
--

CREATE INDEX wagtail_localize_templatesegment_template_id_c370b3c8 ON public.wagtail_localize_templatesegment USING btree (template_id);


--
-- Name: wagtail_localize_translatableobject_content_type_id_0d6c5139; Type: INDEX; Schema: public; Owner: wagtailvillage
--

CREATE INDEX wagtail_localize_translatableobject_content_type_id_0d6c5139 ON public.wagtail_localize_translatableobject USING btree (content_type_id);


--
-- Name: wagtail_localize_translati_specific_content_type_id_3095eb76; Type: INDEX; Schema: public; Owner: wagtailvillage
--

CREATE INDEX wagtail_localize_translati_specific_content_type_id_3095eb76 ON public.wagtail_localize_translationsource USING btree (specific_content_type_id);


--
-- Name: wagtail_localize_translation_source_id_e326e1e3; Type: INDEX; Schema: public; Owner: wagtailvillage
--

CREATE INDEX wagtail_localize_translation_source_id_e326e1e3 ON public.wagtail_localize_translation USING btree (source_id);


--
-- Name: wagtail_localize_translation_target_locale_id_8c524f73; Type: INDEX; Schema: public; Owner: wagtailvillage
--

CREATE INDEX wagtail_localize_translation_target_locale_id_8c524f73 ON public.wagtail_localize_translation USING btree (target_locale_id);


--
-- Name: wagtail_localize_translationcontext_object_id_86263ce7; Type: INDEX; Schema: public; Owner: wagtailvillage
--

CREATE INDEX wagtail_localize_translationcontext_object_id_86263ce7 ON public.wagtail_localize_translationcontext USING btree (object_id);


--
-- Name: wagtail_localize_translationlog_locale_id_37619cb4; Type: INDEX; Schema: public; Owner: wagtailvillage
--

CREATE INDEX wagtail_localize_translationlog_locale_id_37619cb4 ON public.wagtail_localize_translationlog USING btree (locale_id);


--
-- Name: wagtail_localize_translationlog_page_revision_id_b036eea6; Type: INDEX; Schema: public; Owner: wagtailvillage
--

CREATE INDEX wagtail_localize_translationlog_page_revision_id_b036eea6 ON public.wagtail_localize_translationlog USING btree (revision_id);


--
-- Name: wagtail_localize_translationlog_source_id_7228923e; Type: INDEX; Schema: public; Owner: wagtailvillage
--

CREATE INDEX wagtail_localize_translationlog_source_id_7228923e ON public.wagtail_localize_translationlog USING btree (source_id);


--
-- Name: wagtail_localize_translationsource_locale_id_0ac264c0; Type: INDEX; Schema: public; Owner: wagtailvillage
--

CREATE INDEX wagtail_localize_translationsource_locale_id_0ac264c0 ON public.wagtail_localize_translationsource USING btree (locale_id);


--
-- Name: wagtail_localize_translationsource_object_id_6a078fd2; Type: INDEX; Schema: public; Owner: wagtailvillage
--

CREATE INDEX wagtail_localize_translationsource_object_id_6a078fd2 ON public.wagtail_localize_translationsource USING btree (object_id);


--
-- Name: sites_faciles_contentpage_header_image_id_4be41c0d; Type: INDEX; Schema: public; Owner: wagtailvillage
--

CREATE INDEX sites_faciles_contentpage_header_image_id_4be41c0d ON public.sites_faciles_contentpage USING btree (header_image_id);


--
-- Name: sites_faciles_formfield_page_id_33973208; Type: INDEX; Schema: public; Owner: wagtailvillage
--

CREATE INDEX sites_faciles_formfield_page_id_33973208 ON public.sites_faciles_formfield USING btree (page_id);


--
-- Name: sites_faciles_megamenu_parent_menu_item_id_d360fa35; Type: INDEX; Schema: public; Owner: wagtailvillage
--

CREATE INDEX sites_faciles_megamenu_parent_menu_item_id_d360fa35 ON public.sites_faciles_megamenu USING btree (parent_menu_item_id);


--
-- Name: sites_faciles_megamenucategory_category_id_1b2175d5; Type: INDEX; Schema: public; Owner: wagtailvillage
--

CREATE INDEX sites_faciles_megamenucategory_category_id_1b2175d5 ON public.sites_faciles_megamenucategory USING btree (category_id);


--
-- Name: sites_faciles_megamenucategory_mega_menu_id_9de99254; Type: INDEX; Schema: public; Owner: wagtailvillage
--

CREATE INDEX sites_faciles_megamenucategory_mega_menu_id_9de99254 ON public.sites_faciles_megamenucategory USING btree (mega_menu_id);


--
-- Name: sites_faciles_socialmediaitem_site_config_id_4070b2ab; Type: INDEX; Schema: public; Owner: wagtailvillage
--

CREATE INDEX sites_faciles_socialmediaitem_site_config_id_4070b2ab ON public.sites_faciles_socialmediaitem USING btree (site_config_id);


--
-- Name: sites_faciles_tagcontentpage_content_object_id_183d45a2; Type: INDEX; Schema: public; Owner: wagtailvillage
--

CREATE INDEX sites_faciles_tagcontentpage_content_object_id_183d45a2 ON public.sites_faciles_tagcontentpage USING btree (content_object_id);


--
-- Name: sites_faciles_tagcontentpage_tag_id_ceef12ca; Type: INDEX; Schema: public; Owner: wagtailvillage
--

CREATE INDEX sites_faciles_tagcontentpage_tag_id_ceef12ca ON public.sites_faciles_tagcontentpage USING btree (tag_id);


--
-- Name: wagtailcore_collection_path_d848dc19_like; Type: INDEX; Schema: public; Owner: wagtailvillage
--

CREATE INDEX wagtailcore_collection_path_d848dc19_like ON public.wagtailcore_collection USING btree (path varchar_pattern_ops);


--
-- Name: wagtailcore_collectionview_collectionviewrestriction__47320efd; Type: INDEX; Schema: public; Owner: wagtailvillage
--

CREATE INDEX wagtailcore_collectionview_collectionviewrestriction__47320efd ON public.wagtailcore_collectionviewrestriction_groups USING btree (collectionviewrestriction_id);


--
-- Name: wagtailcore_collectionviewrestriction_collection_id_761908ec; Type: INDEX; Schema: public; Owner: wagtailvillage
--

CREATE INDEX wagtailcore_collectionviewrestriction_collection_id_761908ec ON public.wagtailcore_collectionviewrestriction USING btree (collection_id);


--
-- Name: wagtailcore_collectionviewrestriction_groups_group_id_1823f2a3; Type: INDEX; Schema: public; Owner: wagtailvillage
--

CREATE INDEX wagtailcore_collectionviewrestriction_groups_group_id_1823f2a3 ON public.wagtailcore_collectionviewrestriction_groups USING btree (group_id);


--
-- Name: wagtailcore_comment_page_id_108444b5; Type: INDEX; Schema: public; Owner: wagtailvillage
--

CREATE INDEX wagtailcore_comment_page_id_108444b5 ON public.wagtailcore_comment USING btree (page_id);


--
-- Name: wagtailcore_comment_resolved_by_id_a282aa0e; Type: INDEX; Schema: public; Owner: wagtailvillage
--

CREATE INDEX wagtailcore_comment_resolved_by_id_a282aa0e ON public.wagtailcore_comment USING btree (resolved_by_id);


--
-- Name: wagtailcore_comment_revision_created_id_1d058279; Type: INDEX; Schema: public; Owner: wagtailvillage
--

CREATE INDEX wagtailcore_comment_revision_created_id_1d058279 ON public.wagtailcore_comment USING btree (revision_created_id);


--
-- Name: wagtailcore_comment_user_id_0c577ca6; Type: INDEX; Schema: public; Owner: wagtailvillage
--

CREATE INDEX wagtailcore_comment_user_id_0c577ca6 ON public.wagtailcore_comment USING btree (user_id);


--
-- Name: wagtailcore_commentreply_comment_id_afc7e027; Type: INDEX; Schema: public; Owner: wagtailvillage
--

CREATE INDEX wagtailcore_commentreply_comment_id_afc7e027 ON public.wagtailcore_commentreply USING btree (comment_id);


--
-- Name: wagtailcore_commentreply_user_id_d0b3b9c3; Type: INDEX; Schema: public; Owner: wagtailvillage
--

CREATE INDEX wagtailcore_commentreply_user_id_d0b3b9c3 ON public.wagtailcore_commentreply USING btree (user_id);


--
-- Name: wagtailcore_groupapprovalt_groupapprovaltask_id_9a9255ea; Type: INDEX; Schema: public; Owner: wagtailvillage
--

CREATE INDEX wagtailcore_groupapprovalt_groupapprovaltask_id_9a9255ea ON public.wagtailcore_groupapprovaltask_groups USING btree (groupapprovaltask_id);


--
-- Name: wagtailcore_groupapprovaltask_groups_group_id_2e64b61f; Type: INDEX; Schema: public; Owner: wagtailvillage
--

CREATE INDEX wagtailcore_groupapprovaltask_groups_group_id_2e64b61f ON public.wagtailcore_groupapprovaltask_groups USING btree (group_id);


--
-- Name: wagtailcore_groupcollectionpermission_collection_id_5423575a; Type: INDEX; Schema: public; Owner: wagtailvillage
--

CREATE INDEX wagtailcore_groupcollectionpermission_collection_id_5423575a ON public.wagtailcore_groupcollectionpermission USING btree (collection_id);


--
-- Name: wagtailcore_groupcollectionpermission_group_id_05d61460; Type: INDEX; Schema: public; Owner: wagtailvillage
--

CREATE INDEX wagtailcore_groupcollectionpermission_group_id_05d61460 ON public.wagtailcore_groupcollectionpermission USING btree (group_id);


--
-- Name: wagtailcore_groupcollectionpermission_permission_id_1b626275; Type: INDEX; Schema: public; Owner: wagtailvillage
--

CREATE INDEX wagtailcore_groupcollectionpermission_permission_id_1b626275 ON public.wagtailcore_groupcollectionpermission USING btree (permission_id);


--
-- Name: wagtailcore_grouppagepermission_group_id_fc07e671; Type: INDEX; Schema: public; Owner: wagtailvillage
--

CREATE INDEX wagtailcore_grouppagepermission_group_id_fc07e671 ON public.wagtailcore_grouppagepermission USING btree (group_id);


--
-- Name: wagtailcore_grouppagepermission_page_id_710b114a; Type: INDEX; Schema: public; Owner: wagtailvillage
--

CREATE INDEX wagtailcore_grouppagepermission_page_id_710b114a ON public.wagtailcore_grouppagepermission USING btree (page_id);


--
-- Name: wagtailcore_grouppagepermission_permission_id_05acb22e; Type: INDEX; Schema: public; Owner: wagtailvillage
--

CREATE INDEX wagtailcore_grouppagepermission_permission_id_05acb22e ON public.wagtailcore_grouppagepermission USING btree (permission_id);


--
-- Name: wagtailcore_locale_language_code_03149338_like; Type: INDEX; Schema: public; Owner: wagtailvillage
--

CREATE INDEX wagtailcore_locale_language_code_03149338_like ON public.wagtailcore_locale USING btree (language_code varchar_pattern_ops);


--
-- Name: wagtailcore_modellogentry_action_d2d856ee; Type: INDEX; Schema: public; Owner: wagtailvillage
--

CREATE INDEX wagtailcore_modellogentry_action_d2d856ee ON public.wagtailcore_modellogentry USING btree (action);


--
-- Name: wagtailcore_modellogentry_action_d2d856ee_like; Type: INDEX; Schema: public; Owner: wagtailvillage
--

CREATE INDEX wagtailcore_modellogentry_action_d2d856ee_like ON public.wagtailcore_modellogentry USING btree (action varchar_pattern_ops);


--
-- Name: wagtailcore_modellogentry_content_changed_8bc39742; Type: INDEX; Schema: public; Owner: wagtailvillage
--

CREATE INDEX wagtailcore_modellogentry_content_changed_8bc39742 ON public.wagtailcore_modellogentry USING btree (content_changed);


--
-- Name: wagtailcore_modellogentry_content_type_id_68849e77; Type: INDEX; Schema: public; Owner: wagtailvillage
--

CREATE INDEX wagtailcore_modellogentry_content_type_id_68849e77 ON public.wagtailcore_modellogentry USING btree (content_type_id);


--
-- Name: wagtailcore_modellogentry_object_id_e0e7d4ef; Type: INDEX; Schema: public; Owner: wagtailvillage
--

CREATE INDEX wagtailcore_modellogentry_object_id_e0e7d4ef ON public.wagtailcore_modellogentry USING btree (object_id);


--
-- Name: wagtailcore_modellogentry_object_id_e0e7d4ef_like; Type: INDEX; Schema: public; Owner: wagtailvillage
--

CREATE INDEX wagtailcore_modellogentry_object_id_e0e7d4ef_like ON public.wagtailcore_modellogentry USING btree (object_id varchar_pattern_ops);


--
-- Name: wagtailcore_modellogentry_revision_id_df6ca33a; Type: INDEX; Schema: public; Owner: wagtailvillage
--

CREATE INDEX wagtailcore_modellogentry_revision_id_df6ca33a ON public.wagtailcore_modellogentry USING btree (revision_id);


--
-- Name: wagtailcore_modellogentry_timestamp_9694521b; Type: INDEX; Schema: public; Owner: wagtailvillage
--

CREATE INDEX wagtailcore_modellogentry_timestamp_9694521b ON public.wagtailcore_modellogentry USING btree ("timestamp");


--
-- Name: wagtailcore_modellogentry_user_id_0278d1bf; Type: INDEX; Schema: public; Owner: wagtailvillage
--

CREATE INDEX wagtailcore_modellogentry_user_id_0278d1bf ON public.wagtailcore_modellogentry USING btree (user_id);


--
-- Name: wagtailcore_page_alias_of_id_12945502; Type: INDEX; Schema: public; Owner: wagtailvillage
--

CREATE INDEX wagtailcore_page_alias_of_id_12945502 ON public.wagtailcore_page USING btree (alias_of_id);


--
-- Name: wagtailcore_page_content_type_id_c28424df; Type: INDEX; Schema: public; Owner: wagtailvillage
--

CREATE INDEX wagtailcore_page_content_type_id_c28424df ON public.wagtailcore_page USING btree (content_type_id);


--
-- Name: wagtailcore_page_first_published_at_2b5dd637; Type: INDEX; Schema: public; Owner: wagtailvillage
--

CREATE INDEX wagtailcore_page_first_published_at_2b5dd637 ON public.wagtailcore_page USING btree (first_published_at);


--
-- Name: wagtailcore_page_latest_revision_id_e60fef51; Type: INDEX; Schema: public; Owner: wagtailvillage
--

CREATE INDEX wagtailcore_page_latest_revision_id_e60fef51 ON public.wagtailcore_page USING btree (latest_revision_id);


--
-- Name: wagtailcore_page_live_revision_id_930bd822; Type: INDEX; Schema: public; Owner: wagtailvillage
--

CREATE INDEX wagtailcore_page_live_revision_id_930bd822 ON public.wagtailcore_page USING btree (live_revision_id);


--
-- Name: wagtailcore_page_locale_id_3c7e30a6; Type: INDEX; Schema: public; Owner: wagtailvillage
--

CREATE INDEX wagtailcore_page_locale_id_3c7e30a6 ON public.wagtailcore_page USING btree (locale_id);


--
-- Name: wagtailcore_page_locked_by_id_bcb86245; Type: INDEX; Schema: public; Owner: wagtailvillage
--

CREATE INDEX wagtailcore_page_locked_by_id_bcb86245 ON public.wagtailcore_page USING btree (locked_by_id);


--
-- Name: wagtailcore_page_owner_id_fbf7c332; Type: INDEX; Schema: public; Owner: wagtailvillage
--

CREATE INDEX wagtailcore_page_owner_id_fbf7c332 ON public.wagtailcore_page USING btree (owner_id);


--
-- Name: wagtailcore_page_path_98eba2c8_like; Type: INDEX; Schema: public; Owner: wagtailvillage
--

CREATE INDEX wagtailcore_page_path_98eba2c8_like ON public.wagtailcore_page USING btree (path varchar_pattern_ops);


--
-- Name: wagtailcore_page_slug_e7c11b8f; Type: INDEX; Schema: public; Owner: wagtailvillage
--

CREATE INDEX wagtailcore_page_slug_e7c11b8f ON public.wagtailcore_page USING btree (slug);


--
-- Name: wagtailcore_page_slug_e7c11b8f_like; Type: INDEX; Schema: public; Owner: wagtailvillage
--

CREATE INDEX wagtailcore_page_slug_e7c11b8f_like ON public.wagtailcore_page USING btree (slug varchar_pattern_ops);


--
-- Name: wagtailcore_pagelogentry_action_c2408198; Type: INDEX; Schema: public; Owner: wagtailvillage
--

CREATE INDEX wagtailcore_pagelogentry_action_c2408198 ON public.wagtailcore_pagelogentry USING btree (action);


--
-- Name: wagtailcore_pagelogentry_action_c2408198_like; Type: INDEX; Schema: public; Owner: wagtailvillage
--

CREATE INDEX wagtailcore_pagelogentry_action_c2408198_like ON public.wagtailcore_pagelogentry USING btree (action varchar_pattern_ops);


--
-- Name: wagtailcore_pagelogentry_content_changed_99f27ade; Type: INDEX; Schema: public; Owner: wagtailvillage
--

CREATE INDEX wagtailcore_pagelogentry_content_changed_99f27ade ON public.wagtailcore_pagelogentry USING btree (content_changed);


--
-- Name: wagtailcore_pagelogentry_content_type_id_74e7708a; Type: INDEX; Schema: public; Owner: wagtailvillage
--

CREATE INDEX wagtailcore_pagelogentry_content_type_id_74e7708a ON public.wagtailcore_pagelogentry USING btree (content_type_id);


--
-- Name: wagtailcore_pagelogentry_page_id_8464e327; Type: INDEX; Schema: public; Owner: wagtailvillage
--

CREATE INDEX wagtailcore_pagelogentry_page_id_8464e327 ON public.wagtailcore_pagelogentry USING btree (page_id);


--
-- Name: wagtailcore_pagelogentry_revision_id_8043d103; Type: INDEX; Schema: public; Owner: wagtailvillage
--

CREATE INDEX wagtailcore_pagelogentry_revision_id_8043d103 ON public.wagtailcore_pagelogentry USING btree (revision_id);


--
-- Name: wagtailcore_pagelogentry_timestamp_deb774c4; Type: INDEX; Schema: public; Owner: wagtailvillage
--

CREATE INDEX wagtailcore_pagelogentry_timestamp_deb774c4 ON public.wagtailcore_pagelogentry USING btree ("timestamp");


--
-- Name: wagtailcore_pagelogentry_user_id_604ccfd8; Type: INDEX; Schema: public; Owner: wagtailvillage
--

CREATE INDEX wagtailcore_pagelogentry_user_id_604ccfd8 ON public.wagtailcore_pagelogentry USING btree (user_id);


--
-- Name: wagtailcore_pagerevision_approved_go_live_at_e56afc67; Type: INDEX; Schema: public; Owner: wagtailvillage
--

CREATE INDEX wagtailcore_pagerevision_approved_go_live_at_e56afc67 ON public.wagtailcore_revision USING btree (approved_go_live_at);


--
-- Name: wagtailcore_pagerevision_created_at_66954e3b; Type: INDEX; Schema: public; Owner: wagtailvillage
--

CREATE INDEX wagtailcore_pagerevision_created_at_66954e3b ON public.wagtailcore_revision USING btree (created_at);


--
-- Name: wagtailcore_pagerevision_user_id_2409d2f4; Type: INDEX; Schema: public; Owner: wagtailvillage
--

CREATE INDEX wagtailcore_pagerevision_user_id_2409d2f4 ON public.wagtailcore_revision USING btree (user_id);


--
-- Name: wagtailcore_pagesubscription_page_id_a085e7a6; Type: INDEX; Schema: public; Owner: wagtailvillage
--

CREATE INDEX wagtailcore_pagesubscription_page_id_a085e7a6 ON public.wagtailcore_pagesubscription USING btree (page_id);


--
-- Name: wagtailcore_pagesubscription_user_id_89d7def9; Type: INDEX; Schema: public; Owner: wagtailvillage
--

CREATE INDEX wagtailcore_pagesubscription_user_id_89d7def9 ON public.wagtailcore_pagesubscription USING btree (user_id);


--
-- Name: wagtailcore_pageviewrestri_pageviewrestriction_id_f147a99a; Type: INDEX; Schema: public; Owner: wagtailvillage
--

CREATE INDEX wagtailcore_pageviewrestri_pageviewrestriction_id_f147a99a ON public.wagtailcore_pageviewrestriction_groups USING btree (pageviewrestriction_id);


--
-- Name: wagtailcore_pageviewrestriction_groups_group_id_6460f223; Type: INDEX; Schema: public; Owner: wagtailvillage
--

CREATE INDEX wagtailcore_pageviewrestriction_groups_group_id_6460f223 ON public.wagtailcore_pageviewrestriction_groups USING btree (group_id);


--
-- Name: wagtailcore_pageviewrestriction_page_id_15a8bea6; Type: INDEX; Schema: public; Owner: wagtailvillage
--

CREATE INDEX wagtailcore_pageviewrestriction_page_id_15a8bea6 ON public.wagtailcore_pageviewrestriction USING btree (page_id);


--
-- Name: wagtailcore_referenceindex_base_content_type_id_313cf40f; Type: INDEX; Schema: public; Owner: wagtailvillage
--

CREATE INDEX wagtailcore_referenceindex_base_content_type_id_313cf40f ON public.wagtailcore_referenceindex USING btree (base_content_type_id);


--
-- Name: wagtailcore_referenceindex_content_type_id_766e0336; Type: INDEX; Schema: public; Owner: wagtailvillage
--

CREATE INDEX wagtailcore_referenceindex_content_type_id_766e0336 ON public.wagtailcore_referenceindex USING btree (content_type_id);


--
-- Name: wagtailcore_referenceindex_to_content_type_id_93690bbd; Type: INDEX; Schema: public; Owner: wagtailvillage
--

CREATE INDEX wagtailcore_referenceindex_to_content_type_id_93690bbd ON public.wagtailcore_referenceindex USING btree (to_content_type_id);


--
-- Name: wagtailcore_revision_base_content_type_id_5b4ef7bd; Type: INDEX; Schema: public; Owner: wagtailvillage
--

CREATE INDEX wagtailcore_revision_base_content_type_id_5b4ef7bd ON public.wagtailcore_revision USING btree (base_content_type_id);


--
-- Name: wagtailcore_revision_content_type_id_c8cb69c0; Type: INDEX; Schema: public; Owner: wagtailvillage
--

CREATE INDEX wagtailcore_revision_content_type_id_c8cb69c0 ON public.wagtailcore_revision USING btree (content_type_id);


--
-- Name: wagtailcore_site_hostname_96b20b46; Type: INDEX; Schema: public; Owner: wagtailvillage
--

CREATE INDEX wagtailcore_site_hostname_96b20b46 ON public.wagtailcore_site USING btree (hostname);


--
-- Name: wagtailcore_site_hostname_96b20b46_like; Type: INDEX; Schema: public; Owner: wagtailvillage
--

CREATE INDEX wagtailcore_site_hostname_96b20b46_like ON public.wagtailcore_site USING btree (hostname varchar_pattern_ops);


--
-- Name: wagtailcore_site_root_page_id_e02fb95c; Type: INDEX; Schema: public; Owner: wagtailvillage
--

CREATE INDEX wagtailcore_site_root_page_id_e02fb95c ON public.wagtailcore_site USING btree (root_page_id);


--
-- Name: wagtailcore_task_content_type_id_249ab8ba; Type: INDEX; Schema: public; Owner: wagtailvillage
--

CREATE INDEX wagtailcore_task_content_type_id_249ab8ba ON public.wagtailcore_task USING btree (content_type_id);


--
-- Name: wagtailcore_taskstate_content_type_id_0a758fdc; Type: INDEX; Schema: public; Owner: wagtailvillage
--

CREATE INDEX wagtailcore_taskstate_content_type_id_0a758fdc ON public.wagtailcore_taskstate USING btree (content_type_id);


--
-- Name: wagtailcore_taskstate_finished_by_id_13f98229; Type: INDEX; Schema: public; Owner: wagtailvillage
--

CREATE INDEX wagtailcore_taskstate_finished_by_id_13f98229 ON public.wagtailcore_taskstate USING btree (finished_by_id);


--
-- Name: wagtailcore_taskstate_page_revision_id_9f52c88e; Type: INDEX; Schema: public; Owner: wagtailvillage
--

CREATE INDEX wagtailcore_taskstate_page_revision_id_9f52c88e ON public.wagtailcore_taskstate USING btree (revision_id);


--
-- Name: wagtailcore_taskstate_task_id_c3677c34; Type: INDEX; Schema: public; Owner: wagtailvillage
--

CREATE INDEX wagtailcore_taskstate_task_id_c3677c34 ON public.wagtailcore_taskstate USING btree (task_id);


--
-- Name: wagtailcore_taskstate_workflow_state_id_9239a775; Type: INDEX; Schema: public; Owner: wagtailvillage
--

CREATE INDEX wagtailcore_taskstate_workflow_state_id_9239a775 ON public.wagtailcore_taskstate USING btree (workflow_state_id);


--
-- Name: wagtailcore_uploadedfile_for_content_type_id_b0fc87b2; Type: INDEX; Schema: public; Owner: wagtailvillage
--

CREATE INDEX wagtailcore_uploadedfile_for_content_type_id_b0fc87b2 ON public.wagtailcore_uploadedfile USING btree (for_content_type_id);


--
-- Name: wagtailcore_uploadedfile_uploaded_by_user_id_c7580fe8; Type: INDEX; Schema: public; Owner: wagtailvillage
--

CREATE INDEX wagtailcore_uploadedfile_uploaded_by_user_id_c7580fe8 ON public.wagtailcore_uploadedfile USING btree (uploaded_by_user_id);


--
-- Name: wagtailcore_workflowcontenttype_workflow_id_9aad7cd2; Type: INDEX; Schema: public; Owner: wagtailvillage
--

CREATE INDEX wagtailcore_workflowcontenttype_workflow_id_9aad7cd2 ON public.wagtailcore_workflowcontenttype USING btree (workflow_id);


--
-- Name: wagtailcore_workflowpage_workflow_id_56f56ff6; Type: INDEX; Schema: public; Owner: wagtailvillage
--

CREATE INDEX wagtailcore_workflowpage_workflow_id_56f56ff6 ON public.wagtailcore_workflowpage USING btree (workflow_id);


--
-- Name: wagtailcore_workflowstate_base_content_type_id_a30dc576; Type: INDEX; Schema: public; Owner: wagtailvillage
--

CREATE INDEX wagtailcore_workflowstate_base_content_type_id_a30dc576 ON public.wagtailcore_workflowstate USING btree (base_content_type_id);


--
-- Name: wagtailcore_workflowstate_content_type_id_2bb78ce1; Type: INDEX; Schema: public; Owner: wagtailvillage
--

CREATE INDEX wagtailcore_workflowstate_content_type_id_2bb78ce1 ON public.wagtailcore_workflowstate USING btree (content_type_id);


--
-- Name: wagtailcore_workflowstate_requested_by_id_4090bca3; Type: INDEX; Schema: public; Owner: wagtailvillage
--

CREATE INDEX wagtailcore_workflowstate_requested_by_id_4090bca3 ON public.wagtailcore_workflowstate USING btree (requested_by_id);


--
-- Name: wagtailcore_workflowstate_workflow_id_1f18378f; Type: INDEX; Schema: public; Owner: wagtailvillage
--

CREATE INDEX wagtailcore_workflowstate_workflow_id_1f18378f ON public.wagtailcore_workflowstate USING btree (workflow_id);


--
-- Name: wagtailcore_workflowtask_task_id_ce7716fe; Type: INDEX; Schema: public; Owner: wagtailvillage
--

CREATE INDEX wagtailcore_workflowtask_task_id_ce7716fe ON public.wagtailcore_workflowtask USING btree (task_id);


--
-- Name: wagtailcore_workflowtask_workflow_id_b9717175; Type: INDEX; Schema: public; Owner: wagtailvillage
--

CREATE INDEX wagtailcore_workflowtask_workflow_id_b9717175 ON public.wagtailcore_workflowtask USING btree (workflow_id);


--
-- Name: wagtaildocs_document_collection_id_23881625; Type: INDEX; Schema: public; Owner: wagtailvillage
--

CREATE INDEX wagtaildocs_document_collection_id_23881625 ON public.wagtaildocs_document USING btree (collection_id);


--
-- Name: wagtaildocs_document_uploaded_by_user_id_17258b41; Type: INDEX; Schema: public; Owner: wagtailvillage
--

CREATE INDEX wagtaildocs_document_uploaded_by_user_id_17258b41 ON public.wagtaildocs_document USING btree (uploaded_by_user_id);


--
-- Name: wagtailembeds_embed_cache_until_26c94bb0; Type: INDEX; Schema: public; Owner: wagtailvillage
--

CREATE INDEX wagtailembeds_embed_cache_until_26c94bb0 ON public.wagtailembeds_embed USING btree (cache_until);


--
-- Name: wagtailembeds_embed_hash_c9bd8c9a_like; Type: INDEX; Schema: public; Owner: wagtailvillage
--

CREATE INDEX wagtailembeds_embed_hash_c9bd8c9a_like ON public.wagtailembeds_embed USING btree (hash varchar_pattern_ops);


--
-- Name: wagtailforms_formsubmission_page_id_e48e93e7; Type: INDEX; Schema: public; Owner: wagtailvillage
--

CREATE INDEX wagtailforms_formsubmission_page_id_e48e93e7 ON public.wagtailforms_formsubmission USING btree (page_id);


--
-- Name: wagtailimages_image_collection_id_c2f8af7e; Type: INDEX; Schema: public; Owner: wagtailvillage
--

CREATE INDEX wagtailimages_image_collection_id_c2f8af7e ON public.wagtailimages_image USING btree (collection_id);


--
-- Name: wagtailimages_image_created_at_86fa6cd4; Type: INDEX; Schema: public; Owner: wagtailvillage
--

CREATE INDEX wagtailimages_image_created_at_86fa6cd4 ON public.wagtailimages_image USING btree (created_at);


--
-- Name: wagtailimages_image_file_hash_fb5bbb23; Type: INDEX; Schema: public; Owner: wagtailvillage
--

CREATE INDEX wagtailimages_image_file_hash_fb5bbb23 ON public.wagtailimages_image USING btree (file_hash);


--
-- Name: wagtailimages_image_file_hash_fb5bbb23_like; Type: INDEX; Schema: public; Owner: wagtailvillage
--

CREATE INDEX wagtailimages_image_file_hash_fb5bbb23_like ON public.wagtailimages_image USING btree (file_hash varchar_pattern_ops);


--
-- Name: wagtailimages_image_uploaded_by_user_id_5d73dc75; Type: INDEX; Schema: public; Owner: wagtailvillage
--

CREATE INDEX wagtailimages_image_uploaded_by_user_id_5d73dc75 ON public.wagtailimages_image USING btree (uploaded_by_user_id);


--
-- Name: wagtailimages_rendition_filter_spec_1cba3201; Type: INDEX; Schema: public; Owner: wagtailvillage
--

CREATE INDEX wagtailimages_rendition_filter_spec_1cba3201 ON public.wagtailimages_rendition USING btree (filter_spec);


--
-- Name: wagtailimages_rendition_filter_spec_1cba3201_like; Type: INDEX; Schema: public; Owner: wagtailvillage
--

CREATE INDEX wagtailimages_rendition_filter_spec_1cba3201_like ON public.wagtailimages_rendition USING btree (filter_spec varchar_pattern_ops);


--
-- Name: wagtailimages_rendition_image_id_3e1fd774; Type: INDEX; Schema: public; Owner: wagtailvillage
--

CREATE INDEX wagtailimages_rendition_image_id_3e1fd774 ON public.wagtailimages_rendition USING btree (image_id);


--
-- Name: wagtailmenus_flatmenu_handle_fd420cad; Type: INDEX; Schema: public; Owner: wagtailvillage
--

CREATE INDEX wagtailmenus_flatmenu_handle_fd420cad ON public.wagtailmenus_flatmenu USING btree (handle);


--
-- Name: wagtailmenus_flatmenu_handle_fd420cad_like; Type: INDEX; Schema: public; Owner: wagtailvillage
--

CREATE INDEX wagtailmenus_flatmenu_handle_fd420cad_like ON public.wagtailmenus_flatmenu USING btree (handle varchar_pattern_ops);


--
-- Name: wagtailmenus_flatmenu_site_id_516a598d; Type: INDEX; Schema: public; Owner: wagtailvillage
--

CREATE INDEX wagtailmenus_flatmenu_site_id_516a598d ON public.wagtailmenus_flatmenu USING btree (site_id);


--
-- Name: wagtailmenus_flatmenuitem_link_page_id_36779c0f; Type: INDEX; Schema: public; Owner: wagtailvillage
--

CREATE INDEX wagtailmenus_flatmenuitem_link_page_id_36779c0f ON public.wagtailmenus_flatmenuitem USING btree (link_page_id);


--
-- Name: wagtailmenus_flatmenuitem_menu_id_757c39da; Type: INDEX; Schema: public; Owner: wagtailvillage
--

CREATE INDEX wagtailmenus_flatmenuitem_menu_id_757c39da ON public.wagtailmenus_flatmenuitem USING btree (menu_id);


--
-- Name: wagtailmenus_mainmenuitem_link_page_id_208a4a4d; Type: INDEX; Schema: public; Owner: wagtailvillage
--

CREATE INDEX wagtailmenus_mainmenuitem_link_page_id_208a4a4d ON public.wagtailmenus_mainmenuitem USING btree (link_page_id);


--
-- Name: wagtailmenus_mainmenuitem_menu_id_6505d4c4; Type: INDEX; Schema: public; Owner: wagtailvillage
--

CREATE INDEX wagtailmenus_mainmenuitem_menu_id_6505d4c4 ON public.wagtailmenus_mainmenuitem USING btree (menu_id);


--
-- Name: wagtailredirects_redirect_old_path_bb35247b; Type: INDEX; Schema: public; Owner: wagtailvillage
--

CREATE INDEX wagtailredirects_redirect_old_path_bb35247b ON public.wagtailredirects_redirect USING btree (old_path);


--
-- Name: wagtailredirects_redirect_old_path_bb35247b_like; Type: INDEX; Schema: public; Owner: wagtailvillage
--

CREATE INDEX wagtailredirects_redirect_old_path_bb35247b_like ON public.wagtailredirects_redirect USING btree (old_path varchar_pattern_ops);


--
-- Name: wagtailredirects_redirect_redirect_page_id_b5728a8f; Type: INDEX; Schema: public; Owner: wagtailvillage
--

CREATE INDEX wagtailredirects_redirect_redirect_page_id_b5728a8f ON public.wagtailredirects_redirect USING btree (redirect_page_id);


--
-- Name: wagtailredirects_redirect_site_id_780a0e1e; Type: INDEX; Schema: public; Owner: wagtailvillage
--

CREATE INDEX wagtailredirects_redirect_site_id_780a0e1e ON public.wagtailredirects_redirect USING btree (site_id);


--
-- Name: wagtailsear_autocom_476c89_gin; Type: INDEX; Schema: public; Owner: wagtailvillage
--

CREATE INDEX wagtailsear_autocom_476c89_gin ON public.wagtailsearch_indexentry USING gin (autocomplete);


--
-- Name: wagtailsear_body_90c85d_gin; Type: INDEX; Schema: public; Owner: wagtailvillage
--

CREATE INDEX wagtailsear_body_90c85d_gin ON public.wagtailsearch_indexentry USING gin (body);


--
-- Name: wagtailsear_title_9caae0_gin; Type: INDEX; Schema: public; Owner: wagtailvillage
--

CREATE INDEX wagtailsear_title_9caae0_gin ON public.wagtailsearch_indexentry USING gin (title);


--
-- Name: wagtailsearch_indexentry_content_type_id_62ed694f; Type: INDEX; Schema: public; Owner: wagtailvillage
--

CREATE INDEX wagtailsearch_indexentry_content_type_id_62ed694f ON public.wagtailsearch_indexentry USING btree (content_type_id);


--
-- Name: workflowstate_base_ct_id_idx; Type: INDEX; Schema: public; Owner: wagtailvillage
--

CREATE INDEX workflowstate_base_ct_id_idx ON public.wagtailcore_workflowstate USING btree (base_content_type_id, object_id);


--
-- Name: workflowstate_ct_id_idx; Type: INDEX; Schema: public; Owner: wagtailvillage
--

CREATE INDEX workflowstate_ct_id_idx ON public.wagtailcore_workflowstate USING btree (content_type_id, object_id);


--
-- Name: auth_group_permissions auth_group_permissio_permission_id_84c5c92e_fk_auth_perm; Type: FK CONSTRAINT; Schema: public; Owner: wagtailvillage
--

ALTER TABLE ONLY public.auth_group_permissions
    ADD CONSTRAINT auth_group_permissio_permission_id_84c5c92e_fk_auth_perm FOREIGN KEY (permission_id) REFERENCES public.auth_permission(id) DEFERRABLE INITIALLY DEFERRED;


--
-- Name: auth_group_permissions auth_group_permissions_group_id_b120cbf9_fk_auth_group_id; Type: FK CONSTRAINT; Schema: public; Owner: wagtailvillage
--

ALTER TABLE ONLY public.auth_group_permissions
    ADD CONSTRAINT auth_group_permissions_group_id_b120cbf9_fk_auth_group_id FOREIGN KEY (group_id) REFERENCES public.auth_group(id) DEFERRABLE INITIALLY DEFERRED;


--
-- Name: auth_permission auth_permission_content_type_id_2f476e4b_fk_django_co; Type: FK CONSTRAINT; Schema: public; Owner: wagtailvillage
--

ALTER TABLE ONLY public.auth_permission
    ADD CONSTRAINT auth_permission_content_type_id_2f476e4b_fk_django_co FOREIGN KEY (content_type_id) REFERENCES public.django_content_type(id) DEFERRABLE INITIALLY DEFERRED;


--
-- Name: auth_user_groups auth_user_groups_group_id_97559544_fk_auth_group_id; Type: FK CONSTRAINT; Schema: public; Owner: wagtailvillage
--

ALTER TABLE ONLY public.auth_user_groups
    ADD CONSTRAINT auth_user_groups_group_id_97559544_fk_auth_group_id FOREIGN KEY (group_id) REFERENCES public.auth_group(id) DEFERRABLE INITIALLY DEFERRED;


--
-- Name: auth_user_groups auth_user_groups_user_id_6a12ed8b_fk_auth_user_id; Type: FK CONSTRAINT; Schema: public; Owner: wagtailvillage
--

ALTER TABLE ONLY public.auth_user_groups
    ADD CONSTRAINT auth_user_groups_user_id_6a12ed8b_fk_auth_user_id FOREIGN KEY (user_id) REFERENCES public.auth_user(id) DEFERRABLE INITIALLY DEFERRED;


--
-- Name: auth_user_user_permissions auth_user_user_permi_permission_id_1fbb5f2c_fk_auth_perm; Type: FK CONSTRAINT; Schema: public; Owner: wagtailvillage
--

ALTER TABLE ONLY public.auth_user_user_permissions
    ADD CONSTRAINT auth_user_user_permi_permission_id_1fbb5f2c_fk_auth_perm FOREIGN KEY (permission_id) REFERENCES public.auth_permission(id) DEFERRABLE INITIALLY DEFERRED;


--
-- Name: auth_user_user_permissions auth_user_user_permissions_user_id_a95ead1b_fk_auth_user_id; Type: FK CONSTRAINT; Schema: public; Owner: wagtailvillage
--

ALTER TABLE ONLY public.auth_user_user_permissions
    ADD CONSTRAINT auth_user_user_permissions_user_id_a95ead1b_fk_auth_user_id FOREIGN KEY (user_id) REFERENCES public.auth_user(id) DEFERRABLE INITIALLY DEFERRED;


--
-- Name: blog_blogentrypage_authors blog_blogentrypage_a_blogentrypage_id_762f0f2c_fk_blog_blog; Type: FK CONSTRAINT; Schema: public; Owner: wagtailvillage
--

ALTER TABLE ONLY public.blog_blogentrypage_authors
    ADD CONSTRAINT blog_blogentrypage_a_blogentrypage_id_762f0f2c_fk_blog_blog FOREIGN KEY (blogentrypage_id) REFERENCES public.blog_blogentrypage(contentpage_ptr_id) DEFERRABLE INITIALLY DEFERRED;


--
-- Name: blog_blogentrypage_authors blog_blogentrypage_authors_person_id_f6dc189b_fk_blog_person_id; Type: FK CONSTRAINT; Schema: public; Owner: wagtailvillage
--

ALTER TABLE ONLY public.blog_blogentrypage_authors
    ADD CONSTRAINT blog_blogentrypage_authors_person_id_f6dc189b_fk_blog_person_id FOREIGN KEY (person_id) REFERENCES public.blog_person(id) DEFERRABLE INITIALLY DEFERRED;


--
-- Name: blog_blogentrypage blog_blogentrypage_contentpage_ptr_id_1e9f6035_fk_wagtail_v; Type: FK CONSTRAINT; Schema: public; Owner: wagtailvillage
--

ALTER TABLE ONLY public.blog_blogentrypage
    ADD CONSTRAINT blog_blogentrypage_contentpage_ptr_id_1e9f6035_fk_wagtail_v FOREIGN KEY (contentpage_ptr_id) REFERENCES public.sites_faciles_contentpage(page_ptr_id) DEFERRABLE INITIALLY DEFERRED;


--
-- Name: blog_blogindexpage blog_blogindexpage_header_image_id_d10ff2e9_fk_wagtailim; Type: FK CONSTRAINT; Schema: public; Owner: wagtailvillage
--

ALTER TABLE ONLY public.blog_blogindexpage
    ADD CONSTRAINT blog_blogindexpage_header_image_id_d10ff2e9_fk_wagtailim FOREIGN KEY (header_image_id) REFERENCES public.wagtailimages_image(id) DEFERRABLE INITIALLY DEFERRED;


--
-- Name: blog_blogindexpage blog_blogindexpage_page_ptr_id_d87c3ac2_fk_wagtailcore_page_id; Type: FK CONSTRAINT; Schema: public; Owner: wagtailvillage
--

ALTER TABLE ONLY public.blog_blogindexpage
    ADD CONSTRAINT blog_blogindexpage_page_ptr_id_d87c3ac2_fk_wagtailcore_page_id FOREIGN KEY (page_ptr_id) REFERENCES public.wagtailcore_page(id) DEFERRABLE INITIALLY DEFERRED;


--
-- Name: blog_category blog_category_locale_id_170a72be_fk_wagtailcore_locale_id; Type: FK CONSTRAINT; Schema: public; Owner: wagtailvillage
--

ALTER TABLE ONLY public.blog_category
    ADD CONSTRAINT blog_category_locale_id_170a72be_fk_wagtailcore_locale_id FOREIGN KEY (locale_id) REFERENCES public.wagtailcore_locale(id) DEFERRABLE INITIALLY DEFERRED;


--
-- Name: blog_category blog_category_parent_id_2d80fe5c_fk_blog_category_id; Type: FK CONSTRAINT; Schema: public; Owner: wagtailvillage
--

ALTER TABLE ONLY public.blog_category
    ADD CONSTRAINT blog_category_parent_id_2d80fe5c_fk_blog_category_id FOREIGN KEY (parent_id) REFERENCES public.blog_category(id) DEFERRABLE INITIALLY DEFERRED;


--
-- Name: blog_categoryentrypage blog_categoryentrypa_page_id_b20dc11c_fk_blog_blog; Type: FK CONSTRAINT; Schema: public; Owner: wagtailvillage
--

ALTER TABLE ONLY public.blog_categoryentrypage
    ADD CONSTRAINT blog_categoryentrypa_page_id_b20dc11c_fk_blog_blog FOREIGN KEY (page_id) REFERENCES public.blog_blogentrypage(contentpage_ptr_id) DEFERRABLE INITIALLY DEFERRED;


--
-- Name: blog_categoryentrypage blog_categoryentrypage_category_id_1994cf36_fk_blog_category_id; Type: FK CONSTRAINT; Schema: public; Owner: wagtailvillage
--

ALTER TABLE ONLY public.blog_categoryentrypage
    ADD CONSTRAINT blog_categoryentrypage_category_id_1994cf36_fk_blog_category_id FOREIGN KEY (category_id) REFERENCES public.blog_category(id) DEFERRABLE INITIALLY DEFERRED;


--
-- Name: blog_person blog_person_image_id_6cc55cba_fk_wagtailimages_image_id; Type: FK CONSTRAINT; Schema: public; Owner: wagtailvillage
--

ALTER TABLE ONLY public.blog_person
    ADD CONSTRAINT blog_person_image_id_6cc55cba_fk_wagtailimages_image_id FOREIGN KEY (image_id) REFERENCES public.wagtailimages_image(id) DEFERRABLE INITIALLY DEFERRED;


--
-- Name: blog_tagentrypage blog_tagentrypage_content_object_id_6786320f_fk_blog_blog; Type: FK CONSTRAINT; Schema: public; Owner: wagtailvillage
--

ALTER TABLE ONLY public.blog_tagentrypage
    ADD CONSTRAINT blog_tagentrypage_content_object_id_6786320f_fk_blog_blog FOREIGN KEY (content_object_id) REFERENCES public.blog_blogentrypage(contentpage_ptr_id) DEFERRABLE INITIALLY DEFERRED;


--
-- Name: blog_tagentrypage blog_tagentrypage_tag_id_0a2cb436_fk_taggit_tag_id; Type: FK CONSTRAINT; Schema: public; Owner: wagtailvillage
--

ALTER TABLE ONLY public.blog_tagentrypage
    ADD CONSTRAINT blog_tagentrypage_tag_id_0a2cb436_fk_taggit_tag_id FOREIGN KEY (tag_id) REFERENCES public.taggit_tag(id) DEFERRABLE INITIALLY DEFERRED;


--
-- Name: django_village_villagesocialmedia django_village_villa_site_config_id_5271831d_fk_django_vi; Type: FK CONSTRAINT; Schema: public; Owner: wagtailvillage
--

ALTER TABLE ONLY public.django_village_villagesocialmedia
    ADD CONSTRAINT django_village_villa_site_config_id_5271831d_fk_django_vi FOREIGN KEY (site_config_id) REFERENCES public.django_village_djangovillageconfig(id) DEFERRABLE INITIALLY DEFERRED;


--
-- Name: taggit_taggeditem taggit_taggeditem_content_type_id_9957a03c_fk_django_co; Type: FK CONSTRAINT; Schema: public; Owner: wagtailvillage
--

ALTER TABLE ONLY public.taggit_taggeditem
    ADD CONSTRAINT taggit_taggeditem_content_type_id_9957a03c_fk_django_co FOREIGN KEY (content_type_id) REFERENCES public.django_content_type(id) DEFERRABLE INITIALLY DEFERRED;


--
-- Name: taggit_taggeditem taggit_taggeditem_tag_id_f4f5b767_fk_taggit_tag_id; Type: FK CONSTRAINT; Schema: public; Owner: wagtailvillage
--

ALTER TABLE ONLY public.taggit_taggeditem
    ADD CONSTRAINT taggit_taggeditem_tag_id_f4f5b767_fk_taggit_tag_id FOREIGN KEY (tag_id) REFERENCES public.taggit_tag(id) DEFERRABLE INITIALLY DEFERRED;


--
-- Name: wagtail_localize_localesynchronization wagtail_localize_loc_locale_id_036a3a20_fk_wagtailco; Type: FK CONSTRAINT; Schema: public; Owner: wagtailvillage
--

ALTER TABLE ONLY public.wagtail_localize_localesynchronization
    ADD CONSTRAINT wagtail_localize_loc_locale_id_036a3a20_fk_wagtailco FOREIGN KEY (locale_id) REFERENCES public.wagtailcore_locale(id) DEFERRABLE INITIALLY DEFERRED;


--
-- Name: wagtail_localize_localesynchronization wagtail_localize_loc_sync_from_id_1bc4c2eb_fk_wagtailco; Type: FK CONSTRAINT; Schema: public; Owner: wagtailvillage
--

ALTER TABLE ONLY public.wagtail_localize_localesynchronization
    ADD CONSTRAINT wagtail_localize_loc_sync_from_id_1bc4c2eb_fk_wagtailco FOREIGN KEY (sync_from_id) REFERENCES public.wagtailcore_locale(id) DEFERRABLE INITIALLY DEFERRED;


--
-- Name: wagtail_localize_overridablesegment wagtail_localize_ove_context_id_eed8c388_fk_wagtail_l; Type: FK CONSTRAINT; Schema: public; Owner: wagtailvillage
--

ALTER TABLE ONLY public.wagtail_localize_overridablesegment
    ADD CONSTRAINT wagtail_localize_ove_context_id_eed8c388_fk_wagtail_l FOREIGN KEY (context_id) REFERENCES public.wagtail_localize_translationcontext(id) DEFERRABLE INITIALLY DEFERRED;


--
-- Name: wagtail_localize_overridablesegment wagtail_localize_ove_source_id_5720ac20_fk_wagtail_l; Type: FK CONSTRAINT; Schema: public; Owner: wagtailvillage
--

ALTER TABLE ONLY public.wagtail_localize_overridablesegment
    ADD CONSTRAINT wagtail_localize_ove_source_id_5720ac20_fk_wagtail_l FOREIGN KEY (source_id) REFERENCES public.wagtail_localize_translationsource(id) DEFERRABLE INITIALLY DEFERRED;


--
-- Name: wagtail_localize_relatedobjectsegment wagtail_localize_rel_context_id_c0a725be_fk_wagtail_l; Type: FK CONSTRAINT; Schema: public; Owner: wagtailvillage
--

ALTER TABLE ONLY public.wagtail_localize_relatedobjectsegment
    ADD CONSTRAINT wagtail_localize_rel_context_id_c0a725be_fk_wagtail_l FOREIGN KEY (context_id) REFERENCES public.wagtail_localize_translationcontext(id) DEFERRABLE INITIALLY DEFERRED;


--
-- Name: wagtail_localize_relatedobjectsegment wagtail_localize_rel_object_id_6c7b58df_fk_wagtail_l; Type: FK CONSTRAINT; Schema: public; Owner: wagtailvillage
--

ALTER TABLE ONLY public.wagtail_localize_relatedobjectsegment
    ADD CONSTRAINT wagtail_localize_rel_object_id_6c7b58df_fk_wagtail_l FOREIGN KEY (object_id) REFERENCES public.wagtail_localize_translatableobject(translation_key) DEFERRABLE INITIALLY DEFERRED;


--
-- Name: wagtail_localize_relatedobjectsegment wagtail_localize_rel_source_id_9a3b1373_fk_wagtail_l; Type: FK CONSTRAINT; Schema: public; Owner: wagtailvillage
--

ALTER TABLE ONLY public.wagtail_localize_relatedobjectsegment
    ADD CONSTRAINT wagtail_localize_rel_source_id_9a3b1373_fk_wagtail_l FOREIGN KEY (source_id) REFERENCES public.wagtail_localize_translationsource(id) DEFERRABLE INITIALLY DEFERRED;


--
-- Name: wagtail_localize_segmentoverride wagtail_localize_seg_context_id_f827efe0_fk_wagtail_l; Type: FK CONSTRAINT; Schema: public; Owner: wagtailvillage
--

ALTER TABLE ONLY public.wagtail_localize_segmentoverride
    ADD CONSTRAINT wagtail_localize_seg_context_id_f827efe0_fk_wagtail_l FOREIGN KEY (context_id) REFERENCES public.wagtail_localize_translationcontext(id) DEFERRABLE INITIALLY DEFERRED;


--
-- Name: wagtail_localize_segmentoverride wagtail_localize_seg_last_translated_by_i_a86448fc_fk_auth_user; Type: FK CONSTRAINT; Schema: public; Owner: wagtailvillage
--

ALTER TABLE ONLY public.wagtail_localize_segmentoverride
    ADD CONSTRAINT wagtail_localize_seg_last_translated_by_i_a86448fc_fk_auth_user FOREIGN KEY (last_translated_by_id) REFERENCES public.auth_user(id) DEFERRABLE INITIALLY DEFERRED;


--
-- Name: wagtail_localize_segmentoverride wagtail_localize_seg_locale_id_b1673d41_fk_wagtailco; Type: FK CONSTRAINT; Schema: public; Owner: wagtailvillage
--

ALTER TABLE ONLY public.wagtail_localize_segmentoverride
    ADD CONSTRAINT wagtail_localize_seg_locale_id_b1673d41_fk_wagtailco FOREIGN KEY (locale_id) REFERENCES public.wagtailcore_locale(id) DEFERRABLE INITIALLY DEFERRED;


--
-- Name: wagtail_localize_stringtranslation wagtail_localize_str_context_id_3cc13049_fk_wagtail_l; Type: FK CONSTRAINT; Schema: public; Owner: wagtailvillage
--

ALTER TABLE ONLY public.wagtail_localize_stringtranslation
    ADD CONSTRAINT wagtail_localize_str_context_id_3cc13049_fk_wagtail_l FOREIGN KEY (context_id) REFERENCES public.wagtail_localize_translationcontext(id) DEFERRABLE INITIALLY DEFERRED;


--
-- Name: wagtail_localize_stringsegment wagtail_localize_str_context_id_63235539_fk_wagtail_l; Type: FK CONSTRAINT; Schema: public; Owner: wagtailvillage
--

ALTER TABLE ONLY public.wagtail_localize_stringsegment
    ADD CONSTRAINT wagtail_localize_str_context_id_63235539_fk_wagtail_l FOREIGN KEY (context_id) REFERENCES public.wagtail_localize_translationcontext(id) DEFERRABLE INITIALLY DEFERRED;


--
-- Name: wagtail_localize_stringtranslation wagtail_localize_str_last_translated_by_i_764c7a3f_fk_auth_user; Type: FK CONSTRAINT; Schema: public; Owner: wagtailvillage
--

ALTER TABLE ONLY public.wagtail_localize_stringtranslation
    ADD CONSTRAINT wagtail_localize_str_last_translated_by_i_764c7a3f_fk_auth_user FOREIGN KEY (last_translated_by_id) REFERENCES public.auth_user(id) DEFERRABLE INITIALLY DEFERRED;


--
-- Name: wagtail_localize_string wagtail_localize_str_locale_id_2cded126_fk_wagtailco; Type: FK CONSTRAINT; Schema: public; Owner: wagtailvillage
--

ALTER TABLE ONLY public.wagtail_localize_string
    ADD CONSTRAINT wagtail_localize_str_locale_id_2cded126_fk_wagtailco FOREIGN KEY (locale_id) REFERENCES public.wagtailcore_locale(id) DEFERRABLE INITIALLY DEFERRED;


--
-- Name: wagtail_localize_stringtranslation wagtail_localize_str_locale_id_b9e3730d_fk_wagtailco; Type: FK CONSTRAINT; Schema: public; Owner: wagtailvillage
--

ALTER TABLE ONLY public.wagtail_localize_stringtranslation
    ADD CONSTRAINT wagtail_localize_str_locale_id_b9e3730d_fk_wagtailco FOREIGN KEY (locale_id) REFERENCES public.wagtailcore_locale(id) DEFERRABLE INITIALLY DEFERRED;


--
-- Name: wagtail_localize_stringsegment wagtail_localize_str_source_id_5804129f_fk_wagtail_l; Type: FK CONSTRAINT; Schema: public; Owner: wagtailvillage
--

ALTER TABLE ONLY public.wagtail_localize_stringsegment
    ADD CONSTRAINT wagtail_localize_str_source_id_5804129f_fk_wagtail_l FOREIGN KEY (source_id) REFERENCES public.wagtail_localize_translationsource(id) DEFERRABLE INITIALLY DEFERRED;


--
-- Name: wagtail_localize_stringsegment wagtail_localize_str_string_id_6356d5ec_fk_wagtail_l; Type: FK CONSTRAINT; Schema: public; Owner: wagtailvillage
--

ALTER TABLE ONLY public.wagtail_localize_stringsegment
    ADD CONSTRAINT wagtail_localize_str_string_id_6356d5ec_fk_wagtail_l FOREIGN KEY (string_id) REFERENCES public.wagtail_localize_string(id) DEFERRABLE INITIALLY DEFERRED;


--
-- Name: wagtail_localize_stringtranslation wagtail_localize_str_translation_of_id_8eef01d0_fk_wagtail_l; Type: FK CONSTRAINT; Schema: public; Owner: wagtailvillage
--

ALTER TABLE ONLY public.wagtail_localize_stringtranslation
    ADD CONSTRAINT wagtail_localize_str_translation_of_id_8eef01d0_fk_wagtail_l FOREIGN KEY (translation_of_id) REFERENCES public.wagtail_localize_string(id) DEFERRABLE INITIALLY DEFERRED;


--
-- Name: wagtail_localize_templatesegment wagtail_localize_tem_context_id_81456b25_fk_wagtail_l; Type: FK CONSTRAINT; Schema: public; Owner: wagtailvillage
--

ALTER TABLE ONLY public.wagtail_localize_templatesegment
    ADD CONSTRAINT wagtail_localize_tem_context_id_81456b25_fk_wagtail_l FOREIGN KEY (context_id) REFERENCES public.wagtail_localize_translationcontext(id) DEFERRABLE INITIALLY DEFERRED;


--
-- Name: wagtail_localize_templatesegment wagtail_localize_tem_source_id_26b89dc6_fk_wagtail_l; Type: FK CONSTRAINT; Schema: public; Owner: wagtailvillage
--

ALTER TABLE ONLY public.wagtail_localize_templatesegment
    ADD CONSTRAINT wagtail_localize_tem_source_id_26b89dc6_fk_wagtail_l FOREIGN KEY (source_id) REFERENCES public.wagtail_localize_translationsource(id) DEFERRABLE INITIALLY DEFERRED;


--
-- Name: wagtail_localize_templatesegment wagtail_localize_tem_template_id_c370b3c8_fk_wagtail_l; Type: FK CONSTRAINT; Schema: public; Owner: wagtailvillage
--

ALTER TABLE ONLY public.wagtail_localize_templatesegment
    ADD CONSTRAINT wagtail_localize_tem_template_id_c370b3c8_fk_wagtail_l FOREIGN KEY (template_id) REFERENCES public.wagtail_localize_template(id) DEFERRABLE INITIALLY DEFERRED;


--
-- Name: wagtail_localize_translatableobject wagtail_localize_tra_content_type_id_0d6c5139_fk_django_co; Type: FK CONSTRAINT; Schema: public; Owner: wagtailvillage
--

ALTER TABLE ONLY public.wagtail_localize_translatableobject
    ADD CONSTRAINT wagtail_localize_tra_content_type_id_0d6c5139_fk_django_co FOREIGN KEY (content_type_id) REFERENCES public.django_content_type(id) DEFERRABLE INITIALLY DEFERRED;


--
-- Name: wagtail_localize_translationsource wagtail_localize_tra_locale_id_0ac264c0_fk_wagtailco; Type: FK CONSTRAINT; Schema: public; Owner: wagtailvillage
--

ALTER TABLE ONLY public.wagtail_localize_translationsource
    ADD CONSTRAINT wagtail_localize_tra_locale_id_0ac264c0_fk_wagtailco FOREIGN KEY (locale_id) REFERENCES public.wagtailcore_locale(id) DEFERRABLE INITIALLY DEFERRED;


--
-- Name: wagtail_localize_translationlog wagtail_localize_tra_locale_id_37619cb4_fk_wagtailco; Type: FK CONSTRAINT; Schema: public; Owner: wagtailvillage
--

ALTER TABLE ONLY public.wagtail_localize_translationlog
    ADD CONSTRAINT wagtail_localize_tra_locale_id_37619cb4_fk_wagtailco FOREIGN KEY (locale_id) REFERENCES public.wagtailcore_locale(id) DEFERRABLE INITIALLY DEFERRED;


--
-- Name: wagtail_localize_translationsource wagtail_localize_tra_object_id_6a078fd2_fk_wagtail_l; Type: FK CONSTRAINT; Schema: public; Owner: wagtailvillage
--

ALTER TABLE ONLY public.wagtail_localize_translationsource
    ADD CONSTRAINT wagtail_localize_tra_object_id_6a078fd2_fk_wagtail_l FOREIGN KEY (object_id) REFERENCES public.wagtail_localize_translatableobject(translation_key) DEFERRABLE INITIALLY DEFERRED;


--
-- Name: wagtail_localize_translationcontext wagtail_localize_tra_object_id_86263ce7_fk_wagtail_l; Type: FK CONSTRAINT; Schema: public; Owner: wagtailvillage
--

ALTER TABLE ONLY public.wagtail_localize_translationcontext
    ADD CONSTRAINT wagtail_localize_tra_object_id_86263ce7_fk_wagtail_l FOREIGN KEY (object_id) REFERENCES public.wagtail_localize_translatableobject(translation_key) DEFERRABLE INITIALLY DEFERRED;


--
-- Name: wagtail_localize_translationlog wagtail_localize_tra_revision_id_e3b62278_fk_wagtailco; Type: FK CONSTRAINT; Schema: public; Owner: wagtailvillage
--

ALTER TABLE ONLY public.wagtail_localize_translationlog
    ADD CONSTRAINT wagtail_localize_tra_revision_id_e3b62278_fk_wagtailco FOREIGN KEY (revision_id) REFERENCES public.wagtailcore_revision(id) DEFERRABLE INITIALLY DEFERRED;


--
-- Name: wagtail_localize_translationlog wagtail_localize_tra_source_id_7228923e_fk_wagtail_l; Type: FK CONSTRAINT; Schema: public; Owner: wagtailvillage
--

ALTER TABLE ONLY public.wagtail_localize_translationlog
    ADD CONSTRAINT wagtail_localize_tra_source_id_7228923e_fk_wagtail_l FOREIGN KEY (source_id) REFERENCES public.wagtail_localize_translationsource(id) DEFERRABLE INITIALLY DEFERRED;


--
-- Name: wagtail_localize_translation wagtail_localize_tra_source_id_e326e1e3_fk_wagtail_l; Type: FK CONSTRAINT; Schema: public; Owner: wagtailvillage
--

ALTER TABLE ONLY public.wagtail_localize_translation
    ADD CONSTRAINT wagtail_localize_tra_source_id_e326e1e3_fk_wagtail_l FOREIGN KEY (source_id) REFERENCES public.wagtail_localize_translationsource(id) DEFERRABLE INITIALLY DEFERRED;


--
-- Name: wagtail_localize_translationsource wagtail_localize_tra_specific_content_typ_3095eb76_fk_django_co; Type: FK CONSTRAINT; Schema: public; Owner: wagtailvillage
--

ALTER TABLE ONLY public.wagtail_localize_translationsource
    ADD CONSTRAINT wagtail_localize_tra_specific_content_typ_3095eb76_fk_django_co FOREIGN KEY (specific_content_type_id) REFERENCES public.django_content_type(id) DEFERRABLE INITIALLY DEFERRED;


--
-- Name: wagtail_localize_translation wagtail_localize_tra_target_locale_id_8c524f73_fk_wagtailco; Type: FK CONSTRAINT; Schema: public; Owner: wagtailvillage
--

ALTER TABLE ONLY public.wagtail_localize_translation
    ADD CONSTRAINT wagtail_localize_tra_target_locale_id_8c524f73_fk_wagtailco FOREIGN KEY (target_locale_id) REFERENCES public.wagtailcore_locale(id) DEFERRABLE INITIALLY DEFERRED;


--
-- Name: sites_faciles_analyticssettings sites_faciles_anal_site_id_eb939419_fk_wagtailco; Type: FK CONSTRAINT; Schema: public; Owner: wagtailvillage
--

ALTER TABLE ONLY public.sites_faciles_analyticssettings
    ADD CONSTRAINT sites_faciles_anal_site_id_eb939419_fk_wagtailco FOREIGN KEY (site_id) REFERENCES public.wagtailcore_site(id) DEFERRABLE INITIALLY DEFERRED;


--
-- Name: sites_faciles_contentpage sites_faciles_cont_header_image_id_4be41c0d_fk_wagtailim; Type: FK CONSTRAINT; Schema: public; Owner: wagtailvillage
--

ALTER TABLE ONLY public.sites_faciles_contentpage
    ADD CONSTRAINT sites_faciles_cont_header_image_id_4be41c0d_fk_wagtailim FOREIGN KEY (header_image_id) REFERENCES public.wagtailimages_image(id) DEFERRABLE INITIALLY DEFERRED;


--
-- Name: sites_faciles_contentpage sites_faciles_cont_page_ptr_id_61446681_fk_wagtailco; Type: FK CONSTRAINT; Schema: public; Owner: wagtailvillage
--

ALTER TABLE ONLY public.sites_faciles_contentpage
    ADD CONSTRAINT sites_faciles_cont_page_ptr_id_61446681_fk_wagtailco FOREIGN KEY (page_ptr_id) REFERENCES public.wagtailcore_page(id) DEFERRABLE INITIALLY DEFERRED;


--
-- Name: sites_faciles_formfield sites_faciles_form_page_id_33973208_fk_wagtail_v; Type: FK CONSTRAINT; Schema: public; Owner: wagtailvillage
--

ALTER TABLE ONLY public.sites_faciles_formfield
    ADD CONSTRAINT sites_faciles_form_page_id_33973208_fk_wagtail_v FOREIGN KEY (page_id) REFERENCES public.sites_faciles_formpage(page_ptr_id) DEFERRABLE INITIALLY DEFERRED;


--
-- Name: sites_faciles_formpage sites_faciles_form_page_ptr_id_e4f1bc4a_fk_wagtailco; Type: FK CONSTRAINT; Schema: public; Owner: wagtailvillage
--

ALTER TABLE ONLY public.sites_faciles_formpage
    ADD CONSTRAINT sites_faciles_form_page_ptr_id_e4f1bc4a_fk_wagtailco FOREIGN KEY (page_ptr_id) REFERENCES public.wagtailcore_page(id) DEFERRABLE INITIALLY DEFERRED;


--
-- Name: sites_faciles_megamenucategory sites_faciles_mega_category_id_1b2175d5_fk_wagtailme; Type: FK CONSTRAINT; Schema: public; Owner: wagtailvillage
--

ALTER TABLE ONLY public.sites_faciles_megamenucategory
    ADD CONSTRAINT sites_faciles_mega_category_id_1b2175d5_fk_wagtailme FOREIGN KEY (category_id) REFERENCES public.wagtailmenus_flatmenu(id) DEFERRABLE INITIALLY DEFERRED;


--
-- Name: sites_faciles_megamenucategory sites_faciles_mega_mega_menu_id_9de99254_fk_wagtail_v; Type: FK CONSTRAINT; Schema: public; Owner: wagtailvillage
--

ALTER TABLE ONLY public.sites_faciles_megamenucategory
    ADD CONSTRAINT sites_faciles_mega_mega_menu_id_9de99254_fk_wagtail_v FOREIGN KEY (mega_menu_id) REFERENCES public.sites_faciles_megamenu(id) DEFERRABLE INITIALLY DEFERRED;


--
-- Name: sites_faciles_megamenu sites_faciles_mega_parent_menu_item_id_d360fa35_fk_wagtailme; Type: FK CONSTRAINT; Schema: public; Owner: wagtailvillage
--

ALTER TABLE ONLY public.sites_faciles_megamenu
    ADD CONSTRAINT sites_faciles_mega_parent_menu_item_id_d360fa35_fk_wagtailme FOREIGN KEY (parent_menu_item_id) REFERENCES public.wagtailmenus_mainmenuitem(id) DEFERRABLE INITIALLY DEFERRED;


--
-- Name: sites_faciles_socialmediaitem sites_faciles_soci_site_config_id_4070b2ab_fk_wagtail_v; Type: FK CONSTRAINT; Schema: public; Owner: wagtailvillage
--

ALTER TABLE ONLY public.sites_faciles_socialmediaitem
    ADD CONSTRAINT sites_faciles_soci_site_config_id_4070b2ab_fk_wagtail_v FOREIGN KEY (site_config_id) REFERENCES public.sites_faciles_wagtailvillageconfig(djangovillageconfig_ptr_id) DEFERRABLE INITIALLY DEFERRED;


--
-- Name: sites_faciles_tagcontentpage sites_faciles_tagc_content_object_id_183d45a2_fk_wagtail_v; Type: FK CONSTRAINT; Schema: public; Owner: wagtailvillage
--

ALTER TABLE ONLY public.sites_faciles_tagcontentpage
    ADD CONSTRAINT sites_faciles_tagc_content_object_id_183d45a2_fk_wagtail_v FOREIGN KEY (content_object_id) REFERENCES public.sites_faciles_contentpage(page_ptr_id) DEFERRABLE INITIALLY DEFERRED;


--
-- Name: sites_faciles_tagcontentpage sites_faciles_tagcontentpage_tag_id_ceef12ca_fk_taggit_tag_id; Type: FK CONSTRAINT; Schema: public; Owner: wagtailvillage
--

ALTER TABLE ONLY public.sites_faciles_tagcontentpage
    ADD CONSTRAINT sites_faciles_tagcontentpage_tag_id_ceef12ca_fk_taggit_tag_id FOREIGN KEY (tag_id) REFERENCES public.taggit_tag(id) DEFERRABLE INITIALLY DEFERRED;


--
-- Name: sites_faciles_wagtailvillageconfig sites_faciles_wagt_djangovillageconfig__e8e600ae_fk_django_vi; Type: FK CONSTRAINT; Schema: public; Owner: wagtailvillage
--

ALTER TABLE ONLY public.sites_faciles_wagtailvillageconfig
    ADD CONSTRAINT sites_faciles_wagt_djangovillageconfig__e8e600ae_fk_django_vi FOREIGN KEY (djangovillageconfig_ptr_id) REFERENCES public.django_village_djangovillageconfig(id) DEFERRABLE INITIALLY DEFERRED;


--
-- Name: sites_faciles_wagtailvillageconfig sites_faciles_wagt_site_id_e8aff941_fk_wagtailco; Type: FK CONSTRAINT; Schema: public; Owner: wagtailvillage
--

ALTER TABLE ONLY public.sites_faciles_wagtailvillageconfig
    ADD CONSTRAINT sites_faciles_wagt_site_id_e8aff941_fk_wagtailco FOREIGN KEY (site_id) REFERENCES public.wagtailcore_site(id) DEFERRABLE INITIALLY DEFERRED;


--
-- Name: wagtailcore_collectionviewrestriction wagtailcore_collecti_collection_id_761908ec_fk_wagtailco; Type: FK CONSTRAINT; Schema: public; Owner: wagtailvillage
--

ALTER TABLE ONLY public.wagtailcore_collectionviewrestriction
    ADD CONSTRAINT wagtailcore_collecti_collection_id_761908ec_fk_wagtailco FOREIGN KEY (collection_id) REFERENCES public.wagtailcore_collection(id) DEFERRABLE INITIALLY DEFERRED;


--
-- Name: wagtailcore_collectionviewrestriction_groups wagtailcore_collecti_collectionviewrestri_47320efd_fk_wagtailco; Type: FK CONSTRAINT; Schema: public; Owner: wagtailvillage
--

ALTER TABLE ONLY public.wagtailcore_collectionviewrestriction_groups
    ADD CONSTRAINT wagtailcore_collecti_collectionviewrestri_47320efd_fk_wagtailco FOREIGN KEY (collectionviewrestriction_id) REFERENCES public.wagtailcore_collectionviewrestriction(id) DEFERRABLE INITIALLY DEFERRED;


--
-- Name: wagtailcore_collectionviewrestriction_groups wagtailcore_collecti_group_id_1823f2a3_fk_auth_grou; Type: FK CONSTRAINT; Schema: public; Owner: wagtailvillage
--

ALTER TABLE ONLY public.wagtailcore_collectionviewrestriction_groups
    ADD CONSTRAINT wagtailcore_collecti_group_id_1823f2a3_fk_auth_grou FOREIGN KEY (group_id) REFERENCES public.auth_group(id) DEFERRABLE INITIALLY DEFERRED;


--
-- Name: wagtailcore_comment wagtailcore_comment_page_id_108444b5_fk_wagtailcore_page_id; Type: FK CONSTRAINT; Schema: public; Owner: wagtailvillage
--

ALTER TABLE ONLY public.wagtailcore_comment
    ADD CONSTRAINT wagtailcore_comment_page_id_108444b5_fk_wagtailcore_page_id FOREIGN KEY (page_id) REFERENCES public.wagtailcore_page(id) DEFERRABLE INITIALLY DEFERRED;


--
-- Name: wagtailcore_comment wagtailcore_comment_resolved_by_id_a282aa0e_fk_auth_user_id; Type: FK CONSTRAINT; Schema: public; Owner: wagtailvillage
--

ALTER TABLE ONLY public.wagtailcore_comment
    ADD CONSTRAINT wagtailcore_comment_resolved_by_id_a282aa0e_fk_auth_user_id FOREIGN KEY (resolved_by_id) REFERENCES public.auth_user(id) DEFERRABLE INITIALLY DEFERRED;


--
-- Name: wagtailcore_comment wagtailcore_comment_revision_created_id_1d058279_fk_wagtailco; Type: FK CONSTRAINT; Schema: public; Owner: wagtailvillage
--

ALTER TABLE ONLY public.wagtailcore_comment
    ADD CONSTRAINT wagtailcore_comment_revision_created_id_1d058279_fk_wagtailco FOREIGN KEY (revision_created_id) REFERENCES public.wagtailcore_revision(id) DEFERRABLE INITIALLY DEFERRED;


--
-- Name: wagtailcore_comment wagtailcore_comment_user_id_0c577ca6_fk_auth_user_id; Type: FK CONSTRAINT; Schema: public; Owner: wagtailvillage
--

ALTER TABLE ONLY public.wagtailcore_comment
    ADD CONSTRAINT wagtailcore_comment_user_id_0c577ca6_fk_auth_user_id FOREIGN KEY (user_id) REFERENCES public.auth_user(id) DEFERRABLE INITIALLY DEFERRED;


--
-- Name: wagtailcore_commentreply wagtailcore_commentr_comment_id_afc7e027_fk_wagtailco; Type: FK CONSTRAINT; Schema: public; Owner: wagtailvillage
--

ALTER TABLE ONLY public.wagtailcore_commentreply
    ADD CONSTRAINT wagtailcore_commentr_comment_id_afc7e027_fk_wagtailco FOREIGN KEY (comment_id) REFERENCES public.wagtailcore_comment(id) DEFERRABLE INITIALLY DEFERRED;


--
-- Name: wagtailcore_commentreply wagtailcore_commentreply_user_id_d0b3b9c3_fk_auth_user_id; Type: FK CONSTRAINT; Schema: public; Owner: wagtailvillage
--

ALTER TABLE ONLY public.wagtailcore_commentreply
    ADD CONSTRAINT wagtailcore_commentreply_user_id_d0b3b9c3_fk_auth_user_id FOREIGN KEY (user_id) REFERENCES public.auth_user(id) DEFERRABLE INITIALLY DEFERRED;


--
-- Name: wagtailcore_groupapprovaltask_groups wagtailcore_groupapp_group_id_2e64b61f_fk_auth_grou; Type: FK CONSTRAINT; Schema: public; Owner: wagtailvillage
--

ALTER TABLE ONLY public.wagtailcore_groupapprovaltask_groups
    ADD CONSTRAINT wagtailcore_groupapp_group_id_2e64b61f_fk_auth_grou FOREIGN KEY (group_id) REFERENCES public.auth_group(id) DEFERRABLE INITIALLY DEFERRED;


--
-- Name: wagtailcore_groupapprovaltask_groups wagtailcore_groupapp_groupapprovaltask_id_9a9255ea_fk_wagtailco; Type: FK CONSTRAINT; Schema: public; Owner: wagtailvillage
--

ALTER TABLE ONLY public.wagtailcore_groupapprovaltask_groups
    ADD CONSTRAINT wagtailcore_groupapp_groupapprovaltask_id_9a9255ea_fk_wagtailco FOREIGN KEY (groupapprovaltask_id) REFERENCES public.wagtailcore_groupapprovaltask(task_ptr_id) DEFERRABLE INITIALLY DEFERRED;


--
-- Name: wagtailcore_groupapprovaltask wagtailcore_groupapp_task_ptr_id_cfe58781_fk_wagtailco; Type: FK CONSTRAINT; Schema: public; Owner: wagtailvillage
--

ALTER TABLE ONLY public.wagtailcore_groupapprovaltask
    ADD CONSTRAINT wagtailcore_groupapp_task_ptr_id_cfe58781_fk_wagtailco FOREIGN KEY (task_ptr_id) REFERENCES public.wagtailcore_task(id) DEFERRABLE INITIALLY DEFERRED;


--
-- Name: wagtailcore_groupcollectionpermission wagtailcore_groupcol_collection_id_5423575a_fk_wagtailco; Type: FK CONSTRAINT; Schema: public; Owner: wagtailvillage
--

ALTER TABLE ONLY public.wagtailcore_groupcollectionpermission
    ADD CONSTRAINT wagtailcore_groupcol_collection_id_5423575a_fk_wagtailco FOREIGN KEY (collection_id) REFERENCES public.wagtailcore_collection(id) DEFERRABLE INITIALLY DEFERRED;


--
-- Name: wagtailcore_groupcollectionpermission wagtailcore_groupcol_group_id_05d61460_fk_auth_grou; Type: FK CONSTRAINT; Schema: public; Owner: wagtailvillage
--

ALTER TABLE ONLY public.wagtailcore_groupcollectionpermission
    ADD CONSTRAINT wagtailcore_groupcol_group_id_05d61460_fk_auth_grou FOREIGN KEY (group_id) REFERENCES public.auth_group(id) DEFERRABLE INITIALLY DEFERRED;


--
-- Name: wagtailcore_groupcollectionpermission wagtailcore_groupcol_permission_id_1b626275_fk_auth_perm; Type: FK CONSTRAINT; Schema: public; Owner: wagtailvillage
--

ALTER TABLE ONLY public.wagtailcore_groupcollectionpermission
    ADD CONSTRAINT wagtailcore_groupcol_permission_id_1b626275_fk_auth_perm FOREIGN KEY (permission_id) REFERENCES public.auth_permission(id) DEFERRABLE INITIALLY DEFERRED;


--
-- Name: wagtailcore_grouppagepermission wagtailcore_grouppag_group_id_fc07e671_fk_auth_grou; Type: FK CONSTRAINT; Schema: public; Owner: wagtailvillage
--

ALTER TABLE ONLY public.wagtailcore_grouppagepermission
    ADD CONSTRAINT wagtailcore_grouppag_group_id_fc07e671_fk_auth_grou FOREIGN KEY (group_id) REFERENCES public.auth_group(id) DEFERRABLE INITIALLY DEFERRED;


--
-- Name: wagtailcore_grouppagepermission wagtailcore_grouppag_page_id_710b114a_fk_wagtailco; Type: FK CONSTRAINT; Schema: public; Owner: wagtailvillage
--

ALTER TABLE ONLY public.wagtailcore_grouppagepermission
    ADD CONSTRAINT wagtailcore_grouppag_page_id_710b114a_fk_wagtailco FOREIGN KEY (page_id) REFERENCES public.wagtailcore_page(id) DEFERRABLE INITIALLY DEFERRED;


--
-- Name: wagtailcore_grouppagepermission wagtailcore_grouppag_permission_id_05acb22e_fk_auth_perm; Type: FK CONSTRAINT; Schema: public; Owner: wagtailvillage
--

ALTER TABLE ONLY public.wagtailcore_grouppagepermission
    ADD CONSTRAINT wagtailcore_grouppag_permission_id_05acb22e_fk_auth_perm FOREIGN KEY (permission_id) REFERENCES public.auth_permission(id) DEFERRABLE INITIALLY DEFERRED;


--
-- Name: wagtailcore_modellogentry wagtailcore_modellog_content_type_id_68849e77_fk_django_co; Type: FK CONSTRAINT; Schema: public; Owner: wagtailvillage
--

ALTER TABLE ONLY public.wagtailcore_modellogentry
    ADD CONSTRAINT wagtailcore_modellog_content_type_id_68849e77_fk_django_co FOREIGN KEY (content_type_id) REFERENCES public.django_content_type(id) DEFERRABLE INITIALLY DEFERRED;


--
-- Name: wagtailcore_page wagtailcore_page_alias_of_id_12945502_fk_wagtailcore_page_id; Type: FK CONSTRAINT; Schema: public; Owner: wagtailvillage
--

ALTER TABLE ONLY public.wagtailcore_page
    ADD CONSTRAINT wagtailcore_page_alias_of_id_12945502_fk_wagtailcore_page_id FOREIGN KEY (alias_of_id) REFERENCES public.wagtailcore_page(id) DEFERRABLE INITIALLY DEFERRED;


--
-- Name: wagtailcore_page wagtailcore_page_content_type_id_c28424df_fk_django_co; Type: FK CONSTRAINT; Schema: public; Owner: wagtailvillage
--

ALTER TABLE ONLY public.wagtailcore_page
    ADD CONSTRAINT wagtailcore_page_content_type_id_c28424df_fk_django_co FOREIGN KEY (content_type_id) REFERENCES public.django_content_type(id) DEFERRABLE INITIALLY DEFERRED;


--
-- Name: wagtailcore_page wagtailcore_page_latest_revision_id_e60fef51_fk_wagtailco; Type: FK CONSTRAINT; Schema: public; Owner: wagtailvillage
--

ALTER TABLE ONLY public.wagtailcore_page
    ADD CONSTRAINT wagtailcore_page_latest_revision_id_e60fef51_fk_wagtailco FOREIGN KEY (latest_revision_id) REFERENCES public.wagtailcore_revision(id) DEFERRABLE INITIALLY DEFERRED;


--
-- Name: wagtailcore_page wagtailcore_page_live_revision_id_930bd822_fk_wagtailco; Type: FK CONSTRAINT; Schema: public; Owner: wagtailvillage
--

ALTER TABLE ONLY public.wagtailcore_page
    ADD CONSTRAINT wagtailcore_page_live_revision_id_930bd822_fk_wagtailco FOREIGN KEY (live_revision_id) REFERENCES public.wagtailcore_revision(id) DEFERRABLE INITIALLY DEFERRED;


--
-- Name: wagtailcore_page wagtailcore_page_locale_id_3c7e30a6_fk_wagtailcore_locale_id; Type: FK CONSTRAINT; Schema: public; Owner: wagtailvillage
--

ALTER TABLE ONLY public.wagtailcore_page
    ADD CONSTRAINT wagtailcore_page_locale_id_3c7e30a6_fk_wagtailcore_locale_id FOREIGN KEY (locale_id) REFERENCES public.wagtailcore_locale(id) DEFERRABLE INITIALLY DEFERRED;


--
-- Name: wagtailcore_page wagtailcore_page_locked_by_id_bcb86245_fk_auth_user_id; Type: FK CONSTRAINT; Schema: public; Owner: wagtailvillage
--

ALTER TABLE ONLY public.wagtailcore_page
    ADD CONSTRAINT wagtailcore_page_locked_by_id_bcb86245_fk_auth_user_id FOREIGN KEY (locked_by_id) REFERENCES public.auth_user(id) DEFERRABLE INITIALLY DEFERRED;


--
-- Name: wagtailcore_page wagtailcore_page_owner_id_fbf7c332_fk_auth_user_id; Type: FK CONSTRAINT; Schema: public; Owner: wagtailvillage
--

ALTER TABLE ONLY public.wagtailcore_page
    ADD CONSTRAINT wagtailcore_page_owner_id_fbf7c332_fk_auth_user_id FOREIGN KEY (owner_id) REFERENCES public.auth_user(id) DEFERRABLE INITIALLY DEFERRED;


--
-- Name: wagtailcore_pagelogentry wagtailcore_pageloge_content_type_id_74e7708a_fk_django_co; Type: FK CONSTRAINT; Schema: public; Owner: wagtailvillage
--

ALTER TABLE ONLY public.wagtailcore_pagelogentry
    ADD CONSTRAINT wagtailcore_pageloge_content_type_id_74e7708a_fk_django_co FOREIGN KEY (content_type_id) REFERENCES public.django_content_type(id) DEFERRABLE INITIALLY DEFERRED;


--
-- Name: wagtailcore_revision wagtailcore_pagerevision_user_id_2409d2f4_fk_auth_user_id; Type: FK CONSTRAINT; Schema: public; Owner: wagtailvillage
--

ALTER TABLE ONLY public.wagtailcore_revision
    ADD CONSTRAINT wagtailcore_pagerevision_user_id_2409d2f4_fk_auth_user_id FOREIGN KEY (user_id) REFERENCES public.auth_user(id) DEFERRABLE INITIALLY DEFERRED;


--
-- Name: wagtailcore_pagesubscription wagtailcore_pagesubs_page_id_a085e7a6_fk_wagtailco; Type: FK CONSTRAINT; Schema: public; Owner: wagtailvillage
--

ALTER TABLE ONLY public.wagtailcore_pagesubscription
    ADD CONSTRAINT wagtailcore_pagesubs_page_id_a085e7a6_fk_wagtailco FOREIGN KEY (page_id) REFERENCES public.wagtailcore_page(id) DEFERRABLE INITIALLY DEFERRED;


--
-- Name: wagtailcore_pagesubscription wagtailcore_pagesubscription_user_id_89d7def9_fk_auth_user_id; Type: FK CONSTRAINT; Schema: public; Owner: wagtailvillage
--

ALTER TABLE ONLY public.wagtailcore_pagesubscription
    ADD CONSTRAINT wagtailcore_pagesubscription_user_id_89d7def9_fk_auth_user_id FOREIGN KEY (user_id) REFERENCES public.auth_user(id) DEFERRABLE INITIALLY DEFERRED;


--
-- Name: wagtailcore_pageviewrestriction_groups wagtailcore_pageview_group_id_6460f223_fk_auth_grou; Type: FK CONSTRAINT; Schema: public; Owner: wagtailvillage
--

ALTER TABLE ONLY public.wagtailcore_pageviewrestriction_groups
    ADD CONSTRAINT wagtailcore_pageview_group_id_6460f223_fk_auth_grou FOREIGN KEY (group_id) REFERENCES public.auth_group(id) DEFERRABLE INITIALLY DEFERRED;


--
-- Name: wagtailcore_pageviewrestriction wagtailcore_pageview_page_id_15a8bea6_fk_wagtailco; Type: FK CONSTRAINT; Schema: public; Owner: wagtailvillage
--

ALTER TABLE ONLY public.wagtailcore_pageviewrestriction
    ADD CONSTRAINT wagtailcore_pageview_page_id_15a8bea6_fk_wagtailco FOREIGN KEY (page_id) REFERENCES public.wagtailcore_page(id) DEFERRABLE INITIALLY DEFERRED;


--
-- Name: wagtailcore_pageviewrestriction_groups wagtailcore_pageview_pageviewrestriction__f147a99a_fk_wagtailco; Type: FK CONSTRAINT; Schema: public; Owner: wagtailvillage
--

ALTER TABLE ONLY public.wagtailcore_pageviewrestriction_groups
    ADD CONSTRAINT wagtailcore_pageview_pageviewrestriction__f147a99a_fk_wagtailco FOREIGN KEY (pageviewrestriction_id) REFERENCES public.wagtailcore_pageviewrestriction(id) DEFERRABLE INITIALLY DEFERRED;


--
-- Name: wagtailcore_referenceindex wagtailcore_referenc_base_content_type_id_313cf40f_fk_django_co; Type: FK CONSTRAINT; Schema: public; Owner: wagtailvillage
--

ALTER TABLE ONLY public.wagtailcore_referenceindex
    ADD CONSTRAINT wagtailcore_referenc_base_content_type_id_313cf40f_fk_django_co FOREIGN KEY (base_content_type_id) REFERENCES public.django_content_type(id) DEFERRABLE INITIALLY DEFERRED;


--
-- Name: wagtailcore_referenceindex wagtailcore_referenc_content_type_id_766e0336_fk_django_co; Type: FK CONSTRAINT; Schema: public; Owner: wagtailvillage
--

ALTER TABLE ONLY public.wagtailcore_referenceindex
    ADD CONSTRAINT wagtailcore_referenc_content_type_id_766e0336_fk_django_co FOREIGN KEY (content_type_id) REFERENCES public.django_content_type(id) DEFERRABLE INITIALLY DEFERRED;


--
-- Name: wagtailcore_referenceindex wagtailcore_referenc_to_content_type_id_93690bbd_fk_django_co; Type: FK CONSTRAINT; Schema: public; Owner: wagtailvillage
--

ALTER TABLE ONLY public.wagtailcore_referenceindex
    ADD CONSTRAINT wagtailcore_referenc_to_content_type_id_93690bbd_fk_django_co FOREIGN KEY (to_content_type_id) REFERENCES public.django_content_type(id) DEFERRABLE INITIALLY DEFERRED;


--
-- Name: wagtailcore_revision wagtailcore_revision_base_content_type_id_5b4ef7bd_fk_django_co; Type: FK CONSTRAINT; Schema: public; Owner: wagtailvillage
--

ALTER TABLE ONLY public.wagtailcore_revision
    ADD CONSTRAINT wagtailcore_revision_base_content_type_id_5b4ef7bd_fk_django_co FOREIGN KEY (base_content_type_id) REFERENCES public.django_content_type(id) DEFERRABLE INITIALLY DEFERRED;


--
-- Name: wagtailcore_revision wagtailcore_revision_content_type_id_c8cb69c0_fk_django_co; Type: FK CONSTRAINT; Schema: public; Owner: wagtailvillage
--

ALTER TABLE ONLY public.wagtailcore_revision
    ADD CONSTRAINT wagtailcore_revision_content_type_id_c8cb69c0_fk_django_co FOREIGN KEY (content_type_id) REFERENCES public.django_content_type(id) DEFERRABLE INITIALLY DEFERRED;


--
-- Name: wagtailcore_site wagtailcore_site_root_page_id_e02fb95c_fk_wagtailcore_page_id; Type: FK CONSTRAINT; Schema: public; Owner: wagtailvillage
--

ALTER TABLE ONLY public.wagtailcore_site
    ADD CONSTRAINT wagtailcore_site_root_page_id_e02fb95c_fk_wagtailcore_page_id FOREIGN KEY (root_page_id) REFERENCES public.wagtailcore_page(id) DEFERRABLE INITIALLY DEFERRED;


--
-- Name: wagtailcore_task wagtailcore_task_content_type_id_249ab8ba_fk_django_co; Type: FK CONSTRAINT; Schema: public; Owner: wagtailvillage
--

ALTER TABLE ONLY public.wagtailcore_task
    ADD CONSTRAINT wagtailcore_task_content_type_id_249ab8ba_fk_django_co FOREIGN KEY (content_type_id) REFERENCES public.django_content_type(id) DEFERRABLE INITIALLY DEFERRED;


--
-- Name: wagtailcore_taskstate wagtailcore_taskstat_content_type_id_0a758fdc_fk_django_co; Type: FK CONSTRAINT; Schema: public; Owner: wagtailvillage
--

ALTER TABLE ONLY public.wagtailcore_taskstate
    ADD CONSTRAINT wagtailcore_taskstat_content_type_id_0a758fdc_fk_django_co FOREIGN KEY (content_type_id) REFERENCES public.django_content_type(id) DEFERRABLE INITIALLY DEFERRED;


--
-- Name: wagtailcore_taskstate wagtailcore_taskstat_revision_id_df25a499_fk_wagtailco; Type: FK CONSTRAINT; Schema: public; Owner: wagtailvillage
--

ALTER TABLE ONLY public.wagtailcore_taskstate
    ADD CONSTRAINT wagtailcore_taskstat_revision_id_df25a499_fk_wagtailco FOREIGN KEY (revision_id) REFERENCES public.wagtailcore_revision(id) DEFERRABLE INITIALLY DEFERRED;


--
-- Name: wagtailcore_taskstate wagtailcore_taskstat_workflow_state_id_9239a775_fk_wagtailco; Type: FK CONSTRAINT; Schema: public; Owner: wagtailvillage
--

ALTER TABLE ONLY public.wagtailcore_taskstate
    ADD CONSTRAINT wagtailcore_taskstat_workflow_state_id_9239a775_fk_wagtailco FOREIGN KEY (workflow_state_id) REFERENCES public.wagtailcore_workflowstate(id) DEFERRABLE INITIALLY DEFERRED;


--
-- Name: wagtailcore_taskstate wagtailcore_taskstate_finished_by_id_13f98229_fk_auth_user_id; Type: FK CONSTRAINT; Schema: public; Owner: wagtailvillage
--

ALTER TABLE ONLY public.wagtailcore_taskstate
    ADD CONSTRAINT wagtailcore_taskstate_finished_by_id_13f98229_fk_auth_user_id FOREIGN KEY (finished_by_id) REFERENCES public.auth_user(id) DEFERRABLE INITIALLY DEFERRED;


--
-- Name: wagtailcore_taskstate wagtailcore_taskstate_task_id_c3677c34_fk_wagtailcore_task_id; Type: FK CONSTRAINT; Schema: public; Owner: wagtailvillage
--

ALTER TABLE ONLY public.wagtailcore_taskstate
    ADD CONSTRAINT wagtailcore_taskstate_task_id_c3677c34_fk_wagtailcore_task_id FOREIGN KEY (task_id) REFERENCES public.wagtailcore_task(id) DEFERRABLE INITIALLY DEFERRED;


--
-- Name: wagtailcore_uploadedfile wagtailcore_uploaded_for_content_type_id_b0fc87b2_fk_django_co; Type: FK CONSTRAINT; Schema: public; Owner: wagtailvillage
--

ALTER TABLE ONLY public.wagtailcore_uploadedfile
    ADD CONSTRAINT wagtailcore_uploaded_for_content_type_id_b0fc87b2_fk_django_co FOREIGN KEY (for_content_type_id) REFERENCES public.django_content_type(id) DEFERRABLE INITIALLY DEFERRED;


--
-- Name: wagtailcore_uploadedfile wagtailcore_uploaded_uploaded_by_user_id_c7580fe8_fk_auth_user; Type: FK CONSTRAINT; Schema: public; Owner: wagtailvillage
--

ALTER TABLE ONLY public.wagtailcore_uploadedfile
    ADD CONSTRAINT wagtailcore_uploaded_uploaded_by_user_id_c7580fe8_fk_auth_user FOREIGN KEY (uploaded_by_user_id) REFERENCES public.auth_user(id) DEFERRABLE INITIALLY DEFERRED;


--
-- Name: wagtailcore_workflowstate wagtailcore_workflow_base_content_type_id_a30dc576_fk_django_co; Type: FK CONSTRAINT; Schema: public; Owner: wagtailvillage
--

ALTER TABLE ONLY public.wagtailcore_workflowstate
    ADD CONSTRAINT wagtailcore_workflow_base_content_type_id_a30dc576_fk_django_co FOREIGN KEY (base_content_type_id) REFERENCES public.django_content_type(id) DEFERRABLE INITIALLY DEFERRED;


--
-- Name: wagtailcore_workflowstate wagtailcore_workflow_content_type_id_2bb78ce1_fk_django_co; Type: FK CONSTRAINT; Schema: public; Owner: wagtailvillage
--

ALTER TABLE ONLY public.wagtailcore_workflowstate
    ADD CONSTRAINT wagtailcore_workflow_content_type_id_2bb78ce1_fk_django_co FOREIGN KEY (content_type_id) REFERENCES public.django_content_type(id) DEFERRABLE INITIALLY DEFERRED;


--
-- Name: wagtailcore_workflowcontenttype wagtailcore_workflow_content_type_id_b261bb37_fk_django_co; Type: FK CONSTRAINT; Schema: public; Owner: wagtailvillage
--

ALTER TABLE ONLY public.wagtailcore_workflowcontenttype
    ADD CONSTRAINT wagtailcore_workflow_content_type_id_b261bb37_fk_django_co FOREIGN KEY (content_type_id) REFERENCES public.django_content_type(id) DEFERRABLE INITIALLY DEFERRED;


--
-- Name: wagtailcore_workflowstate wagtailcore_workflow_current_task_state_i_3a1a0632_fk_wagtailco; Type: FK CONSTRAINT; Schema: public; Owner: wagtailvillage
--

ALTER TABLE ONLY public.wagtailcore_workflowstate
    ADD CONSTRAINT wagtailcore_workflow_current_task_state_i_3a1a0632_fk_wagtailco FOREIGN KEY (current_task_state_id) REFERENCES public.wagtailcore_taskstate(id) DEFERRABLE INITIALLY DEFERRED;


--
-- Name: wagtailcore_workflowpage wagtailcore_workflow_page_id_81e7bab6_fk_wagtailco; Type: FK CONSTRAINT; Schema: public; Owner: wagtailvillage
--

ALTER TABLE ONLY public.wagtailcore_workflowpage
    ADD CONSTRAINT wagtailcore_workflow_page_id_81e7bab6_fk_wagtailco FOREIGN KEY (page_id) REFERENCES public.wagtailcore_page(id) DEFERRABLE INITIALLY DEFERRED;


--
-- Name: wagtailcore_workflowstate wagtailcore_workflow_requested_by_id_4090bca3_fk_auth_user; Type: FK CONSTRAINT; Schema: public; Owner: wagtailvillage
--

ALTER TABLE ONLY public.wagtailcore_workflowstate
    ADD CONSTRAINT wagtailcore_workflow_requested_by_id_4090bca3_fk_auth_user FOREIGN KEY (requested_by_id) REFERENCES public.auth_user(id) DEFERRABLE INITIALLY DEFERRED;


--
-- Name: wagtailcore_workflowtask wagtailcore_workflow_task_id_ce7716fe_fk_wagtailco; Type: FK CONSTRAINT; Schema: public; Owner: wagtailvillage
--

ALTER TABLE ONLY public.wagtailcore_workflowtask
    ADD CONSTRAINT wagtailcore_workflow_task_id_ce7716fe_fk_wagtailco FOREIGN KEY (task_id) REFERENCES public.wagtailcore_task(id) DEFERRABLE INITIALLY DEFERRED;


--
-- Name: wagtailcore_workflowstate wagtailcore_workflow_workflow_id_1f18378f_fk_wagtailco; Type: FK CONSTRAINT; Schema: public; Owner: wagtailvillage
--

ALTER TABLE ONLY public.wagtailcore_workflowstate
    ADD CONSTRAINT wagtailcore_workflow_workflow_id_1f18378f_fk_wagtailco FOREIGN KEY (workflow_id) REFERENCES public.wagtailcore_workflow(id) DEFERRABLE INITIALLY DEFERRED;


--
-- Name: wagtailcore_workflowpage wagtailcore_workflow_workflow_id_56f56ff6_fk_wagtailco; Type: FK CONSTRAINT; Schema: public; Owner: wagtailvillage
--

ALTER TABLE ONLY public.wagtailcore_workflowpage
    ADD CONSTRAINT wagtailcore_workflow_workflow_id_56f56ff6_fk_wagtailco FOREIGN KEY (workflow_id) REFERENCES public.wagtailcore_workflow(id) DEFERRABLE INITIALLY DEFERRED;


--
-- Name: wagtailcore_workflowcontenttype wagtailcore_workflow_workflow_id_9aad7cd2_fk_wagtailco; Type: FK CONSTRAINT; Schema: public; Owner: wagtailvillage
--

ALTER TABLE ONLY public.wagtailcore_workflowcontenttype
    ADD CONSTRAINT wagtailcore_workflow_workflow_id_9aad7cd2_fk_wagtailco FOREIGN KEY (workflow_id) REFERENCES public.wagtailcore_workflow(id) DEFERRABLE INITIALLY DEFERRED;


--
-- Name: wagtailcore_workflowtask wagtailcore_workflow_workflow_id_b9717175_fk_wagtailco; Type: FK CONSTRAINT; Schema: public; Owner: wagtailvillage
--

ALTER TABLE ONLY public.wagtailcore_workflowtask
    ADD CONSTRAINT wagtailcore_workflow_workflow_id_b9717175_fk_wagtailco FOREIGN KEY (workflow_id) REFERENCES public.wagtailcore_workflow(id) DEFERRABLE INITIALLY DEFERRED;


--
-- Name: wagtaildocs_document wagtaildocs_document_collection_id_23881625_fk_wagtailco; Type: FK CONSTRAINT; Schema: public; Owner: wagtailvillage
--

ALTER TABLE ONLY public.wagtaildocs_document
    ADD CONSTRAINT wagtaildocs_document_collection_id_23881625_fk_wagtailco FOREIGN KEY (collection_id) REFERENCES public.wagtailcore_collection(id) DEFERRABLE INITIALLY DEFERRED;


--
-- Name: wagtaildocs_document wagtaildocs_document_uploaded_by_user_id_17258b41_fk_auth_user; Type: FK CONSTRAINT; Schema: public; Owner: wagtailvillage
--

ALTER TABLE ONLY public.wagtaildocs_document
    ADD CONSTRAINT wagtaildocs_document_uploaded_by_user_id_17258b41_fk_auth_user FOREIGN KEY (uploaded_by_user_id) REFERENCES public.auth_user(id) DEFERRABLE INITIALLY DEFERRED;


--
-- Name: wagtailforms_formsubmission wagtailforms_formsub_page_id_e48e93e7_fk_wagtailco; Type: FK CONSTRAINT; Schema: public; Owner: wagtailvillage
--

ALTER TABLE ONLY public.wagtailforms_formsubmission
    ADD CONSTRAINT wagtailforms_formsub_page_id_e48e93e7_fk_wagtailco FOREIGN KEY (page_id) REFERENCES public.wagtailcore_page(id) DEFERRABLE INITIALLY DEFERRED;


--
-- Name: wagtailimages_image wagtailimages_image_collection_id_c2f8af7e_fk_wagtailco; Type: FK CONSTRAINT; Schema: public; Owner: wagtailvillage
--

ALTER TABLE ONLY public.wagtailimages_image
    ADD CONSTRAINT wagtailimages_image_collection_id_c2f8af7e_fk_wagtailco FOREIGN KEY (collection_id) REFERENCES public.wagtailcore_collection(id) DEFERRABLE INITIALLY DEFERRED;


--
-- Name: wagtailimages_image wagtailimages_image_uploaded_by_user_id_5d73dc75_fk_auth_user; Type: FK CONSTRAINT; Schema: public; Owner: wagtailvillage
--

ALTER TABLE ONLY public.wagtailimages_image
    ADD CONSTRAINT wagtailimages_image_uploaded_by_user_id_5d73dc75_fk_auth_user FOREIGN KEY (uploaded_by_user_id) REFERENCES public.auth_user(id) DEFERRABLE INITIALLY DEFERRED;


--
-- Name: wagtailimages_rendition wagtailimages_rendit_image_id_3e1fd774_fk_wagtailim; Type: FK CONSTRAINT; Schema: public; Owner: wagtailvillage
--

ALTER TABLE ONLY public.wagtailimages_rendition
    ADD CONSTRAINT wagtailimages_rendit_image_id_3e1fd774_fk_wagtailim FOREIGN KEY (image_id) REFERENCES public.wagtailimages_image(id) DEFERRABLE INITIALLY DEFERRED;


--
-- Name: wagtailmenus_flatmenuitem wagtailmenus_flatmen_link_page_id_36779c0f_fk_wagtailco; Type: FK CONSTRAINT; Schema: public; Owner: wagtailvillage
--

ALTER TABLE ONLY public.wagtailmenus_flatmenuitem
    ADD CONSTRAINT wagtailmenus_flatmen_link_page_id_36779c0f_fk_wagtailco FOREIGN KEY (link_page_id) REFERENCES public.wagtailcore_page(id) DEFERRABLE INITIALLY DEFERRED;


--
-- Name: wagtailmenus_flatmenuitem wagtailmenus_flatmen_menu_id_757c39da_fk_wagtailme; Type: FK CONSTRAINT; Schema: public; Owner: wagtailvillage
--

ALTER TABLE ONLY public.wagtailmenus_flatmenuitem
    ADD CONSTRAINT wagtailmenus_flatmen_menu_id_757c39da_fk_wagtailme FOREIGN KEY (menu_id) REFERENCES public.wagtailmenus_flatmenu(id) DEFERRABLE INITIALLY DEFERRED;


--
-- Name: wagtailmenus_flatmenu wagtailmenus_flatmenu_site_id_516a598d_fk_wagtailcore_site_id; Type: FK CONSTRAINT; Schema: public; Owner: wagtailvillage
--

ALTER TABLE ONLY public.wagtailmenus_flatmenu
    ADD CONSTRAINT wagtailmenus_flatmenu_site_id_516a598d_fk_wagtailcore_site_id FOREIGN KEY (site_id) REFERENCES public.wagtailcore_site(id) DEFERRABLE INITIALLY DEFERRED;


--
-- Name: wagtailmenus_mainmenuitem wagtailmenus_mainmen_link_page_id_208a4a4d_fk_wagtailco; Type: FK CONSTRAINT; Schema: public; Owner: wagtailvillage
--

ALTER TABLE ONLY public.wagtailmenus_mainmenuitem
    ADD CONSTRAINT wagtailmenus_mainmen_link_page_id_208a4a4d_fk_wagtailco FOREIGN KEY (link_page_id) REFERENCES public.wagtailcore_page(id) DEFERRABLE INITIALLY DEFERRED;


--
-- Name: wagtailmenus_mainmenuitem wagtailmenus_mainmen_menu_id_6505d4c4_fk_wagtailme; Type: FK CONSTRAINT; Schema: public; Owner: wagtailvillage
--

ALTER TABLE ONLY public.wagtailmenus_mainmenuitem
    ADD CONSTRAINT wagtailmenus_mainmen_menu_id_6505d4c4_fk_wagtailme FOREIGN KEY (menu_id) REFERENCES public.wagtailmenus_mainmenu(id) DEFERRABLE INITIALLY DEFERRED;


--
-- Name: wagtailmenus_mainmenu wagtailmenus_mainmenu_site_id_84b0fde4_fk_wagtailcore_site_id; Type: FK CONSTRAINT; Schema: public; Owner: wagtailvillage
--

ALTER TABLE ONLY public.wagtailmenus_mainmenu
    ADD CONSTRAINT wagtailmenus_mainmenu_site_id_84b0fde4_fk_wagtailcore_site_id FOREIGN KEY (site_id) REFERENCES public.wagtailcore_site(id) DEFERRABLE INITIALLY DEFERRED;


--
-- Name: wagtailredirects_redirect wagtailredirects_red_redirect_page_id_b5728a8f_fk_wagtailco; Type: FK CONSTRAINT; Schema: public; Owner: wagtailvillage
--

ALTER TABLE ONLY public.wagtailredirects_redirect
    ADD CONSTRAINT wagtailredirects_red_redirect_page_id_b5728a8f_fk_wagtailco FOREIGN KEY (redirect_page_id) REFERENCES public.wagtailcore_page(id) DEFERRABLE INITIALLY DEFERRED;


--
-- Name: wagtailredirects_redirect wagtailredirects_red_site_id_780a0e1e_fk_wagtailco; Type: FK CONSTRAINT; Schema: public; Owner: wagtailvillage
--

ALTER TABLE ONLY public.wagtailredirects_redirect
    ADD CONSTRAINT wagtailredirects_red_site_id_780a0e1e_fk_wagtailco FOREIGN KEY (site_id) REFERENCES public.wagtailcore_site(id) DEFERRABLE INITIALLY DEFERRED;


--
-- Name: wagtailsearch_indexentry wagtailsearch_indexe_content_type_id_62ed694f_fk_django_co; Type: FK CONSTRAINT; Schema: public; Owner: wagtailvillage
--

ALTER TABLE ONLY public.wagtailsearch_indexentry
    ADD CONSTRAINT wagtailsearch_indexe_content_type_id_62ed694f_fk_django_co FOREIGN KEY (content_type_id) REFERENCES public.django_content_type(id) DEFERRABLE INITIALLY DEFERRED;


--
-- Name: wagtailusers_userprofile wagtailusers_userprofile_user_id_59c92331_fk_auth_user_id; Type: FK CONSTRAINT; Schema: public; Owner: wagtailvillage
--

ALTER TABLE ONLY public.wagtailusers_userprofile
    ADD CONSTRAINT wagtailusers_userprofile_user_id_59c92331_fk_auth_user_id FOREIGN KEY (user_id) REFERENCES public.auth_user(id) DEFERRABLE INITIALLY DEFERRED;


--
-- PostgreSQL database dump complete
--

